date,t,price,load_kw,pv_kw,g0,g_final,up,down,c_plan,d_plan,c_exec,d_exec,h_real,w_real,soc_start,soc_end
2025-02-01,0,0.4248,2532.1822,0.0,1424.7483926879704,1424.7483926879704,0.0,0.0,833.3333333333334,0.0,833.3333333333333,0.0,0.0,169.38469268797053,6000.0,6750.0
2025-02-01,1,0.4245,2492.4439,0.0,1418.7915211630866,1418.7915211630866,0.0,0.0,833.3333333333335,0.0,833.3333333333333,0.0,0.0,170.05087116308664,6750.0,7500.0
2025-02-01,2,0.4269,2464.3,0.0,517.7939170490872,517.7939170490872,0.0,0.0,3.410605131648481e-13,0.0,3.410605131648481e-13,0.0,0.0,107.07725038242017,7500.0,7500.0
2025-02-01,3,0.4272,2581.7688,0.0,553.3662064190758,553.3662064190758,0.0,0.0,4.547473508864641e-13,0.0,4.547473508864641e-13,0.0,0.0,123.07140641907534,7500.0,7500.0
2025-02-01,4,0.4271,2546.4635,0.0,565.5409708168951,565.5409708168951,0.0,0.0,0.0,0.0,0.0,0.0,0.0,141.13038748356178,7500.0,7500.0
2025-02-01,5,0.4285,2436.31,0.0,541.8779780806618,541.8779780806618,0.0,0.0,0.0,0.0,0.0,0.0,0.0,135.82631141399514,7500.0,7500.0
2025-02-01,6,0.4311,2620.5011,0.0,569.2204650462036,569.2204650462036,0.0,0.0,0.0,0.0,0.0,0.0,0.0,132.47028171287025,7500.0,7500.0
2025-02-01,7,0.4302,2710.7861,0.0,567.543982958715,567.543982958715,0.0,0.0,0.0,0.0,0.0,0.0,0.0,115.74629962538171,7500.0,7500.0
2025-02-01,8,0.4279,2676.48,0.0,1441.1614338756658,1441.1614338756658,0.0,0.0,833.3333333333334,0.0,833.3333333333333,0.0,0.0,161.74810054233262,7500.0,8250.0
2025-02-01,9,0.4312,2830.598,0.0,1442.340146678719,1442.340146678719,0.0,0.0,833.3333333333334,0.0,833.3333333333333,0.0,0.0,137.24048001205256,8250.0,9000.0
2025-02-01,10,0.4333,2688.1558,0.0,577.804614825241,577.804614825241,0.0,0.0,0.0,0.0,0.0,0.0,0.0,129.7786481585743,9000.0,9000.0
2025-02-01,11,0.4311,2384.42,0.0,578.7896941292926,578.7896941292926,0.0,0.0,0.0,0.0,0.0,0.0,0.0,181.3863607959592,9000.0,9000.0
2025-02-01,12,0.4293,2604.5438,0.0,591.4229525738388,591.4229525738388,0.0,0.0,0.0,0.0,0.0,0.0,0.0,157.33231924050546,9000.0,9000.0
2025-02-01,13,0.4324,2943.3655,0.0,612.7040904665054,612.7040904665054,0.0,0.0,0.0,0.0,0.0,0.0,0.0,122.14317379983873,9000.0,9000.0
2025-02-01,14,0.4367,3019.32,0.0,609.3878807072791,609.3878807072791,0.0,0.0,0.0,0.0,0.0,0.0,0.0,106.1678807072791,9000.0,9000.0
2025-02-01,15,0.4348,2844.4369,0.0,603.2568546051343,603.2568546051343,0.0,0.0,0.0,0.0,0.0,0.0,0.0,129.1840379384676,9000.0,9000.0
2025-02-01,16,0.4335,2768.3064,0.0,624.7047289639553,624.7047289639553,0.0,0.0,0.0,0.0,0.0,0.0,0.0,163.32032896395532,9000.0,9000.0
2025-02-01,17,0.4357,2861.65,0.0,614.6826159301155,614.6826159301155,0.0,0.0,0.0,0.0,0.0,0.0,0.0,137.74094926344884,9000.0,9000.0
2025-02-01,18,0.4374,2900.3973,0.0,631.1852112304481,631.1852112304481,0.0,0.0,0.0,0.0,0.0,0.0,0.0,147.78566123044806,9000.0,9000.0
2025-02-01,19,0.4371,2919.6115,0.0,624.847577454991,624.847577454991,0.0,0.0,0.0,0.0,0.0,0.0,0.0,138.2456607883243,9000.0,9000.0
2025-02-01,20,0.4356,2993.09,0.0,595.439938009894,595.439938009894,0.0,0.0,0.0,0.0,0.0,0.0,0.0,96.59160467656068,9000.0,9000.0
2025-02-01,21,0.4353,3109.8584,0.0,577.6143253190169,577.6143253190169,0.0,0.0,0.0,0.0,0.0,0.0,0.0,59.30459198568349,9000.0,9000.0
2025-02-01,22,0.436,3054.8008,0.0,575.3527835452335,575.3527835452335,0.0,0.0,0.0,0.0,0.0,0.0,0.0,66.21931687856681,9000.0,9000.0
2025-02-01,23,0.4378,2901.7,0.0,598.1499235434867,598.1499235434867,0.0,0.0,0.0,0.0,0.0,0.0,0.0,114.53325687682008,9000.0,9000.0
2025-02-01,24,0.4401,2947.1208,0.0,616.2231920799686,616.2231920799686,0.0,0.0,0.0,0.0,0.0,0.0,0.0,125.0363920799686,9000.0,9000.0
2025-02-01,25,0.4389,3027.8717,0.0,638.6252044878848,638.6252044878848,0.0,0.0,0.0,0.0,0.0,0.0,0.0,133.9799211545515,9000.0,9000.0
2025-02-01,26,0.4364,3033.47,0.0,630.6340686086808,630.6340686086808,0.0,0.0,0.0,0.0,0.0,0.0,0.0,125.05573527534744,9000.0,9000.0
2025-02-01,27,0.4393,3019.3858,0.0,619.7366236943648,619.7366236943648,0.0,0.0,0.0,0.0,0.0,0.0,0.0,116.50565702769808,9000.0,9000.0
2025-02-01,28,0.4422,3017.0819,0.0014,621.6859962914464,621.6859962914464,0.0,0.0,0.0,0.0,0.0,0.0,0.0,118.83924629144633,9000.0,9000.0
2025-02-01,29,0.4395,2997.85,0.0,614.3011904064093,614.3011904064093,0.0,0.0,0.0,0.0,0.0,0.0,0.0,114.65952373974267,9000.0,9000.0
2025-02-01,30,0.4333,2932.7015,0.0,967.6675315111054,967.6675315111054,0.0,0.0,333.3333333333322,0.0,333.3333333333322,0.0,0.0,145.55061484443985,9000.0,9299.999999999998
2025-02-01,31,0.4439,2991.1125,0.0199,628.432932675032,628.432932675032,0.0,0.0,0.0,0.0,0.0,0.0,0.0,129.91749934169871,9299.999999999998,9299.999999999998
2025-02-01,32,0.4301,3175.34,0.0,1498.3869121906578,1498.3869121906578,0.0,0.0,833.3333333333334,0.0,833.3333333333333,0.0,0.0,135.83024552399115,9299.999999999998,10049.999999999998
2025-02-01,33,0.3713,3284.4619,0.0,1505.1936429954346,1505.1936429954346,0.0,0.0,833.3333333333334,0.0,833.3333333333333,0.0,0.0,124.44999299543474,10049.999999999998,10799.999999999998
2025-02-01,34,0.5708,3187.3644,0.2774,669.0163044843771,669.0163044843771,0.0,0.0,0.0,0.0,0.0,0.0,0.0,137.83513781771046,10799.999999999998,10799.999999999998
2025-02-01,35,0.9099,3065.9,0.0,0.0,0.0,0.0,0.0,0.0,713.9582396384234,0.0,510.98333333333335,0.0,0.0,10799.999999999998,10232.240740740739
2025-02-01,36,0.9368,3211.1231,0.0,0.0,0.0,0.0,0.0,0.0,735.7615947882792,0.0,535.1871833333333,0.0,0.0,10232.240740740739,9637.588314814813
2025-02-01,37,0.8758,3203.9961,3.8641,0.0,0.0,0.0,0.0,0.0,729.1305260471536,0.0,533.3553333333333,0.0,0.0,9637.588314814813,9044.971277777777
2025-02-01,38,0.8759,3027.12,0.0,0.0,0.0,0.0,0.0,0.0,724.1592829818919,0.0,504.52,0.0,0.0,9044.971277777777,8484.393499999998
2025-02-01,39,0.8601,3117.3221,0.0,0.0,0.0,0.0,0.0,0.0,706.5689355217013,0.0,519.5536833333333,0.0,0.0,8484.393499999998,7907.111629629628
2025-02-01,40,0.8442,3398.49,89.6095,728.8470356001781,728.8470356001781,0.0,0.0,0.0,0.7015124999998079,0.0,0.0,0.0,177.3669522668448,7907.111629629628,7907.111629629628
2025-02-01,41,0.8334,3652.75,340.5,725.0569081432122,725.0569081432122,0.0,0.0,0.0,0.960330555555629,0.0,0.0,0.0,173.0152414765456,7907.111629629628,7907.111629629628
2025-02-01,42,0.8092,3703.2843,615.936,643.8109395482849,643.2543242705073,0.0,0.5566152777776097,0.0,0.0,0.0,0.0,0.0,128.6962742705074,7907.111629629628,7907.111629629628
2025-02-01,43,0.7972,3572.3788,884.9275,622.6290550568349,622.6290550568349,0.0,0.0,0.0,0.0,0.0,0.0,0.0,174.7205050568349,7907.111629629628,7907.111629629628
2025-02-01,44,0.7644,3477.22,1140.675,645.3899271484262,645.3899271484262,0.0,0.0,0.0,0.0,0.0,0.0,0.0,255.9657604817595,7907.111629629628,7907.111629629628
2025-02-01,45,0.6899,3654.0022,1388.0797,564.3113433522967,564.3113433522967,0.0,0.0,0.0,0.0,0.0,0.0,0.0,186.65759335229677,7907.111629629628,7907.111629629628
2025-02-01,46,0.86,3841.4201,1674.452,209.77534315515874,209.77534315515874,0.0,0.0,0.0,298.03309969897435,0.0,151.38600684484123,0.0,0.0,7907.111629629628,7738.904955357582
2025-02-01,47,1.1617,3803.65,2004.1125,0.0,0.0,0.0,0.0,0.0,767.1880886381699,0.0,299.9229166666667,0.0,0.0,7738.904955357582,7405.657270172397
2025-02-01,48,1.1683,3545.4639,2332.1065,0.0,0.0,0.0,0.0,0.0,715.2409590636008,0.0,202.22623333333337,0.0,0.0,7405.657270172397,7180.961455357582
2025-02-01,49,1.0956,3411.349,2632.5934,0.0,0.0,0.0,0.0,0.0,649.2712492915422,0.0,129.7926,0.0,0.0,7180.961455357582,7036.747455357582
2025-02-01,50,1.0849,3445.37,2927.6625,0.0,0.0,0.0,0.0,0.0,614.3722343694875,0.0,86.28458333333339,0.0,0.0,7036.747455357582,6940.875696098323
2025-02-01,51,1.061,3467.1139,3251.299,0.0,0.0,0.0,0.0,0.0,544.2528393185335,0.0,35.96915000000001,0.0,0.0,6940.875696098323,6900.909973876101
2025-02-01,52,1.043,3894.4802,3519.7566,0.0,0.0,0.0,0.0,0.0,465.29618091483934,0.0,62.453933333333225,0.0,0.0,6900.909973876101,6831.516714616841
2025-02-01,53,1.036,4422.76,3731.7,0.0,0.0,0.0,0.0,0.0,428.50019206088956,0.0,115.17666666666673,0.0,0.0,6831.516714616841,6703.542640542767
2025-02-01,54,1.0147,4267.5205,3992.5758,0.0,0.0,0.0,0.0,0.0,340.3378099176918,0.0,45.824116666666555,0.0,0.0,6703.542640542767,6652.626955357582
2025-02-01,55,0.9922,4190.1702,4378.3332,0.0,0.0,0.0,0.0,0.0,214.38105553212782,0.0,0.0,0.0,31.360500000000116,6652.626955357582,6652.626955357582
2025-02-01,56,0.97,4418.32,4788.525,0.0,0.0,0.0,0.0,0.0,114.92008063907308,0.0,0.0,0.0,61.70083333333332,6652.626955357582,6652.626955357582
2025-02-01,57,0.9422,4399.2754,5029.9241,0.0,0.0,0.0,0.0,0.0,53.48989661441556,0.0,0.0,0.0,105.10811666666666,6652.626955357582,6652.626955357582
2025-02-01,58,0.9569,4182.7342,5203.9177,0.0,0.0,0.0,0.0,0.0,26.450798212736117,0.0,0.0,0.0,170.19725000000005,6652.626955357582,6652.626955357582
2025-02-01,59,0.9977,4071.53,5364.1125,0.0,0.0,0.0,0.0,0.0,0.0,0.0,0.0,0.0,215.4304166666667,6652.626955357582,6652.626955357582
2025-02-01,60,0.9919,4268.5932,5471.099,0.0,0.0,0.0,0.0,0.0,0.0,0.0,0.0,0.0,200.41763333333324,6652.626955357582,6652.626955357582
2025-02-01,61,0.9588,4240.2423,5601.7634,0.0,0.0,0.0,0.0,0.0,0.0,0.0,0.0,0.0,226.92018333333328,6652.626955357582,6652.626955357582
2025-02-01,62,0.9549,4001.96,5755.3125,0.0,0.0,0.0,0.0,0.0,0.0,0.0,0.0,0.0,292.22541666666666,6652.626955357582,6652.626955357582
2025-02-01,63,0.9839,4072.3226,5878.849,0.0,0.0,0.0,0.0,33.542620407878225,0.0,33.542620407878225,0.0,0.0,267.54511292545516,6652.626955357582,6682.815313724673
2025-02-01,64,0.799,4068.783,6128.0874,0.0,0.0,0.0,0.0,78.19294821293094,0.0,78.19294821293094,0.0,0.0,265.02445178706915,6682.815313724673,6753.188967116311
2025-02-01,65,0.5025,3917.55,6361.65,735.7712110821176,735.7712110821176,0.0,0.0,791.0490277777776,0.0,791.0490277777776,0.0,0.0,352.0721833043399,6753.188967116311,7465.133092116311
2025-02-01,66,0.4662,3946.1661,6277.0669,787.5208612356785,787.5208612356785,0.0,0.0,798.021273611111,0.0,798.021273611111,0.0,0.0,377.983054291234,7465.133092116311,8183.352238366311
2025-02-01,67,0.5007,3936.6103,6308.0507,799.7319116182587,799.7319116182587,0.0,0.0,822.4209875000003,0.0,822.4209875000003,0.0,0.0,372.5509907849249,8183.352238366311,8923.531127116312
2025-02-01,68,0.4827,3927.21,6594.375,765.0687681373347,751.5814000817791,0.0,13.487368055555635,833.3333333333334,0.0,833.3333333333333,0.0,0.0,362.77556674844595,8923.531127116312,9673.531127116312
2025-02-01,69,0.4785,4153.2513,6817.8939,751.6884469756628,713.8013650312184,0.0,37.88708194444439,833.3333333333334,0.0,833.3333333333333,0.0,0.0,324.5751316978851,9673.531127116312,10423.531127116312
2025-02-01,70,0.4662,4080.8969,6770.5009,730.8178309551836,668.5310351218503,0.0,62.28679583333326,833.3333333333334,0.0,418.2987476485424,0.0,0.0,698.499620806641,10423.531127116312,10800.0
2025-02-01,71,0.4432,3840.2,6603.9375,731.864112906618,645.1776031843954,0.0,86.68650972222258,833.3333333333334,0.0,0.0,0.0,0.0,1105.800519851062,10800.0,10800.0
2025-02-01,72,0.4411,4061.0483,6632.8992,784.8190391575054,0.0,0.0,784.8190391575054,0.0,277.3116911478108,0.0,0.0,0.0,428.6418166666666,10800.0,10800.0
2025-02-01,73,0.4551,3978.5628,6536.8864,764.6710560566579,0.0,0.0,764.6710560566579,0.0,0.0,0.0,0.0,0.0,426.38726666666673,10800.0,10800.0
2025-02-01,74,0.4463,3564.13,6314.475,691.931400558842,0.0,0.0,691.931400558842,143.42025916338036,0.0,0.0,0.0,0.0,458.3908333333335,10800.0,10800.0
2025-02-01,75,0.4113,3606.685,6312.5866,708.1266142283384,0.0,0.0,708.1266142283384,128.61009018019024,0.0,0.0,0.0,0.0,450.9835999999999,10800.0,10800.0
2025-02-01,76,0.5682,3800.0122,6353.9385,763.5526022341699,0.0,0.0,763.5526022341699,56.770318599163716,0.0,0.0,0.0,0.0,425.65438333333327,10800.0,10800.0
2025-02-01,77,0.8279,3832.09,6313.35,0.0,0.0,0.0,0.0,0.0,6.844314658891108,0.0,0.0,0.0,413.5433333333334,10800.0,10800.0
2025-02-01,78,0.8636,3716.2454,6246.1375,0.0,0.0,0.0,0.0,0.0,24.27765899514452,0.0,0.0,0.0,421.6486833333332,10800.0,10800.0
2025-02-01,79,0.8416,3639.0264,6175.373,0.0,0.0,0.0,0.0,22.963163075378514,0.0,0.0,0.0,0.0,422.7244333333333,10800.0,10800.0
2025-02-01,80,0.8618,3642.08,6103.6875,0.0,0.0,0.0,0.0,29.018471206387858,0.0,0.0,0.0,0.0,410.2679166666667,10800.0,10800.0
2025-02-01,81,0.8623,3637.91,5992.7643,66.3010108973881,0.0,0.0,66.3010108973881,0.0,0.0,0.0,0.0,0.0,392.4757166666667,10800.0,10800.0
2025-02-01,82,0.9026,3749.5633,5691.8061,119.22261575475538,0.0,0.0,119.22261575475538,0.0,0.0,0.0,0.0,0.0,323.70713333333333,10800.0,10800.0
2025-02-01,83,0.9754,3849.87,5251.125,0.0,0.0,0.0,0.0,0.0,0.0,0.0,0.0,0.0,233.54250000000002,10800.0,10800.0
2025-02-01,84,1.0002,3676.3403,4893.7405,0.0,0.0,0.0,0.0,0.0,143.1702839312882,0.0,0.0,0.0,202.90003333333334,10800.0,10800.0
2025-02-01,85,0.9978,3619.6065,4617.2194,0.0,0.0,0.0,0.0,0.0,73.62758468926707,0.0,0.0,0.0,166.26881666666668,10800.0,10800.0
2025-02-01,86,1.0271,3664.87,4364.4,0.0,0.0,0.0,0.0,0.0,197.63736654215032,0.0,0.0,0.0,116.58833333333337,10800.0,10800.0
2025-02-01,87,1.0906,3429.7385,4104.4044,0.0,0.0,0.0,0.0,0.0,292.7093543896035,0.0,0.0,0.0,112.44431666666674,10800.0,10800.0
2025-02-01,88,0.9376,3327.5652,3890.1686,63.26096189183403,0.0,0.0,63.26096189183403,0.0,183.08745255569966,0.0,0.0,0.0,93.76723333333337,10800.0,10800.0
2025-02-01,89,0.6694,3473.54,3688.35,1293.2799789067944,612.1289799660655,0.0,681.150998940729,265.7185705037154,0.0,0.0,0.0,0.0,647.9306466327322,10800.0,10800.0
2025-02-01,90,0.66,3562.932,3392.3571,1383.9024741144308,1260.320458836653,0.0,123.58201527777783,833.3333333333334,0.0,0.0,0.0,0.0,1231.891308836653,10800.0,10800.0
2025-02-01,91,0.7217,3620.2202,3032.6158,427.675952461155,320.6211427722512,0.0,107.05480968890384,0.0,0.0,0.0,0.0,0.0,222.68707610558454,10800.0,10800.0
2025-02-01,92,0.7308,3651.93,2703.825,455.6670312836422,323.45903936808054,0.0,132.20799191556165,0.0,3.979039320256561e-13,0.0,0.0,0.0,165.4415393680806,10800.0,10800.0
2025-02-01,93,0.7534,3580.7319,2481.7698,496.8555574178402,496.8555574178402,0.0,0.0,0.0,0.0,0.0,0.0,0.0,313.69520741784015,10800.0,10800.0
2025-02-01,94,0.7823,3420.6657,2255.8374,563.8205704888965,422.7903454888963,0.0,141.03022500000014,0.0,0.0,0.0,0.0,0.0,228.65229548889624,10800.0,10800.0
2025-02-01,95,0.8055,3292.5,1973.5875,616.2421025564838,476.5085942231504,0.0,139.73350833333342,0.0,0.0,0.0,0.0,0.0,256.68984422315043,10800.0,10800.0
2025-02-01,96,0.8271,3324.4944,1687.0443,640.0666829943392,501.1972552165615,0.0,138.86942777777773,0.0,0.0,0.0,0.0,0.0,228.2889052165615,10800.0,10800.0
2025-02-01,97,0.8519,3354.2164,1442.6491,700.5902242714513,682.0811738849388,0.0,18.509050386512513,0.0,0.0,0.0,0.0,0.0,363.4866238849388,10800.0,10800.0
2025-02-01,98,0.8791,3378.64,1214.175,734.9881001677244,734.9881001677244,0.0,0.0,0.0,0.0,0.0,0.0,0.0,374.24393350105765,10800.0,10800.0
2025-02-01,99,0.9024,3481.7178,933.1142,749.1749636627022,749.1749636627022,0.0,0.0,0.0,0.0,0.0,0.0,0.0,324.4076969960356,10800.0,10800.0
2025-02-01,100,0.9163,3196.9081,640.2688,722.5124251517678,687.7275501517679,0.0,34.78487499999994,0.0,0.0,0.0,0.0,0.0,261.6210001517678,10800.0,10800.0
2025-02-01,101,0.9264,2680.68,358.2375,737.4228769017195,737.4228769017195,0.0,0.0,0.0,0.0,0.0,0.0,0.0,350.3491269017195,10800.0,10800.0
2025-02-01,102,0.9462,2601.2611,95.3846,743.0926036576019,724.7479494909352,0.0,18.344654166666714,0.0,0.0,0.0,0.0,0.0,307.1018661576018,10800.0,10800.0
2025-02-01,103,0.9742,2638.6848,0.0,736.0217195820996,728.1618820820995,0.0,7.85983750000014,0.0,0.0,0.0,0.0,0.0,288.3810820820995,10800.0,10800.0
2025-02-01,104,0.9862,2616.82,0.0,731.7368757346186,720.0630049012852,0.0,11.673870833333353,0.0,0.0,0.0,0.0,0.0,283.9263382346185,10800.0,10800.0
2025-02-01,105,0.976,2675.971,4.1367,727.1652054889349,717.7425938588598,0.0,9.422611630075153,0.0,2.1345074634086814,0.0,0.0,0.0,272.4368771921931,10800.0,10800.0
2025-02-01,106,1.0742,2639.3558,0.0,689.0867193549484,684.0836318549483,0.0,5.003087500000106,0.0,0.0,0.0,0.0,0.0,244.19099852161497,10800.0,10800.0
2025-02-01,107,1.2313,2570.82,0.0,625.522798078917,623.8551022455837,0.0,1.6676958333333687,0.0,0.0,0.0,0.0,0.0,195.38510224558365,10800.0,10800.0
2025-02-01,108,1.2561,2725.1073,0.297,0.0,0.0,0.0,0.0,0.0,578.2084911579501,0.0,454.13505,0.0,0.0,10800.0,10295.4055
2025-02-01,109,1.2447,2833.5919,0.0,613.2265848192253,613.2265848192253,0.0,0.0,0.0,0.0,0.0,0.0,0.0,140.96126815255866,10295.4055,10295.4055
2025-02-01,110,1.2545,2725.01,0.0,0.0,0.0,0.0,0.0,0.0,610.1026392264138,0.0,454.16833333333335,0.0,0.0,10295.4055,9790.77401851852
2025-02-01,111,1.2522,2510.2571,0.0213,585.655046617352,585.655046617352,0.0,0.0,0.0,37.403960795325474,0.0,0.0,0.0,167.28241328401873,9790.77401851852,9790.77401851852
2025-02-01,112,1.2881,2484.4934,0.0,0.0,0.0,0.0,0.0,0.0,642.192861721761,0.0,414.0822333333333,0.0,0.0,9790.77401851852,9330.68264814815
2025-02-01,113,1.3466,2592.83,0.0,0.0,0.0,0.0,0.0,0.0,634.5288097211187,0.0,432.1383333333333,0.0,0.0,9330.68264814815,8850.528944444446
2025-02-01,114,1.3523,2544.0862,0.0015,0.0,0.0,0.0,0.0,0.0,593.0210833577936,0.0,424.0141166666667,0.0,0.0,8850.528944444446,8379.40214814815
2025-02-01,115,1.3445,2654.4748,0.0,0.0,0.0,0.0,0.0,0.0,585.2694338957859,0.0,442.41246666666666,0.0,0.0,8379.40214814815,7887.832740740743
2025-02-01,116,1.3483,2902.48,0.0,0.0,0.0,0.0,0.0,0.0,588.262250435744,0.0,483.74666666666667,0.0,0.0,7887.832740740743,7350.336444444447
2025-02-01,117,1.349,2887.1068,0.0,0.0,0.0,0.0,0.0,0.0,619.579506577992,0.0,481.18446666666665,0.0,0.0,7350.336444444447,6815.68703703704
2025-02-01,118,1.3473,2668.5956,0.0,0.0,0.0,0.0,0.0,0.0,626.0542982566285,0.0,444.76593333333335,0.0,0.0,6815.68703703704,6321.502666666669
2025-02-01,119,1.3482,2508.57,0.0,0.0,0.0,0.0,0.0,0.0,608.9406188829943,0.0,418.095,0.0,0.0,6321.502666666669,5856.952666666669
2025-02-01,120,1.3513,2620.4431,0.0,0.0,0.0,0.0,0.0,0.0,627.9300423631936,0.0,436.7405166666667,0.0,0.0,5856.952666666669,5371.685425925928
2025-02-01,121,1.34,2716.1871,0.0,0.0,0.0,0.0,0.0,0.0,623.0492587903005,0.0,452.69785,0.0,0.0,5371.685425925928,4868.687814814817
2025-02-01,122,1.3489,2699.81,0.0,0.0,0.0,0.0,0.0,0.0,647.1981840099817,0.0,449.9683333333333,0.0,0.0,4868.687814814817,4368.723000000003
2025-02-01,123,1.3952,2730.4002,0.0,0.0,0.0,0.0,0.0,0.0,618.2585608070164,0.0,455.0667,0.0,0.0,4368.723000000003,3863.093333333336
2025-02-01,124,1.2226,2724.0742,0.0,623.9316660536668,623.9316660536668,0.0,0.0,0.0,0.0,0.0,0.0,0.0,169.9192993870002,3863.093333333336,3863.093333333336
2025-02-01,125,0.9332,2756.43,0.0,632.094968549286,632.094968549286,0.0,0.0,0.0,0.0,0.0,0.0,0.0,172.68996854928605,3863.093333333336,3863.093333333336
2025-02-01,126,0.9068,2984.5246,0.0,611.4862302149257,611.4862302149257,0.0,0.0,0.0,0.0,0.0,0.0,0.0,114.06546354825906,3863.093333333336,3863.093333333336
2025-02-01,127,0.9371,3019.6988,0.0,615.7163960360873,615.7163960360873,0.0,0.0,0.0,0.0,0.0,0.0,0.0,112.43326270275395,3863.093333333336,3863.093333333336
2025-02-01,128,0.9371,2865.34,0.0,601.992336335148,601.992336335148,0.0,0.0,0.0,0.0,0.0,0.0,0.0,124.43566966848135,3863.093333333336,3863.093333333336
2025-02-01,129,0.9871,2874.8157,0.0,599.384917261102,599.384917261102,0.0,0.0,0.0,0.0,0.0,0.0,0.0,120.248967261102,3863.093333333336,3863.093333333336
2025-02-01,130,0.7764,2701.2246,0.0,587.6754324558129,587.6754324558129,0.0,0.0,0.0,0.0,0.0,0.0,0.0,137.47133245581296,3863.093333333336,3863.093333333336
2025-02-01,131,0.4209,2352.51,0.0,522.5351697113789,522.5351697113789,0.0,0.0,0.0,0.0,0.0,0.0,0.0,130.45016971137886,3863.093333333336,3863.093333333336
2025-02-01,132,0.3859,2230.6189,0.0,507.1592946850348,507.1592946850348,0.0,0.0,0.0,0.0,0.0,0.0,0.0,135.38947801836815,3863.093333333336,3863.093333333336
2025-02-01,133,0.4368,2181.4693,0.0,505.40407820049677,505.40407820049677,0.0,0.0,0.0,0.0,0.0,0.0,0.0,141.82586153383005,3863.093333333336,3863.093333333336
2025-02-01,134,0.4198,2154.94,0.0,519.217294308817,519.217294308817,0.0,0.0,0.0,0.0,0.0,0.0,0.0,160.06062764215034,3863.093333333336,3863.093333333336
2025-02-01,135,0.4186,2292.3043,0.0,512.2119733379124,512.2119733379124,0.0,0.0,0.0,0.0,0.0,0.0,0.0,130.16125667124572,3863.093333333336,3863.093333333336
2025-02-01,136,0.4241,2503.0105,0.0,509.9062518398389,509.9062518398389,0.0,0.0,0.0,0.0,0.0,0.0,0.0,92.73783517317224,3863.093333333336,3863.093333333336
2025-02-01,137,0.4237,2590.78,0.0,515.8714446638436,515.8714446638436,0.0,0.0,0.0,0.0,0.0,0.0,0.0,84.07477799717691,3863.093333333336,3863.093333333336
2025-02-01,138,0.4248,2438.7897,0.0,533.7665682185708,533.7665682185708,0.0,0.0,0.0,0.0,0.0,0.0,0.0,127.30161821857081,3863.093333333336,3863.093333333336
2025-02-01,139,0.424,2405.7592,0.0,517.5380089675733,517.5380089675733,0.0,0.0,0.0,0.0,0.0,0.0,0.0,116.57814230090668,3863.093333333336,3863.093333333336
2025-02-01,140,0.422,2459.67,0.0,506.9253848944031,506.9253848944031,0.0,0.0,0.0,0.0,0.0,0.0,0.0,96.98038489440313,3863.093333333336,3863.093333333336
2025-02-01,141,0.424,2323.4202,0.0,524.6759782379767,524.6759782379767,0.0,0.0,0.0,0.0,0.0,0.0,0.0,137.43927823797668,3863.093333333336,3863.093333333336
2025-02-01,142,0.4271,2728.2609,0.0,526.1020786598876,526.1020786598876,0.0,0.0,0.0,0.0,0.0,0.0,0.0,71.39192865988758,3863.093333333336,3863.093333333336
2025-02-01,143,0.4276,3484.94,0.0,654.9392739793889,654.9392739793889,0.0,0.0,0.0,0.0,0.0,0.0,0.0,74.11594064605549,3863.093333333336,3863.093333333336
