date,policy,baseline_cost_yuan,adjustment_cost_yuan,emergency_cost_yuan,total_cost_yuan,emergency_kwh,emergency_intervals,end_storage_kwh,solver_time_s
2025-02-01,H24,34390.397543426356,-3486.037919545097,92.06404556517033,30996.42366944643,45.59883386090655,1,8317.78243895711,1.7022610999993049
2025-02-02,H24,63738.129897463165,674.9411109538207,3697.4646413929995,68110.53564980999,750.3050830013142,22,8750.638355390904,5.338363599998047
2025-02-03,H24,68553.61604748752,1576.6255782722676,859.097566241281,70989.33919200108,193.04790663748796,9,9405.388338351982,1.3323969999983092
2025-02-04,H24,71218.35096473884,-2321.7780427002112,3921.2796366605066,72817.85255869913,753.7720750551234,23,9706.404515734259,1.7247199999983422
2025-02-05,H24,77792.10500886291,-4848.403039779927,1951.3503941128859,74895.05236319588,365.9829274961843,16,9801.186788101835,3.3920977000016137
2025-02-06,H24,67476.36499931326,-1502.8705887811132,2112.195619993924,68085.69003052608,516.9873370554207,29,10042.602066799122,1.9770912999993016
2025-02-07,H24,30050.937014034775,-2189.361968589423,624.6525396572563,28486.22758510261,123.7481945670446,4,10800.0,6.21976000000177
2025-02-08,H24,24563.80723433839,-972.2455427186617,124.55291952727661,23716.114611147004,34.88409613669319,2,10800.0,0.9908541999993759
2025-02-09,H24,59084.87490181854,11431.785126492628,2010.9624934634628,72527.62252177463,568.550291772888,26,10800.0,1.1679759999988164
2025-02-10,H24,58968.382527768306,1072.5728889665938,1021.5339480682528,61062.48936480315,287.5925446567028,18,10800.0,1.4990312000027188
2025-02-11,H24,65340.006837043664,-1738.8639017172616,651.6888971851436,64252.83183251155,155.93549099584337,14,10800.0,0.9787185999994108
2025-02-12,H24,69604.03367496181,-5617.059636967299,1760.5781138670898,65747.5521518616,353.43956757205524,16,10800.0,2.770534299999781
2025-02-13,H24,60941.4346414894,-3396.707293076976,1338.1314623091462,58882.85881072157,261.3717499823051,19,10800.0,3.6869447999979457
2025-02-14,H24,23153.346653677647,-773.3734670254335,0.0,22379.973186652212,0.0,0,10800.0,1.477615000003425
2025-02-15,H24,21613.001983839116,981.1353462634246,67.06617346903252,22661.203503571574,29.64644619486421,3,10800.0,1.1617112000003544
2025-02-16,H24,63072.87887918716,-1238.4862375134703,11123.546402742835,72957.93904441653,2287.9222748536504,49,10800.0,2.409653499998967
2025-02-17,H24,59328.78386231794,-1996.000702695093,2555.7969300853683,59888.580089708215,567.875142948462,26,10593.19016465329,3.9494180000001506
2025-02-18,H24,47830.951307377996,7170.004083224494,9113.180413996082,64114.13580459857,2082.926440257078,56,10246.637972411625,1.2671474000017042
2025-02-19,H24,58637.97899725695,-680.8980410409453,3913.86558401137,61870.94654022738,822.6185339950089,31,10220.043860450078,2.0452189999996335
2025-02-20,H24,52094.78648829693,3664.207427588492,4206.1011424755425,59965.09505836097,891.816786691037,40,10003.99437129308,3.5912962000002153
2025-02-21,H24,25293.42321512512,-1483.2012639764903,955.0036512435264,24765.225602392155,173.44275200981377,7,10571.649341969189,4.18325879999793
2025-02-22,H24,22847.294508019713,-1230.9881680719498,2.9878724473740617,21619.29421239514,1.5999316987277439,1,10800.0,3.846707400000014
2025-02-23,H24,50529.06522920797,1985.1313570507646,9583.298919112369,62097.4955053711,2187.341664923211,54,10793.624394816306,2.9901238000002195
2025-02-24,H24,52972.40055544644,-536.976947169052,4942.495147223326,57377.91875550071,966.8717783602706,28,10800.0,1.9055478000027506
2025-02-25,H24,53892.56303797719,-1101.2109577863084,3282.044299661164,56073.39637985205,750.0043449941047,35,10672.695739223089,1.703774000001431
2025-02-26,H24,52078.24535174688,2478.659434016957,1276.1581659057288,55833.06295166956,354.06609859169885,18,10800.0,2.881876299998112
2025-02-27,H24,48376.70952517176,-274.95366107824805,3731.831644227099,51833.58750832062,771.7084334321162,31,10796.495692886901,1.324768699998458
2025-02-28,H24,21323.300072703394,-1526.7490577403269,53.361104951082964,19849.912119914152,9.798219785362278,1,10800.0,1.5040729999982432
2025-03-01,H24,21485.716756781294,-1910.9977275566023,238.90153788318383,19813.620567107875,60.3063778214659,5,10800.0,1.5755384000003687
2025-03-02,H24,56548.94504837742,690.7244929365705,4747.430203493949,61987.099744807936,879.2685167989956,25,10800.0,1.3128381999995327
2025-03-03,H24,57395.94422618054,-220.61798041637775,2601.0918808705233,59776.418126634686,538.0013215423932,26,10400.582241215054,1.393667700000151
2025-03-04,H24,52233.84947676792,-1007.5592605157333,4002.8611358882945,55229.15135214048,898.6329571020466,27,10065.69013753139,1.1323563000005379
2025-03-05,H24,53177.626328630075,-2251.2298392366156,6242.100931978558,57168.49742137202,1303.781937435033,26,10147.132944684912,1.000844900001539
2025-03-06,H24,49990.43757184908,-177.15073109374202,3496.357687766433,53309.64452852176,718.108298676721,21,10646.214577798233,1.0616347000013775
2025-03-07,H24,25277.406879188442,-3849.9514637971265,36.1749510487595,21463.630366440077,6.4650077828182475,1,10800.0,0.8775908000006893
2025-03-08,H24,19038.466291351207,-820.07673215072,7.911130627949622,18226.300689828437,4.742884069514162,1,10800.0,1.150278300001446
2025-03-09,H24,44008.53930880115,2685.8614854308335,6348.438139329575,53042.83893356156,1560.4465326868062,41,10628.320083932496,1.2508852000009938
2025-03-10,H24,49463.143422825684,2360.283337824899,2711.84409229591,54535.270852946494,677.0365266364386,31,10796.151110685836,1.6178280999993149
2025-03-11,H24,43379.23598714454,6980.470218602238,1533.9894412439041,51893.69564699068,382.278552787775,21,10800.0,1.9520587000006344
2025-03-12,H24,46025.61418844348,212.56607675127646,2549.1678999462865,48787.34816514104,700.5023509267469,33,10800.0,8.773623199998838
2025-03-13,H24,51655.13647128943,-587.40542361691,451.5011181091938,51519.23216578171,122.93551453767701,14,10800.0,2.068343700002515
2025-03-14,H24,17115.11830855928,-775.3972880399249,613.8402555037492,16953.5612760231,119.55293881319068,7,10800.0,0.902856900000188
2025-03-15,H24,19623.331496507573,-1831.8296381691705,341.6390061675843,18133.14086450599,108.80714417364206,6,10800.0,1.0843604000001505
2025-03-16,H24,46563.03775720419,-136.41210245441903,4638.971686780151,51065.59734152992,1060.7527778621525,40,10800.0,1.8006095000000641
2025-03-17,H24,45865.41213875194,-1347.8361202391015,2370.5509609791793,46888.126979492015,531.6023747200685,20,10800.0,1.5453593000020192
2025-03-18,H24,48567.12650734726,-2222.194296048134,2306.610582750577,48651.5427940497,502.4282742029286,29,10800.0,2.6187716999993427
2025-03-19,H24,40490.51046019499,4549.976133349652,1549.9801590154843,46590.466752560125,352.4677321724698,20,10800.0,5.78218249999918
2025-03-20,H24,48013.883592266,-388.03082324934473,2781.4365387300977,50407.28930774675,721.5539548580838,32,10800.0,1.1334389000003284
2025-03-21,H24,17062.313528142797,-1429.384010261278,638.2150697908363,16271.144587672356,112.6219086900756,4,10800.0,0.6502899000006437
2025-03-22,H24,15932.721646501679,-138.32893992704203,33.07160815778627,15827.464314732424,16.93654584198032,3,10800.0,1.0274187000013626
2025-03-23,H24,42423.87152633382,3001.9671053633956,3477.5889248883627,48903.42755658558,889.9607003782669,34,10800.0,2.001774199998181
2025-03-24,H24,42997.03445526144,588.2006327860679,1602.0657852194595,45187.30087326696,402.57746844366784,20,10800.0,2.1821660000005068
2025-03-25,H24,47233.9988994687,-788.79762524379,2353.608333067292,48798.809607292205,674.5557326206407,34,10800.0,1.1580653000000893
2025-03-26,H24,42545.16146833173,-510.0468395758897,677.0974421591613,42712.212070915004,199.5061981022568,14,10800.0,0.9797202999998262
2025-03-27,H24,44195.73938016848,-482.0761665152729,1518.126619100422,45231.78983275363,478.98329251964753,23,10800.0,1.2405611000012868
2025-03-28,H24,17185.994453223466,-1075.2953721782974,970.8503417070428,17081.54942275221,173.23423140397165,4,10800.0,2.7949919999991835
2025-03-29,H24,14393.391339327412,-203.13082429502475,360.56174722329354,14550.82226225568,65.66361183208144,4,10800.0,1.7781271999992896
2025-03-30,H24,41773.68794395686,18.823777678470947,1963.8822708627372,43756.393992498066,649.8348037365131,29,10800.0,1.1662951999987854
2025-03-31,H24,35495.225100935946,9420.814311224138,2497.0466263529615,47413.08603851304,671.0535470254122,24,10800.0,3.093077000003177
2025-04-01,H24,44396.282402031284,1343.1613824962149,2562.016925317533,48301.46070984503,712.529466905856,41,10800.0,1.229347600001347
2025-04-02,H24,43287.998334866024,1106.1872646058755,2004.326834943443,46398.512434415345,490.1914310467415,29,10800.0,2.5091791000031662
2025-04-03,H24,44665.29736849277,-1549.237815217864,1843.2424263975236,44959.30197967243,442.9299624964583,26,10768.373916711724,0.9496277000016562
2025-04-04,H24,16153.317305227703,-1341.9915864737704,628.7992657974282,15440.124984551361,110.60538162225686,8,10800.0,0.6734927999987121
2025-04-05,H24,14866.253853439492,-529.7484825154967,302.0634267274029,14638.568797651398,88.57138535982901,4,10800.0,1.0432232000002841
2025-04-06,H24,38691.898082970205,1592.831572189934,5393.035926635785,45677.765581795924,1408.7351406967705,48,10800.0,1.2135644000009052
2025-04-07,H24,36261.68849382798,2359.794012346563,2020.9783224962416,40642.46082867079,534.1328134462423,27,10800.0,1.3546045999992202
2025-04-08,H24,47173.30203461312,-3732.0188145812517,908.4365442417541,44349.71976427363,205.91531436588602,13,10800.0,1.0069897999983368
2025-04-09,H24,42922.575901565535,412.0159214194632,3309.6823200349445,46644.274143019946,718.396496794154,26,10800.0,1.1720537999990484
2025-04-10,H24,40828.53686430858,821.8173191572639,3049.194467452682,44699.54865091853,646.3727200928878,24,10800.0,2.11734289999913
2025-04-11,H24,14266.179099562498,-924.357161032831,2632.733980197426,15974.555918727092,492.68113656607744,15,10800.0,0.6491720000030909
2025-04-12,H24,15672.313601743692,-1245.464231747339,274.6576495209166,14701.50701951727,111.67908353072804,6,10800.0,0.7036232000009477
2025-04-13,H24,36376.399399094924,1487.697503401748,6671.083883094028,44535.180785590695,1629.0082824776696,42,10800.0,0.941435900000215
2025-04-14,H24,41737.40256390578,-2981.6724610945357,5729.429020024638,44485.15912283588,1351.3946188806856,36,10800.0,1.4010223999994196
2025-04-15,H24,36419.92222534115,1238.2841015237407,1685.9420449129507,39344.14837177785,377.6449229338632,22,10800.0,1.158367999998518
2025-04-16,H24,38977.00384847487,2693.396022580196,1453.680571864353,43124.08044291942,389.79943356604554,25,10800.0,4.329534200000126
2025-04-17,H24,35198.999603326854,3835.9879067227625,2800.350476253283,41835.3379863029,587.729617680514,27,10771.86501706706,2.8608027000009315
2025-04-18,H24,14844.708134692915,-1317.3290044639639,2018.5978680255237,15545.976998254475,366.69358366222605,6,10800.0,0.724993199999517
2025-04-19,H24,11387.218066189907,14.338829862950007,2299.1748760265655,13700.731772079424,490.0850791132619,14,10800.0,1.2408078000007663
2025-04-20,H24,33352.65123549959,3973.7268045018145,3543.3466541665416,40869.72469416794,990.695689064482,40,10800.0,1.1273803000003682
2025-04-21,H24,38136.21395120674,-1616.88516023654,3161.5687967799036,39680.8975877501,810.9596979953483,33,10745.394174056348,1.717962599999737
2025-04-22,H24,33750.1174002441,5356.9864822895115,2932.732374774822,42039.83625730843,779.574035602968,32,10800.0,2.9159601999999722
2025-04-23,H24,33907.78582022079,5327.67863786867,2194.116167444364,41429.58062553383,473.6589491599829,19,10800.0,1.2424696999987646
2025-04-24,H24,32570.45099939576,2170.2994936418436,2387.9770015667254,37128.727494604325,491.86484936766135,22,10800.0,1.2793123000010382
2025-04-25,H24,13158.365135792159,-911.2243203854777,1220.8026579871441,13467.943473393825,215.95241456276688,7,10800.0,0.7225611000030767
2025-04-26,H24,12301.534406839744,-165.38695009297447,671.6843984248816,12807.831855171651,179.70230610904827,9,10800.0,0.9672836999998253
2025-04-27,H24,28754.057956924968,7226.786927620799,10905.129461436632,46885.9743459824,2609.4731788802974,47,10800.0,1.001265600001716
2025-04-28,H24,39836.94092385691,1304.4338427810678,1757.9343243235985,42899.30909096158,387.1194322899436,17,10800.0,2.9907289000002493
2025-04-29,H24,33870.88686112643,592.2904429869052,2865.103422359643,37328.280726472985,615.4236560974648,22,10734.224377679007,1.6341912000025332
2025-04-30,H24,32572.743863501884,338.6362623811821,1646.6145427393194,34557.994668622385,457.796942710837,25,10630.697687538017,1.1311702000002697
2025-05-01,H24,36753.74812559874,628.7664704308613,8710.963752222386,46093.478348251985,1553.3517418868978,39,10085.3649271147,1.014388699999472
2025-05-02,H24,17060.79749693784,-1174.0119328513158,3663.1561055924585,19549.941669678985,712.010663445,17,10174.645386584072,0.7392196000000695
2025-05-03,H24,13095.241941459826,-26.516681778611968,3055.6913760180278,16124.416635699243,664.6889328789105,26,10075.563365635378,3.264801199999056
2025-05-04,H24,35729.239741381614,2017.5317053912,10092.154603603321,47838.92605037613,2444.5937263805777,52,9486.31861433982,1.0507790999981808
2025-05-05,H24,37730.294044455135,2646.4742702276562,6856.255420104044,47233.02373478684,1471.229805480648,36,9223.905715755172,2.461877599998843
2025-05-06,H24,34590.2253152336,3934.2452252680496,7032.285148126763,45556.755688628415,1474.2006517612183,41,8797.906694353715,1.0743138000016188
2025-05-07,H24,37260.31256226133,3671.1882377985658,5331.518549965934,46263.01935002583,1073.959960799092,28,8398.329819330473,2.0233077999982925
2025-05-08,H24,41750.91514190219,857.1898988060411,4051.37759181611,46659.48263252434,852.1757002069803,25,8683.67869430338,4.56721010000183
2025-05-09,H24,17926.24961887276,-1079.8904667087063,1004.5022019468266,17850.861354110883,195.70394799892046,7,9260.450730529386,0.746574499999042
2025-05-10,H24,14971.59518581481,1203.0762182834844,345.664119091156,16520.33552318945,114.30145691595419,6,10501.981661674037,1.436340599999312
2025-05-11,H24,38293.09331599381,2148.3428257886158,5673.523305004697,46114.95944678712,1389.413189287024,41,10360.445469039978,1.3485697000014625
2025-05-12,H24,38901.691842602595,2569.553917115525,1584.5733109521998,43055.81907067032,349.8181739445507,17,10800.0,2.0844890999978816
2025-05-13,H24,40415.30276518041,1834.1993066737462,1926.431467915032,44175.93353976919,389.4624375864479,17,10790.564588940028,1.3926437999998598
2025-05-14,H24,41150.19332405844,1044.4974573462491,1035.6792764635013,43230.37005786819,298.87285959805365,15,10800.0,0.941227200000867
2025-05-15,H24,38351.61298006311,5370.887571715943,1171.417291865733,44893.91784364479,318.1412370348912,18,10800.0,1.4953925000008894
2025-05-16,H24,16237.312899024975,-1221.6724740166114,2165.080407657917,17180.72083266628,412.37253185844105,11,10800.0,0.8351897999982612
2025-05-17,H24,14732.862349304938,-351.88554929160875,1382.129640438928,15763.106440452259,436.3992639133626,16,10800.0,0.7722728000026109
2025-05-18,H24,39547.57215214245,418.6349233942459,2753.2146001004317,42719.421675637124,919.7806568991648,34,10800.0,0.9351803999998083
2025-05-19,H24,37761.073698660504,-569.2132178661468,2952.7312766187074,40144.591757413065,561.7070096191478,17,10695.26111222594,1.9063584000014089
2025-05-20,H24,40113.42974983303,215.0124991042444,4864.168490145077,45192.61073908235,1053.2880550691275,32,10800.0,2.406648899999709
2025-05-21,H24,36034.99550061921,3751.080949934677,2205.627327659573,41991.703778213465,468.61206708911635,20,10800.0,3.367206199998691
2025-05-22,H24,37209.173373984115,-157.96051067791197,3827.842494616361,40879.05535792256,798.2037271789254,29,10800.0,1.815157500001078
2025-05-23,H24,15375.697618200822,-337.5071861069081,2036.8636233597113,17075.054055453624,360.5148911815113,12,10800.0,0.689115999999558
2025-05-24,H24,15241.513320154569,-475.94584818127316,36.25693326851279,14801.824405241809,6.755492764364931,2,10800.0,0.7326106000018626
2025-05-25,H24,34481.464574540565,5122.944017180429,5225.285381162766,44829.69397288376,1306.931512438177,40,10783.853643520879,1.4159612000003108
2025-05-26,H24,37063.14235246403,4498.71329521215,1597.9093513001917,43159.76499897637,317.57457996568564,16,10800.0,2.288114700000733
2025-05-27,H24,35540.04794915578,3375.8634000871916,1994.1677603961684,40910.07910963913,490.60546721123336,28,10762.929522114375,4.9362247999979445
2025-05-28,H24,38456.68108729322,4719.530093053634,678.435433377129,43854.64661372398,294.0211010221933,16,10800.0,1.0338745000026393
2025-05-29,H24,37687.87367107073,5484.7460505501995,3357.514039931571,46530.133761552504,816.1903460450507,28,10749.621066436994,1.7642270999967877
2025-05-30,H24,18640.80616846948,-1421.2092738967135,126.51905898205005,17346.115953554814,22.116783319998262,1,10800.0,0.80731900000319
2025-05-31,H24,13117.576714999253,638.4334631828048,1413.7107854152277,15169.720963597285,336.5989393284301,15,10800.0,0.88709039999776
2025-06-01,H24,51748.393466338326,3836.5754993089736,13704.504193560617,69289.47315920792,3610.8037378796143,58,10016.496091215275,1.2232580999989295
2025-06-02,H24,57870.42883847392,144.60169570394874,5731.20060598702,63746.231140164884,1486.4454976942425,36,9782.352465941856,1.9644846000028338
2025-06-03,H24,49192.24195930557,7511.046853824937,6919.027129243546,63622.31594237406,1678.2612108284416,45,9609.928940727488,1.0172177999993437
2025-06-04,H24,57551.98727137427,-1414.6377118819173,9808.825509397422,65946.17506888977,2635.891582482512,52,9090.364209968999,1.3694335999971372
2025-06-05,H24,52587.165689980466,6430.737398371554,7405.734305039396,66423.63739339141,1821.6965225831793,47,8701.820044730555,1.9107917999990605
2025-06-06,H24,29814.476866957655,-3539.4197589212886,3771.3737045720045,30046.43081260837,890.9829321017717,22,8166.669352795876,1.3901616999992257
2025-06-07,H24,27542.545572492825,-1775.4668382498903,1294.3298604482684,27061.408594691206,246.4285573808105,8,8595.539784989622,4.2871546000005765
2025-06-08,H24,45146.20931674885,9759.334828795607,4879.567073167869,59785.11121871232,1325.8760932248256,39,8924.380959646365,1.9213336000029813
2025-06-09,H24,64189.21891665175,-197.4668475336926,773.7272602200808,64765.47932933814,235.26323933422537,11,9251.525577287055,9.332455099998697
2025-06-10,H24,61375.91043575055,-205.24994797082118,158.7850882809845,61329.445576060716,64.8306183334065,4,9863.580568260088,1.78625909999937
2025-06-11,H24,61111.81941719344,3895.098886760843,1955.5765536206954,66962.49485757497,415.3946221563432,15,10403.54597119895,4.38810889999877
2025-06-12,H24,58387.453032365534,4126.2168862338685,893.3124841024194,63406.98240270182,239.2353440037876,11,10800.0,2.8615221999989444
2025-06-13,H24,34400.65497797575,-3264.1011746805025,376.52052366367616,31513.074326958922,75.29914497406315,3,10800.0,1.16482299999916
2025-06-14,H24,35423.56620144096,-4568.5591062127705,208.2269328064114,31063.2340280346,65.78938508189924,3,10800.0,1.3308366000001115
2025-06-15,H24,50064.5004968947,9143.899980317758,5067.918889676506,64276.319366888965,1102.4396378723304,36,10409.799766032866,1.7968407999996998
2025-06-16,H24,60597.94969011888,9530.133020046345,223.98949685446394,70352.0722070197,62.22122760591128,5,10800.0,1.7382737999996607
2025-06-17,H24,60297.70526638394,2839.105977508886,1329.914268172936,64466.725512065765,323.62028442984365,24,10800.0,1.2518752000014501
2025-06-18,H24,62162.60379450032,1664.3450638554482,560.0317250541789,64386.980583409946,153.27737385555372,9,10800.0,1.6669409999994969
2025-06-19,H24,54885.294853240404,6418.514871489838,1444.7075120273216,62748.517236757565,310.1343246624278,19,10800.0,1.525739299999259
2025-06-20,H24,31131.769532073187,-3173.656774860752,259.4989963181417,28217.61175353058,45.973358425460646,3,10800.0,2.740095300001485
2025-06-21,H24,23612.140805085124,-291.99832489933954,128.89196097604446,23449.034441161828,20.560932327340595,2,10800.0,1.8873041999995621
2025-06-22,H24,49003.888915045914,5974.315946944035,3651.4303759219574,58629.635237911905,1016.5374435483326,36,10049.215585036969,2.04099959999985
2025-06-23,H24,53035.24323482937,1438.1330408825977,3029.7843999802,57503.16067569217,677.4555836696607,26,10478.686305231136,3.045471899999029
2025-06-24,H24,67607.74079112028,300.4253146223149,615.4242568751182,68523.59036261772,198.3357880914651,15,10800.0,0.9934222999982012
2025-06-25,H24,54225.15102867941,4705.801132827812,2394.0324728858545,61324.98463439307,473.3513744891998,15,10739.297706182586,2.3276202000015473
2025-06-26,H24,58149.24709674371,-114.86236275828873,492.9735272267175,58527.358261212146,124.03120204678564,8,10800.0,3.3569347000029666
2025-06-27,H24,27807.587052125567,-3854.314081778377,2704.847387512643,26658.120357859836,461.86606036248645,12,10800.0,1.6962603999982093
2025-06-28,H24,23398.458980815525,-415.8796608348917,105.91748866004507,23088.496808640677,40.500125044979995,3,10800.0,1.694030600003316
2025-06-29,H24,46410.081839006605,11383.159956170717,5911.499700378969,63704.74149555629,1400.9896191265311,37,10665.139655263582,2.6588104000002204
2025-06-30,H24,53968.23323375045,5229.683339286333,1597.7311772316523,60795.647750268436,497.03018548433727,17,10448.892839479566,1.3115801000003557
2025-07-01,H24,56119.49812057315,9998.149366959558,13198.935707468245,79316.58319500096,3667.107289499408,53,8918.272337729222,1.1850034999988566
2025-07-02,H24,67855.59055005499,-1872.1309965567239,10876.871138841627,76860.33069233989,2497.606307320479,44,8326.955266279772,1.1802499999976135
2025-07-03,H24,67254.57398782825,1453.9344920574108,12184.066168742727,80892.57464862839,2960.3414018899857,56,8317.451156630617,1.5416181000018696
2025-07-04,H24,27321.303305836733,3737.7018474642787,2608.9298863640297,33667.93503966504,799.5696679139926,28,8296.24052278088,1.5282909999987169
2025-07-05,H24,25225.58580061449,1796.9232389345666,2230.465530463436,29252.974570012495,742.0431183345034,24,8277.323188653252,1.838085500001398
2025-07-06,H24,53703.66501825723,20534.312717827648,9937.517868425026,84175.4956045099,2594.528288908058,53,8073.949903802174,2.8084329000012076
2025-07-07,H24,58798.2970701966,3119.8559766824046,6723.962144745896,68642.1151916249,1902.3224974089273,47,7809.370622290193,1.6020263000009436
2025-07-08,H24,69123.85775178907,88.52293367872585,301.03413513846726,69513.41482060627,101.59736857049722,6,8100.789909111484,5.088974900001631
2025-07-09,H24,65682.80823527781,3293.4459954125823,1122.2769526411798,70098.53118333158,277.79162071053736,13,8592.220688644022,3.6361347999991267
2025-07-10,H24,63911.46587286004,5444.307010174569,1220.0750503281547,70575.84793336276,235.09893732488553,10,8982.296822635368,1.131005000001096
2025-07-11,H24,41732.84356845074,-3952.257026518566,627.6439374880586,38408.230479420235,90.35850056801718,4,9854.337650732976,3.4812555000025895
2025-07-12,H24,34295.45596573541,2422.28797327189,0.0,36717.7439390073,0.0,0,10800.0,0.936308000000281
2025-07-13,H24,64511.703161573576,-411.87015998691777,2700.1127935972254,66799.94579518388,580.3263362029434,21,10480.242252085996,1.1271622000022035
2025-07-14,H24,65654.09580421787,1915.4245348271845,540.4994918465195,68110.01983089157,136.24873979979188,8,10800.0,1.1493953000008332
2025-07-15,H24,66939.71069307535,-2081.6868464664394,2344.263172773591,67202.28701938251,499.29534721695285,19,10800.0,1.134336600000097
2025-07-16,H24,65303.3875295931,2495.119867287305,1064.3508260727117,68862.85822295312,225.06017047439806,6,10800.0,2.4836679000000004
2025-07-17,H24,63144.04243915321,3557.9841432169815,1707.5103022485184,68409.5368846187,387.4607053417177,13,10800.0,3.5536670999990747
2025-07-18,H24,41249.796464394334,-4302.672218118905,1438.9904554667887,38386.11470174222,231.2075045401845,6,10800.0,3.9873000999978103
2025-07-19,H24,35152.01592123889,-798.3415343092868,5.6307238135921045,34359.3051107432,2.7025312280259683,1,10800.0,1.5344356999976299
2025-07-20,H24,54620.873321670224,10942.615789716481,3621.3022686478016,69184.79138003451,1002.0960635163904,34,10672.07683017641,1.3900047000024642
2025-07-21,H24,65902.67992150367,1177.6115942150886,756.6913662550824,67836.98288197385,215.28813099096905,12,10800.0,6.117119900000034
2025-07-22,H24,74773.10253024448,-1561.5701843465276,808.8359936446573,74020.3683395426,183.5013250377279,7,10800.0,1.0916469999992842
2025-07-23,H24,69916.01263125183,803.5467684694988,854.726939420305,71574.28633914163,183.02018569370887,12,10746.515905546885,1.2251525000010588
2025-07-24,H24,74410.69025035581,-2651.9057144078115,551.420165948619,72310.20470189661,128.65766751365766,8,10800.0,0.9964654000013979
2025-07-25,H24,35012.789116478976,-1210.5178790297377,2981.4503431123103,36783.72158056155,482.49853459691974,6,10800.0,1.5818419999977777
2025-07-26,H24,33380.45018244286,-1960.146271200386,405.02742381405125,31825.331335056526,84.26016458352957,3,10800.0,0.976448999999775
2025-07-27,H24,65395.62339827418,1757.9589041907693,3086.6110480480725,70240.19335051303,664.7246526745836,15,10800.0,0.9501303999986703
2025-07-28,H24,66785.32484688786,2379.3627906312245,1557.9407546054813,70722.62839212456,305.2695384419632,17,10800.0,5.650504699999146
2025-07-29,H24,65451.45223802696,2720.25204504466,1601.5589169211626,69773.26319999278,279.59105862605014,13,10743.006754877031,3.903745000001436
2025-07-30,H24,61952.964443954996,7532.895330481046,390.2401282109391,69876.09990264698,98.09803014868655,7,10800.0,1.0636852999996336
2025-07-31,H24,61940.804570980676,4802.48723614903,1884.2315913580742,68627.52339848777,388.1640487993375,17,10627.476608690877,1.6581086999976833
2025-08-01,H24,32928.51171684801,-2700.1670422915895,1761.0185736977446,31989.36324825416,281.63928238800094,3,10800.0,0.7816488999978901
2025-08-02,H24,31053.71084585342,-1320.779609666211,593.9254835356428,30326.856719722855,91.57946548619019,4,10800.0,1.9531937000010657
2025-08-03,H24,50236.85111057213,9230.007941693677,5022.685312726769,64489.54436499258,1124.0525317955037,28,10456.901217469445,3.90686949999872
2025-08-04,H24,59814.464342967316,1061.8674391536065,1283.7101239649655,62160.041906085884,247.522952786805,12,10288.942895379,1.567993699998624
2025-08-05,H24,58480.8544969676,3333.9289762332032,529.9076602112775,62344.69113341208,115.08744556585289,7,10800.0,1.201198899998417
2025-08-06,H24,63427.19242290665,-1144.55577736222,1828.328717888992,64110.965363433424,328.734994725106,15,10800.0,1.5306650000020454
2025-08-07,H24,58420.400740051264,2216.763742973311,1273.9536146713758,61911.118097695944,373.8330418501585,14,10800.0,1.0041909999999916
2025-08-08,H24,30883.75459549155,-1733.9061603626494,2404.2104891766603,31554.058924305562,386.9115845749459,8,10800.0,1.0185208000020793
2025-08-09,H24,28899.834774826777,-436.8457029812018,185.72630462395213,28648.71537646953,55.69398488877213,3,10800.0,1.1929572999979428
2025-08-10,H24,53590.574813815794,5898.839119687258,4074.0414624973814,63563.45539600043,1084.1799021221614,34,10273.894487982854,2.0973462000001746
2025-08-11,H24,56578.66490936022,1499.4364873898514,2108.7116795445627,60186.81307629463,366.90483327731795,16,10150.751470889913,1.868307000000641
2025-08-12,H24,60534.32692531093,738.8715180722954,2418.4285769416347,63691.62702032486,542.5702115469905,19,10062.814361200975,2.50401299999794
2025-08-13,H24,56730.5943002065,532.6353885001549,2414.0726783806367,59677.30236708729,475.67532922203895,24,10587.858911122228,4.330061500000738
2025-08-14,H24,59607.34679301636,1715.7686136078573,574.1620820668558,61897.27748869107,152.3842687410341,8,10655.738538113388,1.2734017000002495
2025-08-15,H24,31949.02448356566,-2559.2271714639273,1373.2492399798193,30763.04655208155,233.47348037316533,7,10800.0,0.9252874000012525
2025-08-16,H24,32503.12280629812,-2577.99013515725,1811.5237753534338,31736.656446494304,269.34974040340524,10,10800.0,0.9890393999994558
2025-08-17,H24,62124.16314216732,-312.0586762568241,937.3427510389479,62749.44721694944,193.6591805268019,8,10800.0,0.7685906999977306
2025-08-18,H24,54634.999918102614,3729.381964132593,3390.2345423855436,61754.61642462075,739.2965573282671,25,10225.31944185665,1.2571183000036399
2025-08-19,H24,58420.267115912095,-140.56926904316475,3639.4632556621614,61919.161102531085,645.3847483678375,19,10504.163056497044,1.1860856000021158
2025-08-20,H24,61015.410387176365,3906.286049238804,1452.290739688993,66373.98717610416,375.2178943482645,18,10650.841723093268,1.0748447000023589
2025-08-21,H24,60228.86855484001,-176.14482725179366,1849.6601880584585,61902.38391564667,347.8588426513155,10,10800.0,1.3322095000003173
2025-08-22,H24,30926.845253018637,-920.6597369362001,1437.093572381898,31443.279088464336,220.01296713967298,4,10800.0,0.8174897000008059
2025-08-23,H24,26583.014507615204,307.7916866892741,218.3508193269398,27109.15701363142,45.75709882682248,3,10800.0,0.822355600001174
2025-08-24,H24,56741.59374643256,4326.150096100277,1702.826800732796,62770.57064326563,352.3427353044716,19,10777.664827139937,0.9564821000021766
2025-08-25,H24,70693.86208383887,-4238.235764615122,773.7419703687731,67229.36828959253,221.70421912030048,12,10166.433853103272,0.8806742999986454
2025-08-26,H24,58815.55952844753,-749.957658377891,181.04121700579685,58246.643087075434,72.43073572470286,5,10697.936792198278,1.1819720000003144
2025-08-27,H24,56322.63378404605,5972.274469578646,2185.4830086882894,64480.39126231298,489.6754593661243,19,10265.14986899317,2.487799399998039
2025-08-28,H24,56150.105724476314,7039.914137945967,1809.4591047113952,64999.47896713368,371.0581607263051,14,10212.561860211184,2.2033229999960895
2025-08-29,H24,35008.47887030471,-3677.008499174731,2755.396672486842,34086.86704361682,412.04485592821095,8,10557.792205253032,1.0687857999982953
2025-08-30,H24,29361.431437875406,-718.6188557694766,246.7532094421342,28889.565791548062,46.825562436220196,3,10800.0,0.9345535000011296
2025-08-31,H24,52247.4235798898,8596.609466959606,3461.428328335579,64305.46137518498,856.6110851664199,26,10800.0,2.212653300000966
2025-09-01,H24,56215.10025072641,-3471.2986992673814,0.0,52743.80155145903,0.0,0,10800.0,3.88232280000193
2025-09-02,H24,49559.849580375594,319.47229618932784,921.1334130556095,50800.45528962053,157.24679365021984,4,10800.0,1.626262100000531
2025-09-03,H24,52175.85181511551,-256.33007711316895,0.0,51919.52173800234,0.0,0,10800.0,1.2569983999983378
2025-09-04,H24,52005.208506151845,-2033.1056742622052,396.96653179919343,50369.06936368884,96.95524718480078,5,10800.0,1.376195299999381
2025-09-05,H24,27485.574698503755,-2571.3744866526195,203.61923938698706,25117.819451238123,33.826603436662026,1,10800.0,0.8535987000032037
2025-09-06,H24,22292.362399755188,-1565.9308103316407,1125.5376514366171,21851.969240860166,189.40907189196002,4,10800.0,1.5140811000001122
2025-09-07,H24,43481.85083805796,3591.7433671808267,1688.3980942912867,48761.99229953007,358.20554214106085,14,10800.0,1.420369199999186
2025-09-08,H24,48595.660117495325,-101.4099814134097,1123.7095572441724,49617.95969332609,239.51252667716594,11,10800.0,1.0797125000026426
2025-09-09,H24,38998.49160930407,2889.8311139247526,6711.3052706200515,48599.62799384887,1592.8490026525922,34,10800.0,3.164936500001204
2025-09-10,H24,50141.80689657579,385.6110719520442,1371.0113627820674,51898.429331309904,357.0697874947365,17,10800.0,1.0643230000023323
2025-09-11,H24,46477.511779708024,-2212.062285781708,2306.934810722367,46572.38430464869,499.8643520269046,20,10800.0,1.0387344000009762
2025-09-12,H24,22177.822839838183,-1683.4325910172347,1984.271257367235,22478.661506188186,360.93625684959,14,10800.0,1.49180669999987
2025-09-13,H24,16309.968730826771,2197.2840763428044,235.69293772318704,18742.94574489276,94.5009775305036,8,10800.0,1.6558143999991444
2025-09-14,H24,42167.514849488995,4600.221006807105,7635.611723509304,54403.347579805406,2215.919795971934,47,10520.4027823548,1.9164566999988892
2025-09-15,H24,43307.44424842512,964.6056397238654,2630.552866443766,46902.60275459275,584.9674508697942,24,10627.612692823994,1.547050400000444
2025-09-16,H24,50543.00434741592,-1014.0811889747531,2250.677302125876,51779.60046056704,614.3151252443803,29,10544.620377168196,2.249644299998181
2025-09-17,H24,47957.86115302115,-721.2777741790919,2266.7616336648093,49503.34501250686,480.3101446991915,23,10563.14641132352,1.0567528000010498
2025-09-18,H24,42452.94481066228,6320.61273244765,1688.4467532010337,50462.00429631096,383.82306988428115,18,10492.194746006866,1.2618353999987448
2025-09-19,H24,24394.624866612307,-2652.740788895618,1958.6384405249237,23700.52251824161,330.5767619702436,8,10800.0,1.6516735999994125
2025-09-20,H24,19516.01467600102,-837.6679878772001,956.1629849127066,19634.509673036526,182.2658411507612,8,10800.0,1.6787739000010333
2025-09-21,H24,40446.70726875331,6870.42954081523,4934.8690483506525,52252.00585791919,1481.7547319815328,44,10704.977744219746,1.944700100000773
2025-09-22,H24,53948.695839387394,-3339.7237841312644,2329.3694537722267,52938.34150902835,541.3779915605692,24,10800.0,1.985860299999331
2025-09-23,H24,48674.50533224172,3324.4632718116914,788.3361041083156,52787.30470816173,231.95540801845243,17,10800.0,1.639190800000506
2025-09-24,H24,43391.30101823782,7624.796546531208,1339.7435920218913,52355.84115679092,457.8984284066853,24,10800.0,3.790485499999704
2025-09-25,H24,47950.975571169685,2671.628569961043,2235.70977029871,52858.31391142944,465.84589771053004,21,10800.0,1.030477799999062
2025-09-26,H24,23814.05612236611,-2033.216645037664,733.4057199437677,22514.245197272212,140.0440108283446,6,10800.0,0.8757885999984865
2025-09-27,H24,20851.175184664076,-36.59043782781032,745.2213357517749,21559.806082588042,197.59634505177513,9,10800.0,1.638372999999774
2025-09-28,H24,43065.2716356335,8424.60799344182,6425.838157490025,57915.71778656535,1535.0398650314523,43,10800.0,1.2646278999982314
2025-09-29,H24,52492.02726879112,-2931.337831958715,3641.9053160363937,53202.5947528688,811.055626666725,31,10789.95920481654,1.2894883999997546
2025-09-30,H24,49787.621379728385,4992.439459963231,1508.1321982462653,56288.19303793788,367.6221091594672,18,10800.0,3.6043308999996952
2025-10-01,H24,46707.9498163267,-1317.2422700911366,36.659660898007736,45427.367207133575,17.72257045279673,4,10800.0,1.0069177000004856
2025-10-02,H24,51474.36846025709,-3705.068640589111,384.7019433300601,48154.001762998036,123.9212472607829,9,10800.0,1.176557500002673
2025-10-03,H24,18635.22132701023,-816.5072574945785,237.4349492216368,18056.149018737287,41.607806750483974,1,10800.0,1.1628644000029453
2025-10-04,H24,20438.915658210033,-1668.5717439205193,17.78855918833148,18788.132473477846,8.574681284693213,2,10800.0,0.9800978999992367
2025-10-05,H24,41443.35506557765,4195.306474358866,1876.5709559757634,47515.23249591228,816.5061850115208,31,10800.0,5.47066619999714
2025-10-06,H24,41549.87079249702,8896.063146177043,334.77375191924614,50780.707690593306,130.04235922155192,11,10800.0,2.0942534000005253
2025-10-07,H24,47870.29671954496,35.187544428585866,479.90430694046813,48385.38857091401,125.07252277810835,10,10800.0,3.1522194999979547
2025-10-08,H24,42132.133493141126,1955.204912162976,1158.820011025696,45246.158416329796,327.16922582053616,20,10800.0,5.415210599998318
2025-10-09,H24,50824.373209094476,-5062.68922056935,1453.7074437864624,47215.39143231159,272.34299733002604,14,10800.0,1.0218768999984604
2025-10-10,H24,19489.846781704946,-1983.5295539015365,1434.7786261748092,18941.09585397822,277.2186942261817,10,10800.0,0.8416740999982721
2025-10-11,H24,20063.541070845295,-1021.3804586010647,8.416084505274275,19050.576696749507,1.4538062714241278,1,10800.0,1.1630354999997508
2025-10-12,H24,41525.580735961776,1983.772228273359,6995.28284463132,50504.63580886646,1546.55908673661,35,10654.791443184984,1.8504382999999507
2025-10-13,H24,42792.955843125535,232.87953941550936,3858.8224210243657,46884.65780356541,784.9409772790909,27,10800.0,2.466729199999463
2025-10-14,H24,46548.35686564834,711.2837218481692,1240.9879996434795,48500.628587139996,303.09364274429083,22,10800.0,1.0468212999985553
2025-10-15,H24,47811.005896727045,-114.71304082671173,2113.8132419273475,49810.10609782768,530.8923856675234,21,10800.0,1.3102121999982046
2025-10-16,H24,48434.25365414267,1064.1297474165751,780.6305179609683,50279.013919520214,205.20512041744905,14,10800.0,1.0918947999998636
2025-10-17,H24,19498.294011638536,-954.5254623068968,1153.6350888180957,19697.403638149735,211.60107903173957,11,10800.0,1.0380788999991637
2025-10-18,H24,19291.725599286903,-982.3379469723063,277.6496011996593,18587.037253514256,84.85103919079194,5,10800.0,1.4729171999988466
2025-10-19,H24,45258.238084647295,2246.2874925157025,6255.050776159016,53759.576353322016,1509.4621411518074,43,10537.042930061874,1.5279561999996076
2025-10-20,H24,52977.051553991754,-822.8607151966999,578.8130262299715,52733.00386502503,131.08452188953353,10,10800.0,1.5810957000012422
2025-10-21,H24,46531.64260700426,9110.090075957516,1802.313319179308,57444.04600214108,486.666967276142,24,10800.0,1.1769354999996722
2025-10-22,H24,48534.46806042637,1897.8677008814689,1334.8544393358147,51767.19020064366,280.9844019410055,16,10800.0,1.970251400000052
2025-10-23,H24,58998.30901395954,-3822.6409203430158,749.073929226133,55924.742022842656,161.33064359330908,15,10800.0,4.726164300001983
2025-10-24,H24,21104.034555528466,-1618.0351420060326,266.0677849764307,19752.067198498866,47.29253199012277,1,10800.0,1.0916058999991947
2025-10-25,H24,16837.998766850316,-239.52104906318226,151.40153853039888,16749.87925631753,72.02587426227637,3,10800.0,2.3393699999996898
2025-10-26,H24,53188.16046805633,-1115.35928344074,2119.05636490534,54191.85754952094,460.12418457632555,15,10800.0,2.0657606000004307
2025-10-27,H24,48497.44637941346,2745.387385056164,725.1983430488806,51968.032107518506,197.64883656127063,14,10800.0,1.4721888000003673
2025-10-28,H24,47690.98010804342,3979.3540079244985,1063.9620855742796,52734.296201542194,293.66538817887,16,10800.0,1.4553791000016645
2025-10-29,H24,56739.82655725262,-808.5113502203955,1482.593575794072,57413.9087828263,322.4033894593058,16,10800.0,3.063962600001105
2025-10-30,H24,49868.733368214365,2029.1012243894822,823.1586754026146,52720.99326800646,244.4384997297889,15,10800.0,4.01079910000044
2025-10-31,H24,22984.558874648625,-2280.4216193481857,452.62688540627954,21156.76414070672,77.90540076468312,3,10800.0,1.1557057999980316
2025-11-01,H24,17504.212842731285,780.5555702588917,172.36360607968885,18457.132019069864,95.70053202537429,4,10800.0,1.0788849000000482
2025-11-02,H24,45419.38899445777,8676.150477284587,3475.803426698424,57571.34289844078,918.0214159057344,45,10512.231311878759,1.2366171999983635
2025-11-03,H24,54688.55819408872,-68.75101457748292,1250.1668769143066,55869.97405642555,261.5097935721218,17,10648.962690506904,1.5511060999979236
2025-11-04,H24,53244.153581953535,1491.7630958735676,1216.896164364593,55952.8128421917,283.795061736564,15,10800.0,1.3725923000019975
2025-11-05,H24,59186.49000564641,-1406.706221223485,1516.503935727449,59296.28772015037,423.10445892432597,18,10800.0,1.262749999999869
2025-11-06,H24,54260.871017379985,2254.215190456484,1658.564525253395,58173.65073308986,486.07142730685337,31,10715.613011983103,1.5451500999988639
2025-11-07,H24,20728.934845858126,-474.111912545094,0.0,20254.822933313033,0.0,0,10800.0,1.532414700001027
2025-11-08,H24,20624.88541689117,-1459.4106653874946,105.95399867918933,19271.428750182866,41.19167788842975,3,10800.0,3.118715599997813
2025-11-09,H24,50339.1516632248,5841.3574950752045,4008.973042664368,60189.48220096437,960.3964939029572,39,10800.0,1.067885300000853
2025-11-10,H24,56738.88059848119,4772.366879513622,932.7161952122901,62443.9636732071,246.25023410090756,19,10800.0,4.557274499999039
2025-11-11,H24,58593.35428547942,-517.3806045542404,700.3067332905537,58776.28041421574,223.86436971039177,15,10800.0,1.3456904999966355
2025-11-12,H24,55764.284211546335,4803.7974597780985,396.2736615260918,60964.35533285053,92.80844600697269,9,10800.0,2.353584899998168
2025-11-13,H24,55235.0588858658,4449.012798986854,1287.6036702164902,60971.67535506915,303.17594039364405,22,10800.0,1.0503576999981306
2025-11-14,H24,21413.927923041665,-1728.7260411680654,1280.8485220266302,20966.05040390023,251.98372151820587,12,10800.0,1.0584043999988353
2025-11-15,H24,24453.775504397607,-2300.0386758782274,98.42116481324048,22252.15799333262,28.785515011052098,2,10800.0,1.016534700000193
2025-11-16,H24,52822.78084533312,6047.102947992931,6122.94725380932,64992.83104713537,1322.1179697627122,45,10800.0,1.5991770000000542
2025-11-17,H24,56617.020522853054,2399.342750512399,1103.8050007785819,60120.16827414403,266.37147977266125,14,10800.0,1.0234359000005497
2025-11-18,H24,55606.499224241314,3227.624206907796,1655.1276316946305,60489.251062843745,404.7304112819969,28,10800.0,1.1220768000002863
2025-11-19,H24,59668.1465643153,5088.608045697066,1398.7538561669162,66155.50846617928,319.9629244864766,14,10701.739649635947,1.1135742000005848
2025-11-20,H24,59317.0150786562,269.089351142672,1455.4266492906222,61041.531079089495,288.3901258158226,17,10758.42003060831,4.0957131999984995
2025-11-21,H24,24463.270853680202,-1462.83511438126,0.0,23000.43573929894,0.0,0,10800.0,1.2312097000012727
2025-11-22,H24,25549.543878571698,-2677.792960924072,62.01328270623925,22933.764200353868,15.602788452947351,1,10800.0,0.9446702999994159
2025-11-23,H24,55171.17781999873,5593.84442182231,3018.3832690190375,63783.40551084008,763.9465830718583,34,10800.0,1.1464439000010316
2025-11-24,H24,53154.316898553145,5717.142457471478,2343.910666135829,61215.37002216045,591.347901095657,30,10800.0,1.2717529000001377
2025-11-25,H24,65774.0106444437,-1978.6504123028903,898.2473665272852,64693.60759866809,286.7394166161748,15,10800.0,1.165745300000708
2025-11-26,H24,60514.58475121435,3183.9655054745995,1430.604485151102,65129.15474184005,329.9873853527421,16,10800.0,3.553612100000464
2025-11-27,H24,58574.32956398735,4126.280420661844,3532.4719876602617,66233.08197230946,752.5736946182697,30,10800.0,2.7605920000005426
2025-11-28,H24,22755.513771841608,707.4567048039457,1703.8657202290656,25166.83619687462,299.3643466513336,14,10800.0,1.0470667000026879
2025-11-29,H24,26006.849633519858,-2185.2247840569994,174.24946754386332,23995.874317006725,71.44953056127804,4,10800.0,1.680753900000127
2025-11-30,H24,59768.72276949551,5866.683591726578,2157.1896874724553,67792.59604869454,546.1275567709124,30,10800.0,1.0734718999992765
2025-12-01,H24,70234.93786369037,5610.114799979148,5598.917749494152,81443.97041316367,1919.5015806770043,41,10800.0,5.713287700000365
2025-12-02,H24,74372.62014279049,2753.615474995971,5813.845615743562,82940.08123353001,1780.999199077128,53,10748.74134738951,0.9422950000007404
2025-12-03,H24,66531.26058965217,12507.138599044472,4443.131375502189,83481.53056419882,1551.6171757324275,41,10800.0,2.557392399998207
2025-12-04,H24,71488.98546009652,3564.8828776152095,7748.006615251204,82801.87495296293,2169.4495755562343,52,10800.0,2.606559300000299
2025-12-05,H24,32374.802910634888,-300.1580721758071,971.3584711395371,33046.003309598615,184.09651818715622,9,10800.0,4.010278800000378
2025-12-06,H24,29627.548370010052,-986.2298876335276,972.952539825959,29614.271022202483,359.7700658798194,21,10800.0,1.25800949999757
2025-12-07,H24,70524.36206107332,5275.487926796082,7363.956341279663,83163.80632914905,1706.0399588791715,47,10657.597613034088,1.277279500000077
2025-12-08,H24,81993.09686583054,-1326.0917332820836,472.9260087615173,81139.93114130996,73.00410018403943,5,10800.0,1.1658950999990338
2025-12-09,H24,78197.70449094259,-480.4428426177301,918.6519690738357,78635.91361739869,178.14581702933845,11,10800.0,1.4851950999982364
2025-12-10,H24,74776.1817477203,4678.128975814718,1037.9483275955454,80492.25905113056,198.9811282909137,11,10800.0,1.267142500000773
2025-12-11,H24,77688.41979402714,-1337.2230839994183,649.0132752924407,77000.20998532017,106.18322922512945,8,10800.0,2.4239159999997355
2025-12-12,H24,37673.68806252825,-2809.3512179463232,1093.4025124234092,35957.73935700534,204.89690676971742,6,10800.0,0.8703974999989441
2025-12-13,H24,35789.314206138,-1600.881677470728,2.889406019665133,34191.32193468693,0.407935340909944,1,10800.0,1.2377019000014116
2025-12-14,H24,70123.74130615685,6090.970865548762,8166.74258499202,84381.45475669764,1397.3004699330113,41,10800.0,1.1960106999995332
2025-12-15,H24,73791.38424086236,4916.918275675933,581.7634025088352,79290.06591904713,122.10190535627915,13,10800.0,4.941402700000253
2025-12-16,H24,78231.12066544106,178.72884106008928,143.1351131930284,78552.98461969418,60.75859368533759,7,10800.0,3.1131820999999036
2025-12-17,H24,75754.31097181248,-667.5257368478731,2541.084293200578,77627.86952816517,542.8673454799487,28,10800.0,4.371828099998311
2025-12-18,H24,72944.58677493803,3890.8417155731368,940.8310966328413,77776.25958714401,301.03773817796224,14,10800.0,2.4840994000023784
2025-12-19,H24,35383.326080931045,-2840.5486623237075,463.9012494169337,33006.67866802427,75.9366850558996,5,10800.0,1.4040217000019766
2025-12-20,H24,29477.920131490286,-599.2810377417078,0.8866254520924176,28879.52571920067,0.4504066304762091,1,10800.0,2.4315531000011106
2025-12-21,H24,64578.69670288064,14103.737528696463,4295.689216848094,82978.1234484252,1281.2965849074312,41,10782.001388929066,4.581936900001892
2025-12-22,H24,77569.98890911785,-1286.1608167082616,2157.2216358652486,78441.04972827484,382.643790924779,19,10800.0,1.9606191999992006
2025-12-23,H24,75959.64162655974,983.6242226531476,935.6970428787213,77878.9628920916,194.5548195994914,11,10800.0,1.2213762999981554
2025-12-24,H24,76593.26200644531,-377.2306999669618,307.09569344651294,76523.12699992485,113.29074913473983,8,10800.0,3.158902400000443
2025-12-25,H24,71175.50926221628,2751.7308962683537,2603.5890022081967,76530.82916069284,631.0553187987077,23,10800.0,1.107916099997965
2025-12-26,H24,34489.77493226725,-2464.6535903384565,235.10009900038432,32260.22144092918,39.09624014468693,4,10800.0,1.3520494000003964
2025-12-27,H24,32250.537432088262,-1838.3597363283086,0.0,30412.177695759954,0.0,0,10800.0,1.6799365999995644
2025-12-28,H24,65520.96845758843,6191.612731047817,6915.5783355233525,78628.15952415961,1666.1541216855644,51,10800.0,1.5539784999982658
2025-12-29,H24,74173.46917082265,2981.8603966612104,238.15983698011888,77393.48940446398,42.99749096088344,2,10800.0,12.05708869999944
2025-12-30,H24,71595.95164888141,1850.3802030290174,823.7961690804805,74270.12802099092,179.52161200418067,19,10800.0,2.723817300002338
2025-12-31,H24,78297.80960017758,-1025.4863000966266,845.1322892219698,78117.45558930293,210.84931042991786,14,10800.0,6.874783900000693
2025-02-01,H48,35881.59460868281,-3521.146499218579,71.75692973658697,32432.20503920082,35.540827011682495,1,10800.0,6.29728200000136
2025-02-02,H48,62364.06310249727,600.962405166107,3984.8876790250997,66949.91318668847,850.4491366045402,25,8963.674279585628,11.182112100001177
2025-02-03,H48,67697.17770816735,1606.5492722413192,827.2559668245101,70130.98294723318,186.41100002248564,8,7910.535829495385,3.874583499999062
2025-02-04,H48,70741.17793685503,-2357.545955724321,3337.2867956405244,71720.91877677124,642.0187808502922,21,7378.460769384894,11.955461999998079
2025-02-05,H48,77901.18114631227,-4745.402262537118,1889.4065418129348,75045.18542558809,355.3943719030198,14,8039.860900344957,4.138324600002306
2025-02-06,H48,64983.24328185971,-1384.5364114387314,1903.3009579799245,65502.0078284009,497.26362145846065,29,3151.8757723881813,13.184012800000346
2025-02-07,H48,31655.209825292124,-2184.3084082649007,503.69674684025176,29974.598163867475,110.11449335520308,5,9162.531684776257,10.760389999999461
2025-02-08,H48,24882.43640204209,-1068.4637993556116,124.55291952727661,23938.525522213757,34.88409613669319,2,10800.0,3.0320305000004737
2025-02-09,H48,56906.99713187794,11228.90800903925,2333.5547455905144,70469.45988650771,663.9727674585054,30,6749.046588975954,4.476635800001532
2025-02-10,H48,59173.43955529151,724.7052398410664,1098.8933881207308,60997.03818325331,310.1887665865542,20,6910.548282176103,6.1732972000027075
2025-02-11,H48,63706.9701532724,-964.4207274794519,135.50997363209333,62878.05939942504,30.202914937785636,6,4168.7462838221345,4.717922300000282
2025-02-12,H48,71220.85770770125,-5723.6931357449785,1514.6309489063742,67011.79552086264,305.6348001597971,14,7439.015420475474,15.934186699998463
2025-02-13,H48,58533.214710182365,-3278.038798671202,916.8812288873542,56172.057140398516,165.8907916207491,14,2389.1429822028213,16.936245200000485
2025-02-14,H48,24316.376207779856,-772.0295698883326,0.0,23544.346637891525,0.0,0,7085.325879361472,10.952862000001915
2025-02-15,H48,22877.70307282429,1307.9221137430013,102.88999664424968,24288.51518321154,41.08644624392066,4,10800.0,9.000400900000386
2025-02-16,H48,60504.30235694636,-896.9313890846115,10788.477668476402,70395.84863633815,2191.349921953692,48,6876.355648740399,10.363881300001594
2025-02-17,H48,59540.55289544525,-1860.7975802849437,2308.2838371953203,59988.039152355625,499.3437329634868,24,7885.8783773800815,6.726914000000761
2025-02-18,H48,46443.945828053904,7365.24582415886,8229.546392978207,62038.73804519097,1876.095844726109,53,5278.70556600883,6.96007610000197
2025-02-19,H48,59412.34758047506,-429.67280165547606,3755.7093567005754,62738.38413552016,774.5524190442769,32,6549.315604103986,16.031110500000068
2025-02-20,H48,50242.227137291906,4065.6990150710913,4039.985625903298,58347.911778266294,836.8851002274916,37,2623.7617959033996,4.860293099998671
2025-02-21,H48,26881.877949870206,-953.5557800745506,949.2613829853601,26877.583552781016,171.94581033667345,6,7612.824203325808,16.86755450000055
2025-02-22,H48,24086.433838269593,-1441.0014267141485,134.099634375954,22779.5320459314,68.46524252558339,3,10800.0,13.917394399999466
2025-02-23,H48,48433.05083953836,2028.4291933678342,8790.8514687848,59252.33150169099,2026.9688418226992,58,6625.178741876262,6.331441800000903
2025-02-24,H48,51332.87434743287,-352.3160849511993,4590.388821569455,55570.94708405113,906.193759435286,28,3875.2820056130354,12.456530700002986
2025-02-25,H48,54667.48006131964,-995.4527858630299,2723.633230525449,56395.66050598206,615.4995644657047,30,5930.722095251063,16.017616800001633
2025-02-26,H48,52965.30064727555,1707.029559721798,867.0667978765496,55539.3970048739,227.27767664098513,13,7010.635738263209,8.953262899998663
2025-02-27,H48,46848.711218403,-315.6488913328481,3776.806608985137,50309.86893605528,779.4323941309646,30,3550.155778828101,4.7245160000002215
2025-02-28,H48,22139.859872731686,-1436.4745838472,53.361104951082964,20756.74639383557,9.798219785362278,1,6175.160230251901,3.0919795999998314
2025-03-01,H48,22569.062200025706,-1692.4101546916202,192.12386257763686,21068.775907911724,35.28796999198187,5,10244.367448663474,11.568288699998448
2025-03-02,H48,54770.36623002666,690.6059068586487,4796.071227173945,60257.04336405925,877.3195479579894,23,7008.079280169529,3.143664000001081
2025-03-03,H48,56964.36504845277,-311.866720400599,2625.6754076222837,59278.173735674456,544.4801713261884,25,5669.581684198972,12.432276900000943
2025-03-04,H48,52338.372202498766,-980.0926290750032,4091.1444592172784,55449.424032641036,893.7393751581858,30,6209.260938748193,2.2205313999984355
2025-03-05,H48,53723.045765334944,-2219.7573767641375,5175.998716167608,56679.28710473842,1101.5675386672413,27,7328.017964231725,7.519459299999653
2025-03-06,H48,47437.62294508501,-74.1480758962557,3879.548076402682,51243.02294559143,803.0829065501173,24,2668.3904943420875,6.5272653000010905
2025-03-07,H48,26871.962993719688,-3890.9982476951386,36.1749510487595,23017.13969707331,6.4650077828182475,1,6808.646188225387,4.964222499998868
2025-03-08,H48,20090.187288791647,-860.291793024623,39.35915780539871,19269.254653572425,19.948429565332173,3,10800.0,2.715289899999334
2025-03-09,H48,41591.7948078018,2597.664670322022,6566.160763955901,50755.62024207973,1613.2256775355763,41,6013.165751994642,5.703970200000185
2025-03-10,H48,49754.93091250138,2233.4747280660413,3093.191484288581,55081.597124856,705.3548876587461,31,7318.566104287396,10.485147400000642
2025-03-11,H48,42906.63290961885,7007.531139099499,1710.0800824461955,51624.244131164545,405.2062380316119,23,6895.434035367535,8.702095399999962
2025-03-12,H48,45997.60620953494,383.78992354180883,2349.889449010564,48731.285582087316,607.3898107668019,31,6650.276461211631,10.411775700000362
2025-03-13,H48,49170.66056063082,-498.26297425551115,671.6494297385991,49344.04701611391,151.22244283983338,13,1691.8217047080157,4.664629400000194
2025-03-14,H48,18300.891687948588,-755.0177305516725,615.1426510070719,18161.016608403985,119.00364334752629,5,6300.06690263802,2.7845061999978498
2025-03-15,H48,21195.623370152127,-1886.1978368446457,424.5602931488521,19733.985826456334,144.26577191810145,8,10800.0,8.239457699999548
2025-03-16,H48,44880.95037899433,-506.4790829064302,4900.30339477863,49274.77469086653,1103.0534072804048,38,6948.314484257157,6.386895800000275
2025-03-17,H48,44521.12295164432,-1429.2265231756628,2314.5965713828646,45406.49299985152,531.4010791177136,23,4714.535523726264,8.828619200001413
2025-03-18,H48,49326.45791022499,-2325.695573628916,2419.5693624903806,49420.331699086455,529.7356036241061,26,6489.838269331439,2.9521776999990834
2025-03-19,H48,39872.64706411837,4265.3902991328305,1293.195268818999,45431.2326320702,314.9612848359065,20,5684.877486120224,5.1216318999995565
2025-03-20,H48,46383.319991412776,-397.72227998162094,2424.184667855525,48409.78237928668,621.2117277727739,30,1589.8813163487011,5.788178799999514
2025-03-21,H48,18098.433840784688,-1342.0198111335956,638.2150697908363,17394.62909944193,112.6219086900756,4,5953.325871102803,4.285871300000508
2025-03-22,H48,17108.17042723413,-57.06679090756074,94.26663408094079,17145.37027040751,50.569291877404034,4,10800.0,4.250806699999885
2025-03-23,H48,39118.50293777935,3077.9492310845276,3990.8253027333953,46187.27747159727,955.5192906891298,32,4828.447617631965,2.893298400003914
2025-03-24,H48,42940.16772660098,422.2950771833382,1880.5529008619378,45243.015704646255,495.13949441144166,22,5339.262224549802,7.6404260999988765
2025-03-25,H48,47038.33539568392,-767.0187690395591,2697.403321146707,48968.71994779107,764.4887995218812,36,5834.294905485751,2.292119299998376
2025-03-26,H48,43250.67158855802,-472.2483777290179,407.358279193878,43185.78149002288,93.10505948096396,10,7382.322734563026,7.4471945999994205
2025-03-27,H48,41593.876892540386,-485.6076134224509,1414.141464240609,42522.410743358545,486.9953026949307,25,2425.7919056739174,4.210601699998733
2025-03-28,H48,17641.49299073954,-940.9305239900839,1006.5412919363869,17707.103758685847,193.33620361945907,7,5315.063650506416,5.039296899996771
2025-03-29,H48,16064.322192860554,-167.3101678507756,360.56174722329354,16257.573772233072,65.66361183208144,4,10800.0,2.1781012999999803
2025-03-30,H48,39486.864564536016,-95.17912942853945,1948.469984871786,41340.15541997926,606.7112851868563,28,6082.861606405543,7.473015999999916
2025-03-31,H48,34730.54705893478,9670.313578553707,2478.7294103941977,46879.59004788269,660.9204475238657,21,5215.058308605835,4.106936100002713
2025-04-01,H48,43346.52911159341,1414.1706255814836,2283.209410521091,47043.90914769599,620.933100250654,36,2951.637504051731,5.237921499998265
2025-04-02,H48,45412.689905468826,1182.0297374942122,2022.5770168851582,48617.296659848194,485.22058784211237,26,7244.917111621778,11.049425400000473
2025-04-03,H48,41935.70995257898,-1372.1877949113568,1885.006429416932,42448.52858708456,461.7266177485391,22,2197.4335475837097,6.788396299998567
2025-04-04,H48,16953.674379704265,-1262.5653377463077,642.7803342589193,16333.889376216877,118.85005760729354,8,5243.22521120123,2.2299425000037445
2025-04-05,H48,16360.116344304499,-541.894537631564,188.5410085193492,16006.762815192284,61.62244335198244,3,10800.0,2.3783878999984154
2025-04-06,H48,36854.45007101633,1728.1976473894547,5496.389175985444,44079.036894391225,1449.9545514153472,49,7450.387365004435,1.7149054999990767
2025-04-07,H48,35464.01824063574,2396.688486927614,1878.351421825206,39739.05814938856,447.83505706525614,26,6523.657674618341,9.313856700000542
2025-04-08,H48,47020.72874842631,-3641.9447357762224,1082.174588583725,44460.958601233804,249.06061149210836,17,6848.715829402223,8.863186099999439
2025-04-09,H48,42829.43776794388,388.492899424611,3267.1581225215045,46485.08878988999,718.1543787917897,26,7655.0644101602475,2.326802499999758
2025-04-10,H48,37686.340331204025,1051.6341230683563,2407.927808494726,41145.90226276711,513.9251491485486,23,2066.608409821468,11.187419199999567
2025-04-11,H48,15288.66217585649,-813.2798267179396,2609.5793436454005,17084.961692783952,478.9864665902652,13,5547.857649443916,1.1349833000003855
2025-04-12,H48,17107.814060593915,-1323.659021304919,426.46130586499334,16210.61634515399,154.01885052805156,7,10800.0,2.664946399996552
2025-04-13,H48,33648.30571860095,1620.4018541488308,6616.794190395598,41885.50176314538,1631.651671860936,44,5414.931001953279,2.9834547999998904
2025-04-14,H48,41636.98265245787,-2845.1615690979233,4991.389919017076,43783.21100237702,1128.851456596295,33,5105.102003540054,6.433707700000014
2025-04-15,H48,36316.693331647686,1329.517541992758,1922.804230220558,39569.015103861,409.6253220856983,25,5189.281861327726,3.849195699998745
2025-04-16,H48,38314.986619445,2770.603088911414,1461.4472539655399,42547.03696232195,340.71269773924365,24,4523.871781832519,6.81625289999829
2025-04-17,H48,33981.37383068929,3962.04427480776,2484.7282716094255,40428.14637710648,528.4337738821014,27,2157.4274191697214,2.64691010000206
2025-04-18,H48,15186.394715125984,-1195.8141836443363,2006.7884440258965,15997.368975507545,362.72202691104826,5,4182.934860490929,1.7287196999986918
2025-04-19,H48,13143.769056856245,101.19336265300215,2278.1945737957594,15523.156993305007,480.4220003538694,13,10276.357354957998,3.1862090999984503
2025-04-20,H48,31047.466605332353,4062.480305562202,3744.4153889020117,38854.362299796565,1021.0878735942804,39,6073.291713763458,3.2579170999997586
2025-04-21,H48,37302.68635894821,-1475.9062479535305,3091.1866431428607,38917.96675413754,825.2743835900981,33,4429.529526072851,1.8019475000019156
2025-04-22,H48,35762.261039534074,5349.2698280803315,2765.1068690477778,43876.63773666218,656.8274305373116,26,8858.509904689441,6.36721260000013
2025-04-23,H48,32538.559506276986,5449.3262931099935,1970.0589412424908,39957.94474062947,429.3728451017872,18,6003.642028703192,2.9132053999983327
2025-04-24,H48,30631.545162889695,2370.2440135149823,2487.9061160181604,35489.69529242284,494.309363273352,22,2323.433939921933,2.06678760000068
2025-04-25,H48,14398.80339476875,-864.9897779464968,1281.42996019806,14815.243577020314,248.83056109797064,8,6993.856221775235,1.4415071000003081
2025-04-26,H48,13102.20453065489,-68.82299253431361,677.4161730915935,13710.79771121217,174.08196993525263,9,10800.0,2.598985399998128
2025-04-27,H48,25618.297209574903,7203.725205125099,10891.197376679069,43713.21979137907,2585.5847058501563,45,4366.841433701984,4.489800600000308
2025-04-28,H48,40433.77110845232,1467.8325358603506,1927.3401197366925,43828.943764049356,400.9888280512028,17,5929.95031404321,5.097305799999958
2025-04-29,H48,33194.71250592962,370.31965455309404,2890.14325713982,36455.17541762254,619.5084068484343,22,4183.08835492548,10.241706900000281
2025-04-30,H48,34112.38175780211,413.74229856290464,1595.006526215588,36121.130582580605,421.3945687723499,25,7191.123720039897,5.162894099999903
2025-05-01,H48,33910.659565718524,791.9896780222853,9420.387123852295,44123.0363675931,1901.6778119860394,44,1200.0,11.906207599997288
2025-05-02,H48,18574.11198953598,-940.3835797879153,3986.879537117911,21620.607946865977,847.6593245777251,21,5880.519441655491,1.5353328000019246
2025-05-03,H48,14234.77273659218,-35.19497542536884,2967.5725683586215,17167.150329525433,633.2619521742143,24,9380.79408427676,1.5567448000019795
2025-05-04,H48,34174.056204487366,2105.268356038975,9490.849053116395,45770.173613642735,2299.148092575704,52,6073.940063975748,3.142439100001866
2025-05-05,H48,36476.75588722379,2731.3960450644363,6799.122215389176,46007.27414767741,1484.706422607791,42,3348.386854178061,3.086986300002536
2025-05-06,H48,35790.85559780318,3461.442689743605,7118.362468428737,46370.66075597552,1528.8829042624532,45,5436.260557513251,6.559532800001762
2025-05-07,H48,37589.136253470395,3682.64533545244,5125.106947619004,46396.88853654184,1040.8684189950668,29,5624.569895121596,3.566707400001178
2025-05-08,H48,39772.320584397145,1217.3963431441628,3748.401566013528,44738.11849355484,788.0070596947103,24,2389.467300422829,11.216156200000114
2025-05-09,H48,18049.52264982287,-1061.5856426193463,994.0930963261776,17982.0301035297,190.2712206395003,7,4032.6175202243553,8.421676800000569
2025-05-10,H48,17020.942434764547,1384.102951522141,341.1294183916737,18746.17480467836,112.2030299379428,6,10800.0,3.213829500002248
2025-05-11,H48,34347.762368749216,2135.089518027569,5696.6286655102895,42179.480552287074,1398.758618625809,42,2957.3583387850335,5.638894899999286
2025-05-12,H48,39285.7661683818,2383.8226480014823,1647.8217888210952,43317.41060520438,348.56729166118714,14,4687.953827517402,6.836045000000013
2025-05-13,H48,39823.03480072641,1758.8670893172634,1993.5685148505843,43575.47040489426,401.0602628746245,18,4676.473165868122,7.091442899998583
2025-05-14,H48,41245.7416923884,1292.5829474196526,775.9326709840319,43314.25731079208,247.1483135153491,11,5641.90904678716,2.6094501999996282
2025-05-15,H48,35932.47486223637,5860.595852261903,1153.8812466655554,42946.95196116383,340.32731987684735,20,2685.6768617001107,6.773291400002563
2025-05-16,H48,15694.620538454936,-1102.271381657393,2302.0763425558275,16894.425499353372,462.84580713021745,13,3701.503869046014,1.3202011000012135
2025-05-17,H48,16547.63397671462,-414.6602305407523,1217.8421052185436,17350.81585139241,375.9449576177361,16,9820.027163970366,2.2766165000011824
2025-05-18,H48,36286.44954841063,656.9302250898494,2773.8692326090395,39717.249006109516,940.8147448198779,37,3971.0126142879126,1.7221081000006961
2025-05-19,H48,36838.03413129489,-435.2619494755146,2801.7047416907685,39204.47692351014,521.2329632797891,19,2804.060585229585,7.886630499999228
2025-05-20,H48,40365.93890777031,96.88374164504157,4803.02813439372,45265.85078380907,1026.92420765233,32,3847.7290334119243,8.236645100001624
2025-05-21,H48,35751.5337218786,3596.9997216341253,2468.1916479816014,41816.72509149433,556.0534072674967,20,3749.8552421577056,4.51798079999935
2025-05-22,H48,35706.184074409546,5.239949330137904,3837.5638667178378,39548.987890457516,796.4820933966573,28,1687.1597531190137,6.028772699999536
2025-05-23,H48,15145.494681029902,-106.00263794120781,2075.6460160708352,17115.13805915953,373.44240601017464,12,2692.8436168067597,1.2399036999995587
2025-05-24,H48,17330.88630532087,-465.9819401258692,34.14597207755419,16899.050337272554,6.28607733386491,1,10413.65656615952,4.056396799998765
2025-05-25,H48,30986.384746581443,5013.238156864412,5692.26946893079,41691.89237237664,1393.5507605563064,39,4011.2930325637894,5.153483199999755
2025-05-26,H48,36633.627992578135,4640.039418246059,1846.9930985071117,43120.660509331305,371.61068907127594,20,3866.0539611000722,7.479104800000641
2025-05-27,H48,35348.333277439706,3320.6580341704525,2386.414850334689,41055.40616194485,600.2030753993024,29,4802.032772029809,10.28426070000205
2025-05-28,H48,37696.38675752586,4472.188773050546,835.6595306932,43004.23506126961,314.0570651997885,14,3990.954584795808,6.510719199999585
2025-05-29,H48,36389.708634107315,5526.321454646567,2788.1533195547445,44704.18340830863,616.5295565841496,22,1444.9852283545474,4.898998999999094
2025-05-30,H48,18657.02740504318,-1105.084887034484,126.51905898205005,17678.461576990743,22.116783319998262,1,4847.567319861284,1.3767517000014777
2025-05-31,H48,14644.037263771905,598.9763864322545,1808.6774840451178,17051.691134249275,492.5820686975473,16,10800.0,1.6271775999994134
2025-06-01,H48,48470.75788085759,3967.7818385453324,14345.899812773487,66784.43953217642,3807.2514446227715,62,4350.927943994235,1.9637313000002905
2025-06-02,H48,57009.55078566828,300.3305736950156,5875.288606599466,63185.16996596276,1446.8344864085557,39,3824.9204146882103,5.099335000000792
2025-06-03,H48,48919.35987824072,7686.899022525957,6435.562672384886,63041.82157315156,1462.7793945380818,44,3626.1399479981783,6.773393199999191
2025-06-04,H48,57649.67435645181,-1219.4090827465916,9739.139861366595,66169.40513507181,2563.9439526747615,51,3975.5746230237764,9.329291800002466
2025-06-05,H48,50683.081440963615,7081.525487237766,7877.484156803229,65642.0910850046,2009.7710082921062,52,1444.930527611318,5.95301919999838
2025-06-06,H48,28994.448726767012,-3322.6753516022804,3931.6673688272485,29603.44074399198,966.9483122982746,26,1699.9543921838315,1.9082236000012927
2025-06-07,H48,30699.601390711978,-1793.8844487931979,1309.524354910578,30215.241296829357,254.0157859152913,9,10398.194294842824,2.5154361999993853
2025-06-08,H48,40429.19252527792,9977.7717317042,4446.359416553507,54853.32367353562,1217.4304193565265,40,2044.0895025802965,2.569581300002028
2025-06-09,H48,64140.521742772835,652.0146374404839,474.7483834985039,65267.284763711825,188.15290941238683,8,3272.046822583659,2.8633440000012342
2025-06-10,H48,59823.12225152865,398.0630720667368,49.178794333318834,60270.36411792871,18.719005067260923,4,2820.787147549393,4.371656699997402
2025-06-11,H48,60362.141951640675,3616.5122684822754,1576.652692097642,65555.30691222059,333.27667003925455,12,2097.4966911027636,9.820181000000957
2025-06-12,H48,57255.54104274712,4520.924539630156,655.0116400509855,62431.477222428264,164.39337418505386,7,2114.9342568579314,3.503749500001504
2025-06-13,H48,33192.89794752146,-3043.9664525541866,941.0268445207859,31089.958339488057,182.73998776425256,7,2961.385126421138,3.280751700003748
2025-06-14,H48,37133.47273431804,-4615.9289385944285,208.2269328064114,32725.770728530024,65.78938508189924,3,9137.799598817339,3.6129342000003817
2025-06-15,H48,45736.75171267844,9349.650799224708,4988.737542448093,60075.140054351235,1091.9719640095204,35,2838.368407301986,5.104890000000523
2025-06-16,H48,60106.464743692995,9375.138308387806,298.671744836994,69780.27479691779,74.95561062134891,5,3318.85306891008,1.7488854000002902
2025-06-17,H48,59105.95629827738,3139.0540584392593,1142.2254714788041,63387.235828195444,276.90414204523927,23,2332.758707368362,13.610220100001243
2025-06-18,H48,60876.23099008518,2161.8003009996187,528.0263547296681,63566.05764581447,138.9187510092052,8,2672.947130463514,7.241744899998594
2025-06-19,H48,53930.40781792862,6951.462248041727,1291.9330421784769,62173.80310814882,280.139364123212,15,2257.1386471297683,7.213819700002205
2025-06-20,H48,30078.336332870473,-3041.644332383629,230.15028367493417,27266.84228416178,38.544244985843505,2,2643.4501181188252,5.9825275000002875
2025-06-21,H48,24684.951704083236,-315.1411940089947,215.4876360881678,24585.298146162408,34.28666938743305,2,8705.465653220299,5.239149499997438
2025-06-22,H48,44974.92618702313,6127.820812816831,3428.722386902977,54531.46938674294,986.6362899051413,36,2097.840504040901,6.197465999999622
2025-06-23,H48,52151.13138470637,1280.0951690397665,3567.2497460752284,56998.47629982136,793.8384896146451,28,2394.189001524903,12.334091200002149
2025-06-24,H48,67003.45819613077,159.78230147851139,568.5714335913342,67731.81193120062,178.06151411206534,13,2782.2820038915356,9.896803500003443
2025-06-25,H48,53733.25085647134,4488.65682624272,2417.0885746161307,60638.99625733019,430.4781934276917,11,2329.7793622098416,3.8091409999997268
2025-06-26,H48,55895.194452777825,969.750959355275,500.26737380798886,57365.21278594109,130.1006662500263,9,1739.775270448747,7.412398899998152
2025-06-27,H48,26950.178075860433,-3404.321120036603,2704.8473875126424,26250.704343336474,461.8660603624864,12,2386.1932830117735,5.087377900001229
2025-06-28,H48,25596.58651375411,-455.81728815234385,190.17114728725505,25330.940372889025,81.1144390530485,3,9774.12111032377,7.971892200001093
2025-06-29,H48,41718.5644952179,11879.762121656957,6101.684121325916,59700.01073820077,1458.0723216903782,37,1945.4896176207194,8.864819300002637
2025-06-30,H48,53539.28804689729,5114.133939645804,1949.1956944277517,60602.61768097084,567.0452639702285,19,2546.7423231442904,3.3255079999980808
2025-07-01,H48,55066.17438331031,11054.011521784525,12689.98983243127,78810.17573752611,3422.1193020375667,53,1608.7050011005172,7.310638299999482
2025-07-02,H48,69211.86086622882,-1631.0382044462108,9752.498937364266,77333.32159914686,2229.450016810242,42,4223.827876971607,1.990549699999974
2025-07-03,H48,64638.3439227436,2498.63927262971,12323.18666926028,79460.16986463359,3000.9090125178573,59,1514.3980307145541,7.591136499999266
2025-07-04,H48,26588.296089267096,4779.584062221438,2571.5392169703855,33939.41936845892,709.792824542997,30,2560.3977717091675,5.597916399998212
2025-07-05,H48,27359.50261685253,1973.3184433369088,2838.119708693254,32170.940768882694,909.7536222034458,28,7935.611704711625,2.9626447999999073
2025-07-06,H48,50399.15973399063,20705.47115428673,11024.827267251592,82129.45815552895,2820.9768081730717,59,3094.6656086232165,7.333993200001714
2025-07-07,H48,61206.730526105326,3063.7645824106917,5656.521981634447,69927.01709015048,1604.690103156984,43,6277.110805001714,5.4974419999962265
2025-07-08,H48,67790.31444456227,324.02339934745703,413.96242922194654,68528.30027313168,96.82556484652423,6,4665.812206018693,12.069560400001137
2025-07-09,H48,63647.55869845654,3053.6387848609575,1029.426997833833,67730.62448115132,198.51195700220148,11,2125.4741891839576,10.937120599999616
2025-07-10,H48,63987.856836582374,4942.456798711002,1314.8506597402281,70245.16429503361,240.8109820185686,8,2305.2061403126954,2.966544900000372
2025-07-11,H48,41294.973980756666,-3766.6906913050416,1295.4629331179865,38823.746222569614,202.88593119693442,6,4062.610384335675,2.479157200001282
2025-07-12,H48,35250.36633030325,2857.1268245855117,0.0,38107.49315488876,0.0,0,9002.40854043932,7.047404099997948
2025-07-13,H48,59494.81307902424,550.8887917411557,3115.8845167770996,63161.5863875425,723.4789568787196,25,2743.421830544996,2.3691644000009546
2025-07-14,H48,63995.491200782395,1842.1833725516285,739.652615682458,66577.32718901648,130.64682947074382,6,1896.653329580795,8.510782600000312
2025-07-15,H48,65573.4245936981,-1949.762118875207,2389.7232277191583,66013.38570254206,490.6461054099933,20,1886.3981467298106,7.292637899998226
2025-07-16,H48,64852.054675287065,2689.221281926074,1252.4616002759967,68793.73755748913,238.8865375624243,9,2748.805821723484,8.143251000001328
2025-07-17,H48,61492.6559644227,3971.477411249912,1675.6471677909813,67139.7805434636,365.61907662803196,16,2067.1485163482816,11.945471300001373
2025-07-18,H48,39540.98258167843,-4050.0292882684876,1239.8546933855396,36730.80798679548,198.54355603181918,5,2540.2085516469447,5.069174200001726
2025-07-19,H48,35429.447655293705,-316.41610652117447,331.5054436940056,35444.536992466536,114.21885766134119,2,6379.274415456609,5.269629400001577
2025-07-20,H48,51659.607066810175,11684.066634215902,3953.8099440972833,67297.48364512336,1082.8837808496007,35,3765.584529066841,2.975926100001743
2025-07-21,H48,63845.514130990094,1762.5088721072352,679.4866880405851,66287.50969113792,186.5881638247284,10,2682.5076307023314,9.413165899999512
2025-07-22,H48,73835.40846021648,-828.9815433558915,770.2749719701799,73776.70188883076,159.20186516133975,5,4353.103847509712,4.2529712000014115
2025-07-23,H48,67569.57210600881,1322.3524397002816,531.4501633803823,69423.37470908948,111.34909918306745,9,1866.1451528546122,3.0359493999985716
2025-07-24,H48,73108.61980669714,-2002.2536114809557,547.9827112846884,71654.34890650086,124.53278865606188,5,2314.1035544856218,5.370815300000686
2025-07-25,H48,33713.09690130307,-563.4861284115609,2835.9470375981746,35985.557810489685,460.44466790660283,6,2938.88226202415,13.534219299999677
2025-07-26,H48,35066.412615071924,-1810.0002593947795,402.90641149856947,33659.31876717571,63.30855833237068,2,8877.475957597035,2.0386628999985987
2025-07-27,H48,60410.85125767452,1714.0190980027821,2555.373596890452,64680.243952567755,540.4337197992932,14,2792.587092149714,8.802085299999817
2025-07-28,H48,64946.546999297105,2429.9778569679147,1499.1218192061501,68875.64667547117,298.30886158397846,14,2154.8941649456056,10.181418400001348
2025-07-29,H48,64349.845819895476,2799.4155625337357,1432.7775265235896,68582.03890895279,228.39397193656157,13,1797.3849748074185,12.039946500000951
2025-07-30,H48,61633.46286418229,7310.133259902048,533.2012283580673,69476.79735244242,113.88383569737616,8,2833.013347946393,10.121940600000016
2025-07-31,H48,59849.01061702647,6052.358611060356,2094.454203744507,67995.82343183133,424.0029901212107,16,1582.2684596812283,2.6232500999994954
2025-08-01,H48,31543.259221340373,-2473.526951014681,1839.3658349485079,30909.098105274203,333.6200512614891,4,2248.9677626847442,1.3816497000007075
2025-08-02,H48,33072.294029889614,-1254.8493495130012,497.03679817755284,32314.481478554164,110.23121590155638,3,9184.64328001417,6.87679030000254
2025-08-03,H48,45639.069732961565,9301.926734424545,4972.312404746523,59913.308872132635,1172.8560953158908,30,2147.419852494879,7.7686568000008265
2025-08-04,H48,58995.10780779224,1316.6392192219398,1713.5062852579622,62025.25331227215,331.4849171695447,9,2140.3391152707936,4.0288206999994145
2025-08-05,H48,57647.65651110637,3539.6261567703914,576.4389053158714,61763.72157319263,131.99904487292108,9,2920.6367519867554,3.9286878000002616
2025-08-06,H48,61883.44871225286,-959.6627426327751,1872.0234864043446,62795.80945602443,365.03917793360745,18,2318.2451212822143,11.186646699999983
2025-08-07,H48,56987.11928775979,3064.7595303153903,1046.105370232792,61097.98418830798,286.177265229996,11,1733.926384692801,6.966731599999548
2025-08-08,H48,29642.337797376258,-1518.7225013992388,2291.199833965651,30414.815129942668,368.2151406654399,8,2664.0649339366328,1.5295743000024231
2025-08-09,H48,29921.789577018975,-421.89455739719386,143.18818412068353,29643.083203742466,57.0335930347141,3,8356.217976345435,4.2998884999997244
2025-08-10,H48,50668.83115503135,6198.645982141134,3501.102205138217,60368.5793423107,917.8664817073417,30,4266.612903477593,7.851450699999987
2025-08-11,H48,54463.62936883034,1590.9757379235232,2264.000201110877,58318.60530786474,413.38338336570087,16,2162.397010645397,6.568029899997782
2025-08-12,H48,59413.39668676091,893.1927066089471,1748.5380295937293,62055.12742296359,307.41007149970994,12,1673.5506035845733,7.463728200000332
2025-08-13,H48,56943.835654314214,1456.5102761314663,1728.4217663180088,60128.76769676369,304.6606360757067,20,3305.328005996843,10.226712099998622
2025-08-14,H48,57662.99062254078,2006.7241991462672,468.2080984833129,60137.922920170364,112.58472519652383,8,1843.6737202823172,3.1216888000017207
2025-08-15,H48,30439.982716012353,-2194.24791013709,1329.3835930056362,29575.1183988809,225.6528016469266,6,2159.873061577817,1.5424175999996805
2025-08-16,H48,33700.488642367694,-2435.21278940706,2318.241891286206,33583.51774424684,368.7210076514086,11,8127.885599506819,2.479343400002108
2025-08-17,H48,57772.37982094129,-61.67388957287835,1226.901938658018,58937.60787002643,254.06341101841193,9,1944.1140162832462,6.96697210000093
2025-08-18,H48,54269.149883363054,3850.8744261870606,3328.6496694992993,61448.67397904941,692.1908178803625,20,2380.8698210905723,2.2155046000007133
2025-08-19,H48,58058.66951724174,-60.29910328781699,3349.4999513390926,61347.87036529301,556.7779922049956,17,2562.3461817700236,4.918494399998963
2025-08-20,H48,59943.975180757305,4524.96877419509,1557.5521717515917,66026.49612670399,351.6912173700314,18,2866.091335396718,3.8575817000000825
2025-08-21,H48,58817.58517512142,-260.5664806829906,1814.444641162505,60371.463335600936,347.3445364832296,11,1801.8135916720291,4.79101830000036
2025-08-22,H48,29718.1071710874,-714.0362975142062,1659.0772465718524,30663.148120145044,327.18164344778967,7,2497.066091579183,1.6246721999978035
2025-08-23,H48,28519.18184842042,111.56879528929858,285.659950874991,28916.410594584708,67.96473950822367,4,8892.960703228991,6.286461399997279
2025-08-24,H48,53363.824913115146,4512.1456846627825,1552.0253071226678,59427.9959049006,300.93541914476793,16,4111.351062449977,12.049459599998954
2025-08-25,H48,69588.17673113823,-4118.25861193151,391.92703678466853,65861.84515599138,102.65748307744762,7,3086.987629148765,2.8144375999982003
2025-08-26,H48,57732.90095458739,-668.1597620774261,263.33722058418033,57328.07841309415,74.0700749983555,6,1999.965779016216,6.878276499999629
2025-08-27,H48,55182.71897529646,6056.612072372276,1735.4183936422744,62974.74944131102,361.2387735047233,15,1548.760181733046,8.717021800001021
2025-08-28,H48,55507.27474713902,7513.869543865629,2057.9205938717064,65079.06488487635,413.00459544393647,14,1766.144964068514,6.142462999998315
2025-08-29,H48,33873.71604338459,-3523.543354262626,2887.1305455215966,33237.303234643565,432.907400686811,8,2199.6021033399893,1.9226163999992423
2025-08-30,H48,32457.362492162494,-794.8501299997046,328.3232272763098,31990.8355894391,76.64805970673075,6,10793.175185205715,1.8993680999992648
2025-08-31,H48,48137.84337146745,8829.682781270078,2783.637989533534,59751.16414227106,696.6958366917122,24,4148.292488069973,10.424823800000013
2025-09-01,H48,54933.97294164509,-3261.8362612745777,0.0,51672.13668037051,0.0,0,3571.048531286488,6.236549400002332
2025-09-02,H48,48157.08083417364,597.66928433661,641.5598901175613,49396.310008627814,115.11696801157484,3,2448.6053950200003,4.5830700999995315
2025-09-03,H48,51531.73276484462,-39.86515298737328,32.53778847199625,51524.40540032924,13.470415430344133,1,3662.9575688776804,6.40181229999871
2025-09-04,H48,50173.360113611576,-1687.0976899059906,335.63831819978634,48821.900741905374,87.35200200187779,3,2322.499878628027,9.539941899996847
2025-09-05,H48,26247.08458570634,-2396.3912718758666,203.61923938698706,24054.31255321746,33.826603436662026,1,3224.3701598093935,2.3411849999993137
2025-09-06,H48,23347.985790588245,-1303.2203762528065,1014.2667866548838,23059.03220099032,170.43705743642153,4,8494.750762627287,2.3714724000019487
2025-09-07,H48,39647.9537747828,3992.0965149009817,1709.3677561679904,45349.418045851766,370.78090053982953,15,3163.812838902776,10.609433799996623
2025-09-08,H48,48767.61146660536,-218.678516419951,1155.9690486405696,49704.901998825975,218.0515514039244,9,4035.7684555377496,4.507583699998577
2025-09-09,H48,39386.3588288366,2928.843336819128,6534.482821624298,48849.68498728002,1571.278179135631,32,5161.731606482658,4.394585700001699
2025-09-10,H48,48546.972329360964,351.26452581801675,1212.3620912767428,50110.59894645573,270.2166208631205,14,2482.054848956729,6.904087300001265
2025-09-11,H48,45627.19854518864,-1803.4680133633801,2474.2001783632268,46297.93071018849,540.0774213653585,22,1571.0912251139048,5.899591999999757
2025-09-12,H48,22155.52072124884,-1502.393489942754,1841.699323589553,22494.826554895637,322.8931610389438,12,3210.70722424196,2.3426682999979676
2025-09-13,H48,18345.809669953644,2262.530611578702,112.94414704805567,20721.284428580402,45.274507934636524,6,10674.011213639427,2.7649877999992896
2025-09-14,H48,38727.41445925832,4790.657806009071,7403.584679321427,50921.656944588816,2204.3489914281454,52,4040.910096401467,4.984091000000262
2025-09-15,H48,43391.02741211713,981.5690111139412,2256.272486229796,46628.86890946087,441.6417199496353,19,4380.085707360695,7.7040897000024415
2025-09-16,H48,49934.60558854314,-1045.228841377032,1903.9227460917336,50793.299493257844,471.43784549936464,24,3709.0937260968826,6.123679899999843
2025-09-17,H48,48082.10410462624,-548.5353314488075,2255.986448582566,49789.55522176,504.1648823103462,27,5724.053816136701,6.380564700000832
2025-09-18,H48,40155.31389848179,6642.889400027488,1573.583572577812,48371.78687108709,397.7705103469238,22,1633.0666752196653,8.994296899998517
2025-09-19,H48,24413.720193459914,-2401.7221528735317,2090.5019609813053,24102.50000156769,388.62190090521096,10,4325.515400692933,1.6683687999993708
2025-09-20,H48,21116.47569806116,-786.6707510498532,950.8458750332369,21280.650822044543,194.57068616061497,9,10682.550362053098,2.9150359999966895
2025-09-21,H48,37433.1355609984,7067.698296566788,5274.856088139815,49775.689945705,1585.905993892262,47,5317.640584795541,4.636497400000735
2025-09-22,H48,52509.15958396674,-3224.301133036435,2653.633059854519,51938.49151078482,628.2029342096683,27,3125.825419187963,1.8813592999995308
2025-09-23,H48,47750.22713061591,3166.509575105929,668.820175757178,51585.55688147902,168.50772754058815,15,2261.3152050972453,8.072995300000912
2025-09-24,H48,43055.47573054795,7429.96953981584,1064.9063358063568,51550.35160617015,350.98853256666166,23,3297.143162551391,3.6535022999996727
2025-09-25,H48,46709.57642417445,2778.13003680665,2734.7795327379104,52222.48599371901,631.3795804890532,24,1968.2112541654208,4.707792999999583
2025-09-26,H48,23650.039233579344,-1850.8162611468993,685.0895057660575,22484.312478198503,127.93367428009492,7,3673.2358591317757,1.9706421999999293
2025-09-27,H48,22928.490518164763,121.19841459262443,372.50298378771987,23422.191916545107,120.85808768580347,5,10705.236069712108,3.6087236999992456
2025-09-28,H48,41243.00289730481,7962.502023987692,6291.200505415919,55496.70542670842,1559.8322904422555,45,6773.2524833545085,2.596613100000468
2025-09-29,H48,51031.660184179746,-2788.1220869626823,3888.3392930943737,52131.877390311434,858.724264451951,34,4341.07045351634,4.2181963000002725
2025-09-30,H48,48964.38400431104,5401.6309165116145,1464.5333180177397,55830.54823884039,371.06526673016725,16,3733.6406992747457,5.071426000002248
2025-10-01,H48,46693.75742685779,-1305.8107625535295,65.9575791528925,45453.90424345715,31.37109797408982,4,4171.084041159148,5.957093999999415
2025-10-02,H48,50037.495764833584,-3456.422379275247,419.8787705450675,47000.952156103405,112.70973837322097,10,2795.378467651481,5.290835800000423
2025-10-03,H48,19022.80306787616,-635.0564933257594,237.4349492216368,18625.181523772037,41.607806750483974,1,5411.571742081678,7.9396838000011485
2025-10-04,H48,21616.11770508192,-1609.7410340143515,97.5625113102673,20103.93918237784,44.96790761769313,3,10523.693336965369,8.560668500002066
2025-10-05,H48,37134.7327484804,4421.270809062107,1925.483230523541,43481.486788066046,853.5884854257132,30,2950.3761637467524,11.60427879999952
2025-10-06,H48,42031.486093763415,8723.272045420577,291.08181643657747,51045.83995562057,100.07795881618792,7,3863.7638935014447,2.3691149999976915
2025-10-07,H48,48351.85835549667,-63.87368292767464,375.2308089971087,48663.215481566105,85.14415554028439,8,5423.509130013086,4.953571899999588
2025-10-08,H48,41683.65905354186,2085.506686455798,1266.2277818933767,45035.393521891034,348.04266697784186,20,5334.943537064037,11.0114281999995
2025-10-09,H48,48999.28279182319,-4916.2032723110215,1467.0715316540673,45550.151051166235,294.5485638011654,16,1643.3318383498865,4.156093100002181
2025-10-10,H48,20702.177626199737,-1908.231268426694,1434.7786261748092,20228.72498394785,277.2186942261817,10,5355.735172444931,3.3990396999997756
2025-10-11,H48,21452.254998626668,-934.8403153931145,54.872813333235655,20572.28749656679,23.326089147112157,2,10800.0,4.9409513999999035
2025-10-12,H48,39627.139078438195,1985.9702295486693,6312.882142472663,47925.99145045953,1387.9286055704952,35,6313.80561744901,3.945728599997892
2025-10-13,H48,42694.26514987482,106.33679644711626,3963.9960460326533,46764.59799235459,800.2637302522025,30,5997.6329933007655,3.507195000000138
2025-10-14,H48,46982.51904266851,709.5772140646966,1244.951669438663,48937.047926171865,301.02701786952787,23,6606.736444495842,7.581194300000789
2025-10-15,H48,48273.66053314728,-433.08553906665486,1811.2836971270972,49651.85869120772,384.851449377683,18,7469.923777563143,7.1060587000010855
2025-10-16,H48,45753.74370383242,936.7654692184675,1037.8956188734066,47728.404791924295,284.5310364245251,17,1950.3830664005811,2.0223616999974183
2025-10-17,H48,20324.902062016918,-975.7255282183997,1096.0268335064052,20445.203367304923,196.65051935215138,9,5872.832254109992,1.8922730000031152
2025-10-18,H48,20157.59731827734,-854.0580978720711,177.79725086726566,19481.336471272534,62.330399397582255,4,10630.864515652995,2.7609878000002936
2025-10-19,H48,42935.39754737273,2224.234286439068,6303.206637048871,51462.83847086067,1512.805019538278,42,5793.024765930802,9.554007999999158
2025-10-20,H48,53754.43289243272,-857.8823586886253,739.3977615881763,53635.948295332266,173.0928097871524,10,8282.264085854009,1.5715295000009064
2025-10-21,H48,45942.193024115055,9860.00954357682,1246.886974368112,57049.089542059985,388.0290460314143,21,7682.024872659815,8.137652800000069
2025-10-22,H48,47575.34787063702,1920.2522910260002,1384.4788269091139,50880.07898857214,306.7751343723253,21,5898.0234054208095,7.457131400002254
2025-10-23,H48,57215.91624260825,-4090.0761061962216,806.6130962933172,53932.453232705346,159.93696556251228,12,2096.234311642018,8.529313699998966
2025-10-24,H48,21715.914054617097,-1561.4285548978241,186.8342502861428,20341.319750005416,33.20907399327103,1,4452.964640143902,1.5111513000010746
2025-10-25,H48,18656.35340674429,-398.13015627674315,237.85095559664242,18496.074206064186,102.59060223489246,5,10187.601105491134,4.693572600001062
2025-10-26,H48,50417.50367181888,-1022.5549290547876,1985.449430006527,51380.39817277062,429.519988249431,17,4960.747731512564,6.1070507000004
2025-10-27,H48,48182.326890864424,2939.1470555864494,777.9501302314591,51899.424076682335,203.63405956251142,19,5208.082511746247,4.346054600000571
2025-10-28,H48,48397.76671391993,4074.0786628554747,920.1711122688239,53392.01648904423,234.00917655668724,14,7306.916003963194,11.477658700001484
2025-10-29,H48,56864.110945804045,-1109.9639549278916,1265.9460050759635,57020.092995952116,274.3943227586398,14,6809.778686171286,4.7850580000013
2025-10-30,H48,47408.253714788705,2126.556482556774,362.50192851118845,49897.31212585667,116.42032341147095,10,1962.3552560280395,13.298695199999202
2025-10-31,H48,25043.260861261173,-2251.8437863899276,452.62688540627954,23244.043960277526,77.90540076468312,3,8168.869224330038,2.925373199997921
2025-11-01,H48,17914.516507178552,888.7559272053015,187.65383266950784,18990.92626705336,104.38533396960997,5,10800.0,1.837011600000551
2025-11-02,H48,43098.80118155371,8446.439280854562,3616.0415109105293,55161.2819733188,952.2159403472865,46,5332.25876895584,4.81473989999904
2025-11-03,H48,54624.30055654982,417.23619099559414,1253.713690619589,56295.250438165,273.9367690064397,18,5424.450382644286,2.002023000000918
2025-11-04,H48,52043.51462312497,1339.4385456493396,1378.4429182335,54761.39608700781,292.0403970781572,15,3862.344857643525,3.2910083000006125
2025-11-05,H48,60643.371101346216,-1123.7454626793485,1118.7288697821891,60638.354508449054,296.1475390506127,11,6889.637542306255,5.187790800000585
2025-11-06,H48,51348.62473476155,2379.509816722503,1629.3272354788987,55357.46178696295,439.3193774197284,33,1561.9082736265555,5.283231400002478
2025-11-07,H48,21450.08932200801,-363.953781401519,0.0,21086.13554060649,0.0,0,5407.3373188969235,6.810664299999189
2025-11-08,H48,22521.248414162845,-1516.806925451784,68.77883614286085,21073.220324853923,20.72924384301598,3,10800.0,3.957284799997069
2025-11-09,H48,48760.049644193125,5817.020485958066,4066.2659419038096,58643.336072055,1008.7169117676883,42,7435.792574981337,2.397157600003993
2025-11-10,H48,56726.98628846056,4948.5573469078345,946.4315082515923,62621.97514361999,245.96280632588926,19,7386.830514198538,2.7527945000019827
2025-11-11,H48,57160.02798448319,-452.63675303618663,413.11380335345325,57120.50503480045,123.65348786066183,13,4534.601614288607,3.4631080999988626
2025-11-12,H48,55306.30550787602,5064.355347992729,522.3908919664711,60893.05174783522,110.85743453402847,8,4122.168513087383,7.094078799998897
2025-11-13,H48,53935.23716213291,4560.274806066574,1196.1935314773798,59691.705499676864,248.30096772028767,16,1783.0628734561164,2.8178253000005498
2025-11-14,H48,22867.126331801624,-1676.7340899825795,1123.315888928037,22313.708130747083,224.0557734918243,14,5623.696254492338,2.5577450999990106
2025-11-15,H48,26009.396554004074,-2144.525460524192,124.30937055968766,23989.180464039568,42.3366807626623,2,10381.860785202318,1.6331074999980046
2025-11-16,H48,50875.82460293421,5940.896315661275,6013.57224920037,62830.293167795855,1262.8517282490252,44,6024.120068560673,1.7356616000015492
2025-11-17,H48,56956.45177195948,2360.1359955661883,922.6903993624856,60239.27816688816,198.08428351262697,11,6960.126219577898,3.5594154999998864
2025-11-18,H48,54399.64912258387,3083.2440031758883,2095.264277726185,59578.157403485944,498.96962874945297,28,5248.619536662816,5.064234700002999
2025-11-19,H48,61264.685762767826,5189.9577044184625,1336.2497482150686,67790.89321540135,289.0597468432953,14,8664.88929690334,2.784410800000842
2025-11-20,H48,55622.53738895844,286.7643021425244,1771.084432208653,57680.38612330962,403.15295982304417,23,1583.5117687210059,7.7509173000016744
2025-11-21,H48,26866.811798286544,-1413.9919663568476,0.0,25452.819831929697,0.0,0,8829.494992696053,3.7490082000003895
2025-11-22,H48,25847.244029451056,-2635.2064579205685,78.55955976137332,23290.59713129186,23.135807827012485,2,10800.0,1.4994846000026882
2025-11-23,H48,53005.201284875686,6063.339697199764,2499.5181312535647,61568.059113329015,651.0166406824118,39,6867.835610420179,3.494561600000452
2025-11-24,H48,51921.88497322926,5603.616811436335,2555.8833969781704,60081.38518164377,620.3434569986039,33,4337.46548311264,3.3855479000012565
2025-11-25,H48,66479.35755152523,-1900.7419020883294,1084.097845173648,65662.71349461055,297.8272069738206,18,6556.17229472131,10.96076919999723
2025-11-26,H48,59523.714805971955,3272.672875849864,1270.2509844365059,64066.638666258325,271.159408551571,12,4410.725646045421,7.904073199999402
2025-11-27,H48,57419.05616668245,4297.222691855257,3223.6261930151195,64939.90505155282,715.0829789407342,30,1537.6572244515487,3.085485699999481
2025-11-28,H48,24360.331951473472,521.4818816638159,1703.8657202290656,26585.679553366354,299.3643466513336,14,5896.602859312477,4.835054400000445
2025-11-29,H48,27149.320974961985,-2111.9029629731535,236.38399132957232,25273.802003318404,101.41619651827898,4,10493.3860067399,2.739413000002969
2025-11-30,H48,58529.999985507966,5651.610025974001,1694.9283064056447,65876.5383178876,454.71366320931617,27,7418.225966245825,4.147268999999142
2025-12-01,H48,68848.79155498957,5744.715676374079,5267.499985058586,79861.00721642224,1788.5686845275482,39,4757.72207199566,1.8922782999979972
2025-12-02,H48,75383.66143963332,3035.520404454496,5153.483759050916,83572.66560313872,1505.1969792863924,46,6550.835244134424,10.674791299999924
2025-12-03,H48,65730.96217677405,13280.756481114982,3943.8007941136493,82955.51945200267,1352.9317706920447,39,6245.4733652918785,5.601012499997523
2025-12-04,H48,69658.49871005294,3776.9683563927133,8286.47006216863,81721.93712861429,2192.5912507191774,51,2414.214051559508,4.225834200000463
2025-12-05,H48,34168.80359596123,30.978697435513368,940.4937997701921,35140.27609316694,197.6360755644189,11,6249.523466548732,3.043097600000692
2025-12-06,H48,30873.068273432153,-973.3238131401033,741.4757834312621,30641.22024372331,286.2442459902498,16,10134.048187339957,5.024376700001085
2025-12-07,H48,69839.27022857945,5350.7860358937605,7245.627402832829,82435.68366730605,1681.8625802305323,46,8662.319643392097,8.958279800002856
2025-12-08,H48,80909.4899282406,-1639.5406961601786,283.7245372015959,79553.673769282,44.33670543849621,4,6086.238838389642,2.1942773999981
2025-12-09,H48,78338.84893660134,-600.4548182493438,1005.3158670715985,78743.70998542359,186.77294695513544,11,5891.654181677523,14.282046600001195
2025-12-10,H48,76048.12294878768,4742.728781011011,670.8101055342884,81461.66183533298,131.69735901570328,10,8871.470080695626,5.4667966999986675
2025-12-11,H48,74644.77602526464,-1258.1632093645198,772.1685543645838,74158.78137026471,164.5408488145094,12,1706.2545517427957,6.840856099999655
2025-12-12,H48,40192.52173141373,-2685.5337328483047,1093.4025124234092,38600.39051098884,204.89690676971742,6,8658.409653721483,3.500572800001464
2025-12-13,H48,36147.98311931256,-1407.8075582724452,19.492595824524653,34759.66815686463,8.284211339420153,2,10800.0,2.2363678000019718
2025-12-14,H48,68435.44177214238,6056.801277991544,8702.927274578977,83195.1703247129,1453.7458501256206,37,7433.540701450633,3.6042212000011205
2025-12-15,H48,73934.64857332889,5203.718664888808,494.7140515079544,79633.08128972564,98.31592517435962,9,7942.741919271097,14.219086899998729
2025-12-16,H48,78930.71998017671,31.921161798841936,296.9484232047948,79259.58956518036,84.04536657807807,7,8837.19964049866,5.557476199999655
2025-12-17,H48,74881.8255930423,-738.8031788146903,2578.9328553157147,76721.95526954332,567.4586918008808,29,7116.478125529752,12.101967999999033
2025-12-18,H48,70563.02888830403,4284.573949331407,599.6488561860249,75447.25169382147,191.6752138209221,15,2466.585859370972,3.471535500002574
2025-12-19,H48,37248.5149189902,-2660.584461145216,469.5382790895079,35057.46873693449,77.27215761514486,6,7682.009852242098,3.0891025000019
2025-12-20,H48,30428.53858476296,-613.1695188382563,0.0,29815.369065924704,0.0,0,10800.0,5.412983399999575
2025-12-21,H48,63217.62912881984,14561.344806403857,3866.2144087690417,81645.18834399273,1194.738857901171,38,8050.122581506368,14.074993500000346
2025-12-22,H48,77246.30610071187,-1140.3457518576452,2148.8586476713567,78254.81899652557,377.4424635542645,23,7356.685791250763,4.379282899999453
2025-12-23,H48,76654.88162615486,970.4647274249123,996.5541040532513,78621.90045763303,213.4382354591583,12,9396.116856865692,5.664293699999689
2025-12-24,H48,76449.20595142974,-389.6658818303281,331.73568108046436,76391.27575067988,124.3609042190443,8,8843.022915582984,7.246893200001068
2025-12-25,H48,68049.35795957768,2858.458508968434,2775.9078028147323,73683.72427136086,703.756399360915,23,2324.2849373317435,6.381022300000041
2025-12-26,H48,36788.42965939717,-2341.1501660083,235.10009900038432,34682.37959238925,39.09624014468693,4,9031.103465798344,3.406087800000023
2025-12-27,H48,32540.124763480784,-1797.1935445414795,33.574849447907496,30776.506068387214,15.540314486418652,1,10800.0,6.761445199999798
2025-12-28,H48,63369.28504135314,7035.563002056805,6549.413464749768,76954.26150815972,1598.4907866596009,52,7280.698967062302,9.891021399997044
2025-12-29,H48,73965.45480775778,3224.7970784776485,266.2047272848847,77456.45661352032,55.533631708352615,3,7475.353241172743,13.944223800001055
2025-12-30,H48,71466.64712792935,1594.5442422720114,806.9387245450241,73868.13009474638,185.04499308043623,18,7264.090169160488,4.759409100000994
2025-12-31,H48,78207.07106649678,-1053.0967401761839,699.2876917169103,77853.2620180375,164.70086597917415,11,7424.6949588431635,8.45275589999983
