date,issue_hour,objective,elapsed_s,lp_simultaneous_cd,lp_emergency_charge,final_simultaneous_cd,final_emergency_charge,binaries,iterations,tolerance_retry,status,terminal_soc
2025-02-01,0,43757.21873730563,0.3169616000086535,0,30,0,0,144,1,0,0,1200.0
2025-02-01,6,14167.412087623377,0.20269910000206437,0,27,0,0,144,1,0,0,1200.0
2025-02-01,12,35005.73866163702,0.16230779999750666,0,40,0,0,144,1,0,0,1200.0
2025-02-02,0,71951.91163828182,0.32745430000068154,0,28,0,0,144,1,0,0,1200.0
2025-02-02,6,14909.955774497208,0.47039619999122806,0,36,0,0,144,1,0,0,1200.0
2025-02-02,12,33481.92892146353,0.13372650000383146,0,42,0,0,144,1,0,0,1200.0
2025-02-03,0,62098.6689890343,0.4062110999948345,0,32,0,0,144,1,0,0,1200.0
2025-02-03,6,9967.847874304402,0.42356809999910183,0,24,0,0,144,1,0,0,1200.0
2025-02-03,12,26871.74660715165,0.12175700000079814,0,43,0,0,144,1,0,0,1200.0
2025-02-04,0,64328.21214400951,0.49033369999960996,0,31,0,0,144,1,0,0,1200.0
2025-02-04,6,10647.340118609694,0.5828608000010718,0,27,0,0,144,1,0,0,1200.0
2025-02-04,12,22842.478466188193,0.06110659999831114,0,44,0,0,144,1,0,0,1200.0
2025-02-05,0,59690.05836019193,0.7348331999965012,0,31,0,0,144,1,0,0,1200.0
2025-02-05,6,11500.981011663096,0.24093670000729617,0,42,0,0,144,1,0,0,1200.0
2025-02-05,12,28663.279255013367,0.15229899999394547,0,43,0,0,144,1,0,0,1200.0
2025-02-06,0,64080.58206084479,0.6630491000105394,0,32,0,0,144,1,0,0,1200.0
2025-02-06,6,7826.049287576436,0.06721000000834465,0,24,0,0,144,1,0,0,1200.0
2025-02-06,12,17402.729380529338,0.1817297000088729,0,46,0,0,144,1,0,0,1200.0
2025-02-07,0,32250.69584285706,0.5833421999996062,0,41,0,0,144,1,0,0,1200.0
2025-02-07,6,7596.675909953882,0.0629590000025928,0,21,0,0,144,1,0,0,1200.0
2025-02-07,12,10782.428446108002,0.36563059999025427,0,36,0,0,144,1,0,0,1200.0
2025-02-08,0,37638.72833438005,0.45158680000167806,0,37,0,0,144,1,0,0,1200.0
2025-02-08,6,16582.83151494894,0.16119030000118073,0,52,0,0,144,1,0,0,1200.0
2025-02-08,12,31428.287436805298,0.20560800000384916,0,44,0,0,144,1,0,0,1200.0
2025-02-09,0,71076.5251827314,0.28560980000474956,0,28,0,0,144,1,0,0,1200.0
2025-02-09,6,15767.50329295195,0.5914269000058994,0,42,0,0,144,1,0,0,1200.0
2025-02-09,12,30974.146901478325,0.20801339999889024,0,47,0,0,144,1,0,0,1200.0
2025-02-10,0,55424.30045729818,0.6487044999958016,0,30,0,0,144,1,0,0,1200.0
2025-02-10,6,8677.686358434561,0.16103499999735504,0,24,0,0,144,1,0,0,1200.0
2025-02-10,12,23810.47790173983,0.23096349999832455,0,83,0,0,144,1,0,0,1200.0
2025-02-11,0,55854.79548319679,0.20206909999251366,0,30,0,0,144,1,0,0,1200.0
2025-02-11,6,9988.86440447909,0.12406440000631846,0,25,0,0,144,1,0,0,1200.0
2025-02-11,12,18350.873502995488,0.1845104999956675,0,43,0,0,144,1,0,0,1200.0
2025-02-12,0,55964.07598266843,0.4845581999979913,0,31,0,0,144,1,0,0,1200.0
2025-02-12,6,9554.028284119462,0.21352229999320116,0,25,0,0,144,1,0,0,1200.0
2025-02-12,12,20414.804706970703,0.12501659999543335,0,43,0,0,144,1,0,0,1200.0
2025-02-13,0,51153.703441239515,0.47326079999038484,0,28,0,0,144,1,0,0,1200.0
2025-02-13,6,8817.083998449358,0.08878890000050887,0,43,0,0,144,1,0,0,1200.0
2025-02-13,12,14852.609780071494,0.08075290000124369,0,41,0,0,144,1,0,0,1200.0
2025-02-14,0,25210.403080590655,0.21477500000037253,0,36,0,0,144,1,0,0,1200.0
2025-02-14,6,10588.016193977937,0.06811150000430644,0,38,0,0,144,1,0,0,1200.0
2025-02-14,12,12177.371994183113,0.7460904999898048,0,36,0,0,144,1,0,0,1200.0
2025-02-15,0,32986.8217818015,1.3032265000074403,0,43,0,0,144,1,0,0,1200.0
2025-02-15,6,10525.982591204367,0.10002669999084901,0,21,0,0,144,1,0,0,1200.0
2025-02-15,12,24903.13643624203,0.18636640001204796,0,38,0,0,144,1,0,0,1200.0
2025-02-16,0,62688.24902486416,0.33169350000389386,0,28,0,0,144,1,0,0,1200.0
2025-02-16,6,10497.452944662195,0.10830320000241045,0,26,0,0,144,1,0,0,1200.0
2025-02-16,12,22385.15482350282,0.1758238999900641,0,42,0,0,144,1,0,0,1200.0
2025-02-17,0,53765.29341423408,0.5002036000078078,0,27,0,0,144,1,0,0,1200.0
2025-02-17,6,10156.683970808106,0.22196229999826755,0,60,0,0,144,1,0,0,1200.0
2025-02-17,12,18513.34823326503,0.695257400002447,0,57,0,0,144,1,0,0,1200.0
2025-02-18,0,48472.568555002115,0.1860241000103997,0,35,0,0,144,1,0,0,1200.0
2025-02-18,6,14138.886286179226,0.366286599994055,0,103,0,0,144,1,0,0,1200.0
2025-02-18,12,26078.198781624316,0.6616997999954037,0,75,0,0,144,1,0,0,1200.0
2025-02-19,0,49833.069298071765,0.15489950000483077,0,35,0,0,144,1,0,0,1200.0
2025-02-19,6,12111.531769449966,0.30027929999050684,0,57,0,0,144,1,0,0,1200.0
2025-02-19,12,21123.13448532575,0.42875659999845084,0,49,0,0,144,1,0,0,1200.0
2025-02-20,0,51644.86366384079,0.2839982999867061,0,30,0,0,144,1,0,0,1200.0
2025-02-20,6,12472.239980367054,0.107638900008169,0,57,0,0,144,1,0,0,1200.0
2025-02-20,12,12152.201421345824,0.7800021000002744,0,45,0,0,144,1,0,0,1200.0
2025-02-21,0,24497.105204740496,0.24459370000113267,0,36,0,0,144,1,0,0,1200.0
2025-02-21,6,9412.2311522408,0.06208709999918938,0,71,0,0,144,1,0,0,1200.0
2025-02-21,12,15035.028906042202,0.14472850000311155,0,49,0,0,144,1,0,0,1200.0
2025-02-22,0,28822.82433894751,0.3998178000038024,0,31,0,0,144,1,0,0,1200.0
2025-02-22,6,12687.96961322435,0.07591849999153055,0,36,0,0,144,1,0,0,1200.0
2025-02-22,12,21730.869241413387,0.17382149999320973,0,49,0,0,144,1,0,0,1200.0
2025-02-23,0,54651.67101145791,0.1750367000058759,0,30,0,0,144,1,0,0,1200.0
2025-02-23,6,14530.83853543189,0.2875339000020176,0,43,0,0,144,1,0,0,1200.0
2025-02-23,12,23291.75467689904,0.665984599996591,0,43,0,0,144,1,0,0,1200.0
2025-02-24,0,49772.10790817044,0.5026669999933802,0,37,0,0,144,1,0,0,1200.0
2025-02-24,6,12580.339009335787,0.12194309999176767,0,77,0,0,144,1,0,0,1200.0
2025-02-24,12,18522.94524901542,0.13858430000254884,0,42,0,0,144,1,0,0,1200.0
2025-02-25,0,51105.2309469185,0.17680180000024848,0,29,0,0,144,1,0,0,1200.0
2025-02-25,6,11101.747887159994,0.18123539999942295,0,56,0,0,144,1,0,0,1200.0
2025-02-25,12,18864.386204676295,0.09097940000356175,0,49,0,0,144,1,0,0,1200.0
2025-02-26,0,46337.59965431208,0.18011820000538137,0,39,0,0,144,1,0,0,1200.0
2025-02-26,6,13071.49679238305,0.21795549998932984,0,79,0,0,144,1,0,0,1200.0
2025-02-26,12,28835.02007880387,0.1878558000025805,0,46,0,0,144,1,0,0,1200.0
2025-02-27,0,47819.47871695518,0.18044499999086838,0,36,0,0,144,1,0,0,1200.0
2025-02-27,6,9512.145789976714,0.1892563000001246,0,52,0,0,144,1,0,0,1200.0
2025-02-27,12,11753.886628449764,0.7116281000053277,0,48,0,0,144,1,0,0,1200.0
2025-02-28,0,22728.956465116327,0.37994690000778064,0,18,0,0,144,1,0,0,1200.0
2025-02-28,6,8909.84499513302,0.08150849999219645,0,30,0,0,144,1,0,0,1200.0
2025-02-28,12,10803.111905153344,0.1231024000007892,0,37,0,0,144,1,0,0,1200.0
2025-03-01,0,25816.324076377332,0.38949739999952726,0,33,0,0,144,1,0,0,1200.0
2025-03-01,6,10168.783775648191,0.07012849999591708,0,23,0,0,144,1,0,0,1200.0
2025-03-01,12,16968.13039760136,0.12417000001005363,0,38,0,0,144,1,0,0,1200.0
2025-03-02,0,51182.40679083472,0.5533984999929089,0,31,0,0,144,1,0,0,1200.0
2025-03-02,6,12954.441272843445,0.1481294999975944,0,64,0,0,144,1,0,0,1200.0
2025-03-02,12,26550.728866998146,0.1490411000122549,0,46,0,0,144,1,0,0,1200.0
2025-03-03,0,55135.426408800726,0.7710154999949737,0,30,0,0,144,1,0,0,1200.0
2025-03-03,6,10805.83840496337,0.10136279999278486,0,44,0,0,144,1,0,0,1200.0
2025-03-03,12,22807.362620914344,0.07188560000213329,0,42,0,0,144,1,0,0,1200.0
2025-03-04,0,49118.64621492924,0.1774440000008326,0,38,0,0,144,1,0,0,1200.0
2025-03-04,6,11708.167084864564,0.43064250001043547,0,44,0,0,144,1,0,0,1200.0
2025-03-04,12,17625.358756043934,0.1142410999891581,0,41,0,0,144,1,0,0,1200.0
2025-03-05,0,51199.856713141126,0.17899310000939295,0,33,0,0,144,1,0,0,1200.0
2025-03-05,6,9699.630856041835,0.4209348000003956,0,28,0,0,144,1,0,0,1200.0
2025-03-05,12,18516.99074235645,0.15687960000650492,0,48,0,0,144,1,0,0,1200.0
2025-03-06,0,47570.46989306824,0.7227013999945484,0,36,0,0,144,1,0,0,1200.0
2025-03-06,6,8519.48694113046,0.08175729999493342,0,30,0,0,144,1,0,0,1200.0
2025-03-06,12,10055.70994338407,0.20880119998764712,0,35,0,0,144,1,0,0,1200.0
2025-03-07,0,25500.404141800464,0.2057655000098748,0,30,0,0,144,1,0,0,1200.0
2025-03-07,6,7582.617971464391,0.05366989999311045,0,20,0,0,144,1,0,0,1200.0
2025-03-07,12,9625.601670228689,0.5101412999938475,0,33,0,0,144,1,0,0,1200.0
2025-03-08,0,19994.168639527426,0.1527736999996705,0,6,0,0,144,1,0,0,1200.0
2025-03-08,6,10191.698290825228,0.0704771000018809,0,25,0,0,144,1,0,0,1200.0
2025-03-08,12,19226.219895543185,0.20909830000891816,0,44,0,0,144,1,0,0,1200.0
2025-03-09,0,45884.11321458093,0.17708670000138227,0,29,0,0,144,1,0,0,1200.0
2025-03-09,6,9000.738352285807,0.07778609999513719,0,23,0,0,144,1,0,0,1200.0
2025-03-09,12,22414.286244952742,0.28971610000007786,0,88,0,0,144,1,0,0,1200.0
2025-03-10,0,46692.685208018476,0.7947585000074469,0,33,0,0,144,1,0,0,1200.0
2025-03-10,6,10568.301353864073,0.32984159998886753,0,30,0,0,144,1,0,0,1200.0
2025-03-10,12,16225.512078709447,0.10992729999998119,0,54,0,0,144,1,0,0,1200.0
2025-03-11,0,42253.35592315306,0.1515864000102738,0,38,0,0,144,1,0,0,1200.0
2025-03-11,6,17507.93900317229,0.37143889999424573,0,128,0,0,144,1,0,0,1200.0
2025-03-11,12,14617.386846042913,0.09875449999526609,0,46,0,0,144,1,0,0,1200.0
2025-03-12,0,49570.77326608272,0.2730286000005435,0,30,0,0,144,1,0,0,1200.0
2025-03-12,6,7794.301837480883,0.37178670000866987,0,19,0,0,144,1,0,0,1200.0
2025-03-12,12,15659.744197206652,0.49128319999726955,0,82,0,0,144,1,0,0,1200.0
2025-03-13,0,49079.47358398744,0.7314929999993183,0,37,0,0,144,1,0,0,1200.0
2025-03-13,6,8613.629222949116,0.07939719999558292,0,46,0,0,144,1,0,0,1200.0
2025-03-13,12,11510.076657285876,0.2780627000029199,0,58,0,0,144,1,0,0,1200.0
2025-03-14,0,20904.939463204,0.1731687999999849,0,8,0,0,144,1,0,0,1200.0
2025-03-14,6,9170.44571217604,0.09400850000383798,0,32,0,0,144,1,0,0,1200.0
2025-03-14,12,10438.742854576856,0.20323690000805072,0,31,0,0,144,1,0,0,1200.0
2025-03-15,0,19695.18358086859,0.7211118999985047,0,23,0,0,144,1,0,0,1200.0
2025-03-15,6,14616.08995342198,0.08753590000560507,0,92,0,0,144,1,0,0,1200.0
2025-03-15,12,17360.985447383293,0.459204899991164,0,43,0,0,144,1,0,0,1200.0
2025-03-16,0,43557.96558376555,0.7726493999944068,0,39,0,0,144,1,0,0,1200.0
2025-03-16,6,14543.169640228638,0.31874359998619184,0,93,0,0,144,1,0,0,1200.0
2025-03-16,12,16218.285666035981,0.20028410000668373,0,51,0,0,144,1,0,0,1200.0
2025-03-17,0,44163.20791785048,0.6473030000051949,0,33,0,0,144,1,0,0,1200.0
2025-03-17,6,8514.919639478501,0.28469299999414943,0,22,0,0,144,1,0,0,1200.0
2025-03-17,12,22866.89732731152,0.25549530000716913,0,50,0,0,144,1,0,0,1200.0
2025-03-18,0,50671.5661546921,0.46646480000345036,0,29,0,0,144,1,0,0,1200.0
2025-03-18,6,9605.932364905064,0.2206229000003077,0,58,0,0,144,1,0,0,1200.0
2025-03-18,12,16096.552615356248,0.23474030000215862,0,43,0,0,144,1,0,0,1200.0
2025-03-19,0,41993.90606947245,0.537730099997134,0,36,0,0,144,1,0,0,1200.0
2025-03-19,6,16265.268274190481,0.3407336999953259,0,83,0,0,144,1,0,0,1200.0
2025-03-19,12,17681.77132487737,0.2645047000114573,0,60,0,0,144,1,0,0,1200.0
2025-03-20,0,47759.14637947129,0.31893930000660475,0,35,0,0,144,1,0,0,1200.0
2025-03-20,6,6603.003327182632,0.08544750000874046,0,20,0,0,144,1,0,0,1200.0
2025-03-20,12,10082.662814879144,0.15253690000099596,0,48,0,0,144,1,0,0,1200.0
2025-03-21,0,20780.177003009892,0.25384230000781827,0,18,0,0,144,1,0,0,1200.0
2025-03-21,6,7729.721726673467,0.08771920000435784,0,21,0,0,144,1,0,0,1200.0
2025-03-21,12,9379.178980039336,0.11085939999611583,0,35,0,0,144,1,0,0,1200.0
2025-03-22,0,20113.600311756778,0.24987770000007004,0,6,0,0,144,1,0,0,1200.0
2025-03-22,6,10273.886205204844,0.17250549999880604,0,26,0,0,144,1,0,0,1200.0
2025-03-22,12,19101.131804463457,0.7788651999871945,0,48,0,0,144,1,0,0,1200.0
2025-03-23,0,43710.653904804734,0.1811738999967929,0,39,0,0,144,1,0,0,1200.0
2025-03-23,6,10299.869021305072,0.2502031000040006,0,39,0,0,144,1,0,0,1200.0
2025-03-23,12,20079.82474960691,0.06945349999296013,0,39,0,0,144,1,0,0,1200.0
2025-03-24,0,45906.014777363256,0.12218200000643265,0,32,0,0,144,1,0,0,1200.0
2025-03-24,6,10591.79111094097,0.28928939999605063,0,38,0,0,144,1,0,0,1200.0
2025-03-24,12,20984.174423905424,0.2230427000031341,0,44,0,0,144,1,0,0,1200.0
2025-03-25,0,50287.599594644635,0.651262699990184,0,29,0,0,144,1,0,0,1200.0
2025-03-25,6,7595.695449218059,0.5519664000021294,0,23,0,0,144,1,0,0,1200.0
2025-03-25,12,14145.266077339189,0.21270380000350997,0,47,0,0,144,1,0,0,1200.0
2025-03-26,0,42696.886245614885,0.25783380000211764,0,36,0,0,144,1,0,0,1200.0
2025-03-26,6,11304.908422903523,0.13146869999764021,0,34,0,0,144,1,0,0,1200.0
2025-03-26,12,14523.156282824046,0.6212876000063261,0,38,0,0,144,1,0,0,1200.0
2025-03-27,0,45506.850259799816,0.3812566999986302,0,30,0,0,144,1,0,0,1200.0
2025-03-27,6,9274.056730831207,0.06917700001213234,0,36,0,0,144,1,0,0,1200.0
2025-03-27,12,9387.392896099691,0.6220648000016809,0,40,0,0,144,1,0,0,1200.0
2025-03-28,0,20147.336952897895,0.4110826999967685,0,9,0,0,144,1,0,0,1200.0
2025-03-28,6,8193.677306438964,0.05364850000478327,0,35,0,0,144,1,0,0,1200.0
2025-03-28,12,9881.922461139298,0.1242564999993192,0,42,0,0,144,1,0,0,1200.0
2025-03-29,0,17992.05205931127,0.3274061999982223,0,5,0,0,144,1,0,0,1200.0
2025-03-29,6,11226.131964257444,0.05833179999899585,0,21,0,0,144,1,0,0,1200.0
2025-03-29,12,15654.72835962288,0.12320739999995567,0,37,0,0,144,1,0,0,1200.0
2025-03-30,0,40974.0831917077,0.21687419999216218,0,37,0,0,144,1,0,0,1200.0
2025-03-30,6,9527.722032862303,0.2107187000074191,0,30,0,0,144,1,0,0,1200.0
2025-03-30,12,25275.95429461684,0.244201499997871,0,42,0,0,144,1,0,0,1200.0
2025-03-31,0,38759.13707701254,0.44924250000622123,0,34,0,0,144,1,0,0,1200.0
2025-03-31,6,22931.88472784177,0.06920150000951253,0,149,0,0,144,1,0,0,1200.0
2025-03-31,12,14261.826266361722,0.4451171999971848,0,70,0,0,144,1,0,0,1200.0
2025-04-01,0,46507.4163484732,0.524308199994266,0,29,0,0,144,1,0,0,1200.0
2025-04-01,6,10531.719743540762,0.11148279999906663,0,55,0,0,144,1,0,0,1200.0
2025-04-01,12,15690.197969678075,0.19660819999990053,0,53,0,0,144,1,0,0,1200.0
2025-04-02,0,44525.43010842094,0.1436433000053512,0,38,0,0,144,1,0,0,1200.0
2025-04-02,6,12135.831363859148,0.36633530000108294,0,42,0,0,144,1,0,0,1200.0
2025-04-02,12,14853.042066094722,0.1105126000038581,0,49,0,0,144,1,0,0,1200.0
2025-04-03,0,45774.67658957658,0.12424070000997745,0,36,0,0,144,1,0,0,1200.0
2025-04-03,6,6898.937665711086,0.08981209999183193,0,23,0,0,144,1,0,0,1200.0
2025-04-03,12,8565.671449414938,0.11355650000041351,0,33,0,0,144,1,0,0,1200.0
2025-04-04,0,18457.62479190935,0.056206299996119924,0,6,0,0,144,1,0,0,1200.0
2025-04-04,6,7733.025028493622,0.07929799999692477,0,20,0,0,144,1,0,0,1200.0
2025-04-04,12,10997.007053938338,0.4704723000031663,0,35,0,0,144,1,0,0,1200.0
2025-04-05,0,17354.73039013315,0.1987648999929661,0,4,0,0,144,1,0,0,1200.0
2025-04-05,6,10644.773227911812,0.2765696999995271,0,29,0,0,144,1,0,0,1200.0
2025-04-05,12,28606.18823461,0.1490704000025289,0,44,0,0,144,1,0,0,1200.0
2025-04-06,0,40440.0145907328,0.1280354000045918,0,39,0,0,144,1,0,0,1200.0
2025-04-06,6,10474.530602530533,0.27292689999740105,0,29,0,0,144,1,0,0,1200.0
2025-04-06,12,15792.5923508166,0.1411997999966843,0,40,0,0,144,1,0,0,1200.0
2025-04-07,0,36972.91490195529,0.1568693000008352,0,36,0,0,144,1,0,0,1200.0
2025-04-07,6,14706.881494360616,0.5351629000069806,0,46,0,0,144,1,0,0,1200.0
2025-04-07,12,22598.889167085024,0.1517736999958288,0,42,0,0,144,1,0,0,1200.0
2025-04-08,0,43765.10328167525,0.17258959999890067,0,38,0,0,144,1,0,0,1200.0
2025-04-08,6,9475.927889611012,0.28695300000254065,0,28,0,0,144,1,0,0,1200.0
2025-04-08,12,16887.994954608628,0.10500650000176392,0,45,0,0,144,1,0,0,1200.0
2025-04-09,0,42668.20714058951,0.2493051000055857,0,40,0,0,144,1,0,0,1200.0
2025-04-09,6,10284.69215947361,0.4094769999937853,0,30,0,0,144,1,0,0,1200.0
2025-04-09,12,26883.14213262221,0.6785169999930076,0,48,0,0,144,1,0,0,1200.0
2025-04-10,0,41748.61956415215,0.4143725000030827,0,37,0,0,144,1,0,0,1200.0
2025-04-10,6,7734.749464858244,0.10290499999246094,0,25,0,0,144,1,0,0,1200.0
2025-04-10,12,8534.256580627598,0.5603763999970397,0,28,0,0,144,1,0,0,1200.0
2025-04-11,0,16989.758645034468,0.6261353000008967,0,5,0,0,144,1,0,0,1200.0
2025-04-11,6,8535.109626960104,0.09388690000923816,0,27,0,0,144,1,0,0,1200.0
2025-04-11,12,9174.030488651471,0.0913447999919299,0,33,0,0,144,1,0,0,1200.0
2025-04-12,0,18271.88105200743,0.43374010000843555,0,7,0,0,144,1,0,0,1200.0
2025-04-12,6,10107.192885966759,0.3183002000005217,0,21,0,0,144,1,0,0,1200.0
2025-04-12,12,14200.581948556535,0.17863679998845328,0,37,0,0,144,1,0,0,1200.0
2025-04-13,0,37377.02880988607,0.8325640999973984,0,36,0,0,144,1,0,0,1200.0
2025-04-13,6,10736.815692981967,0.06694390000484418,0,33,0,0,144,1,0,0,1200.0
2025-04-13,12,20763.683280842215,0.2444128999923123,0,51,0,0,144,1,0,0,1200.0
2025-04-14,0,41893.03302173583,0.18864310000208206,0,37,0,0,144,1,0,0,1200.0
2025-04-14,6,8286.466162354447,0.07487700000638142,0,20,0,0,144,1,0,0,1200.0
2025-04-14,12,13249.635050467521,0.2004908999952022,0,50,0,0,144,1,0,0,1200.0
2025-04-15,0,36164.16865914224,0.11100160000205506,0,32,0,0,144,1,0,0,1200.0
2025-04-15,6,14650.56354432431,0.5851647000090452,0,67,0,0,144,1,0,0,1200.0
2025-04-15,12,17948.532557211405,0.2558717999927467,0,43,0,0,144,1,0,0,1200.0
2025-04-16,0,39775.618382344976,0.09753249998902902,0,39,0,0,144,1,0,0,1200.0
2025-04-16,6,12800.981369776528,0.35040500000468455,0,64,0,0,144,1,0,0,1200.0
2025-04-16,12,13277.609479485218,0.2877952999988338,0,48,0,0,144,1,0,0,1200.0
2025-04-17,0,37141.82889116176,0.4017898000020068,0,32,0,0,144,1,0,0,1200.0
2025-04-17,6,10830.910287085166,0.0968189999985043,0,89,0,0,144,1,0,0,1200.0
2025-04-17,12,9060.988822215017,0.4709030999947572,0,33,0,0,144,1,0,0,1200.0
2025-04-18,0,17342.00550084621,0.35907950000546407,0,5,0,0,144,1,0,0,1200.0
2025-04-18,6,7481.761805029328,0.050800400000298396,0,20,0,0,144,1,0,0,1200.0
2025-04-18,12,9120.841477628719,0.38017849999596365,0,29,0,0,144,1,0,0,1200.0
2025-04-19,0,15746.842774898296,0.12787119999120478,0,3,0,0,144,1,0,0,1200.0
2025-04-19,6,10144.719718533015,0.2715599000075599,0,24,0,0,144,1,0,0,1200.0
2025-04-19,12,16227.603207865443,0.14114680000056978,0,37,0,0,144,1,0,0,1200.0
2025-04-20,0,35460.26579424469,0.17334259999915957,0,31,0,0,144,1,0,0,1200.0
2025-04-20,6,11731.328595031413,0.06495829999039415,0,74,0,0,144,1,0,0,1200.0
2025-04-20,12,14934.431188779286,0.23457839999173302,0,47,0,0,144,1,0,0,1200.0
2025-04-21,0,40029.52204159858,0.8354301000072155,0,36,0,0,144,1,0,0,1200.0
2025-04-21,6,8846.287573960526,0.11094710000907071,0,21,0,0,144,1,0,0,1200.0
2025-04-21,12,11732.216212492118,0.8564232000062475,0,36,0,0,144,1,0,0,1200.0
2025-04-22,0,35194.48145758426,0.2960765000025276,0,33,0,0,144,1,0,0,1200.0
2025-04-22,6,14984.509728854096,0.3692631000012625,0,84,0,0,144,1,0,0,1200.0
2025-04-22,12,15142.825170549946,0.24342080000496935,0,39,0,0,144,1,0,0,1200.0
2025-04-23,0,34994.994394421556,0.6688416999968467,0,32,0,0,144,1,0,0,1200.0
2025-04-23,6,12815.794126355695,0.5317531999899074,0,81,0,0,144,1,0,0,1200.0
2025-04-23,12,14253.69551408546,0.9821874000044772,0,44,0,0,144,1,0,0,1200.0
2025-04-24,0,36203.88293390973,0.4635324999981094,0,32,0,0,144,1,0,0,1200.0
2025-04-24,6,7461.637519599084,0.15433659999689553,0,31,0,0,144,1,0,0,1200.0
2025-04-24,12,9352.124759010634,0.13267230000928976,0,24,0,0,144,1,0,0,1200.0
2025-04-25,0,16911.611181527845,0.06597639998653904,0,4,0,0,144,1,0,0,1200.0
2025-04-25,6,7631.734090539221,0.18076429999200627,0,20,0,0,144,1,0,0,1200.0
2025-04-25,12,8350.482110563886,0.37871970000560395,0,25,0,0,144,1,0,0,1200.0
2025-04-26,0,15710.689676794666,0.08032899998943321,0,2,0,0,144,1,0,0,1200.0
2025-04-26,6,10269.428722200153,0.07380500000726897,0,25,0,0,144,1,0,0,1200.0
2025-04-26,12,16513.193135033584,0.3300887999939732,0,45,0,0,144,1,0,0,1200.0
2025-04-27,0,32451.769800486843,0.8683468000090215,0,21,0,0,144,1,0,0,1200.0
2025-04-27,6,14713.234412387616,0.07595130000845529,0,82,0,0,144,1,0,0,1200.0
2025-04-27,12,14201.48802179427,0.2613716000050772,0,47,0,0,144,1,0,0,1200.0
2025-04-28,0,42514.664178577834,1.813887700001942,0,32,0,0,144,1,0,0,1200.0
2025-04-28,6,10889.109855661685,0.12062089999380987,0,42,0,0,144,1,0,0,1200.0
2025-04-28,12,11718.273887726136,0.14258909999625757,0,45,0,0,144,1,0,0,1200.0
2025-04-29,0,36469.62601158298,1.3328946999972686,0,34,0,0,144,1,0,0,1200.0
2025-04-29,6,10290.797427164696,0.07767559999774676,0,28,0,0,144,1,0,0,1200.0
2025-04-29,12,13837.96193985745,0.8418541999999434,0,36,0,0,144,1,0,0,1200.0
2025-04-30,0,34986.22532487826,0.6566023000050336,0,32,0,0,144,1,0,0,1200.0
2025-04-30,6,9756.203122419407,0.1318318999983603,0,21,0,0,144,1,0,0,1200.0
2025-04-30,12,14194.066501813735,0.2088415000034729,0,38,0,0,144,1,0,0,1200.0
2025-05-01,0,37156.43703272438,0.5518523000064306,0,33,0,0,144,1,0,0,1200.0
2025-05-01,6,7635.59013081096,0.10658870000042953,0,31,0,0,144,1,0,0,1200.0
2025-05-01,12,8460.043081238353,0.14630259999830741,0,29,0,0,144,1,0,0,1200.0
2025-05-02,0,20338.26480042604,0.09527330000128131,0,15,0,0,144,1,0,0,1200.0
2025-05-02,6,8244.806764489593,0.0874857000017073,0,22,0,0,144,1,0,0,1200.0
2025-05-02,12,8540.327647909291,0.11292260000482202,0,21,0,0,144,1,0,0,1200.0
2025-05-03,0,17440.874475747387,0.24695029998838436,0,5,0,0,144,1,0,0,1200.0
2025-05-03,6,10062.31338771895,0.08599429999594577,0,21,0,0,144,1,0,0,1200.0
2025-05-03,12,14251.929623307291,0.4074353999894811,0,36,0,0,144,1,0,0,1200.0
2025-05-04,0,37818.14524278031,0.19964959999197163,0,33,0,0,144,1,0,0,1200.0
2025-05-04,6,10249.258888879596,0.07095890000346117,0,33,0,0,144,1,0,0,1200.0
2025-05-04,12,14445.25816458757,0.3854644999955781,0,37,0,0,144,1,0,0,1200.0
2025-05-05,0,42866.63934201541,0.12956770000164397,0,40,0,0,144,1,0,0,1200.0
2025-05-05,6,9448.185354830346,0.09592269999848213,0,28,0,0,144,1,0,0,1200.0
2025-05-05,12,12423.91117681642,0.25584450000314973,0,39,0,0,144,1,0,0,1200.0
2025-05-06,0,37255.0756536064,0.7792985000123736,0,33,0,0,144,1,0,0,1200.0
2025-05-06,6,12251.642692196132,0.14690259999770205,0,77,0,0,144,1,0,0,1200.0
2025-05-06,12,21866.1934323165,0.4044897999992827,0,48,0,0,144,1,0,0,1200.0
2025-05-07,0,40166.39645410993,0.44884430000092834,0,34,0,0,144,1,0,0,1200.0
2025-05-07,6,12555.867624038412,0.06374820000200998,0,66,0,0,144,1,0,0,1200.0
2025-05-07,12,18891.692936456264,0.17993569999816827,0,51,0,0,144,1,0,0,1200.0
2025-05-08,0,44058.731265810224,0.22885640000458807,0,39,0,0,144,1,0,0,1200.0
2025-05-08,6,8154.281141294372,0.10418580000987276,0,21,0,0,144,1,0,0,1200.0
2025-05-08,12,12160.04340379679,0.09224700000777375,0,49,0,0,144,1,0,0,1200.0
2025-05-09,0,22095.466857451716,0.10066389999701641,0,21,0,0,144,1,0,0,1200.0
2025-05-09,6,8744.510123368655,0.3312170999997761,0,3,0,0,144,1,0,0,1200.0
2025-05-09,12,9301.465850793757,0.376864799996838,0,24,0,0,144,1,0,0,1200.0
2025-05-10,0,18975.13421993362,0.5859348999947542,0,3,0,0,144,1,0,0,1200.0
2025-05-10,6,12525.539085590819,0.08071690000360832,0,26,0,0,144,1,0,0,1200.0
2025-05-10,12,14745.628298069938,0.23603970000112895,0,43,0,0,144,1,0,0,1200.0
2025-05-11,0,39127.308708680896,0.15087100000528153,0,32,0,0,144,1,0,0,1200.0
2025-05-11,6,13467.273345088604,0.14458120000199415,0,68,0,0,144,1,0,0,1200.0
2025-05-11,12,16442.897867630378,0.21966279999469407,0,43,0,0,144,1,0,0,1200.0
2025-05-12,0,38747.47943684249,0.7470101000071736,0,34,0,0,144,1,0,0,1200.0
2025-05-12,6,16959.94277844374,0.08948409999720752,0,76,0,0,144,1,0,0,1200.0
2025-05-12,12,14874.739732706217,0.21915759998955764,0,35,0,0,144,1,0,0,1200.0
2025-05-13,0,44333.16416926213,0.3472965999972075,0,36,0,0,144,1,0,0,1200.0
2025-05-13,6,9889.882575000622,0.07475489999342244,0,30,0,0,144,1,0,0,1200.0
2025-05-13,12,23186.445158792114,0.21350620000157505,0,50,0,0,144,1,0,0,1200.0
2025-05-14,0,43621.2995612709,0.7115579999954207,0,37,0,0,144,1,0,0,1200.0
2025-05-14,6,11002.934286319161,0.12146920000668615,0,43,0,0,144,1,0,0,1200.0
2025-05-14,12,12446.9005543083,0.08302040000853594,0,37,0,0,144,1,0,0,1200.0
2025-05-15,0,42826.78685611541,0.11332759998913389,0,32,0,0,144,1,0,0,1200.0
2025-05-15,6,10549.315732443063,0.25838020000082906,0,61,0,0,144,1,0,0,1200.0
2025-05-15,12,7959.160711729436,0.3256102000013925,0,25,0,0,144,1,0,0,1200.0
2025-05-16,0,20211.641009302628,0.21284989999548998,0,2,0,0,144,1,0,0,1200.0
2025-05-16,6,7787.2816414904355,0.24031470000045374,0,10,0,0,144,1,0,0,1200.0
2025-05-16,12,7973.073765751842,0.14398690000234637,0,21,0,0,144,1,0,0,1200.0
2025-05-17,0,19058.647132470716,0.045676999987335876,0,1,0,0,144,1,0,0,1200.0
2025-05-17,6,10185.763673915564,0.06366740001249127,0,21,0,0,144,1,0,0,1200.0
2025-05-17,12,14969.758898501179,0.10242949999519624,0,40,0,0,144,1,0,0,1200.0
2025-05-18,0,41402.04135040099,0.45661130000371486,0,36,0,0,144,1,0,0,1200.0
2025-05-18,6,10690.355359600786,0.05474999999569263,0,25,0,0,144,1,0,0,1200.0
2025-05-18,12,17349.96591018086,0.18640019999293145,0,43,0,0,144,1,0,0,1200.0
2025-05-19,0,39746.53639308972,0.16516380000393838,0,35,0,0,144,1,0,0,1200.0
2025-05-19,6,10190.774224414363,0.5539403000002494,0,30,0,0,144,1,0,0,1200.0
2025-05-19,12,18319.7787639831,0.18006539999623783,0,51,0,0,144,1,0,0,1200.0
2025-05-20,0,39547.46955920944,0.4829463000060059,0,34,0,0,144,1,0,0,1200.0
2025-05-20,6,12646.468177200137,0.07591270000557415,0,63,0,0,144,1,0,0,1200.0
2025-05-20,12,13515.380370941823,0.21193060000950936,0,53,0,0,144,1,0,0,1200.0
2025-05-21,0,37232.47046998195,0.6870346000068821,0,31,0,0,144,1,0,0,1200.0
2025-05-21,6,13912.455207927027,0.23937470000237226,0,87,0,0,144,1,0,0,1200.0
2025-05-21,12,15959.723095186268,0.1671401999919908,0,49,0,0,144,1,0,0,1200.0
2025-05-22,0,38420.94136917096,0.3915168999956222,0,33,0,0,144,1,0,0,1200.0
2025-05-22,6,7700.872104318306,0.3368817000009585,0,22,0,0,144,1,0,0,1200.0
2025-05-22,12,7987.687857247684,0.09575839999888558,0,25,0,0,144,1,0,0,1200.0
2025-05-23,0,18472.603483432704,0.4373336999997264,0,3,0,0,144,1,0,0,1200.0
2025-05-23,6,7629.629629748613,0.2677696000027936,0,9,0,0,144,1,0,0,1200.0
2025-05-23,12,9792.565191957206,0.101600399997551,0,21,0,0,144,1,0,0,1200.0
2025-05-24,0,19121.179637581583,0.044376300007570535,0,1,0,0,144,1,0,0,1200.0
2025-05-24,6,10337.617088316323,0.04751170000236016,0,20,0,0,144,1,0,0,1200.0
2025-05-24,12,14735.573493371561,0.3312805000023218,0,38,0,0,144,1,0,0,1200.0
2025-05-25,0,36854.185923920166,0.09355800000776071,0,32,0,0,144,1,0,0,1200.0
2025-05-25,6,11417.64656657336,0.06384009998873807,0,39,0,0,144,1,0,0,1200.0
2025-05-25,12,26439.291700509853,0.11756500000774395,0,51,0,0,144,1,0,0,1200.0
2025-05-26,0,38424.38396967122,0.3352366000035545,0,34,0,0,144,1,0,0,1200.0
2025-05-26,6,10738.703785668247,0.06682619999628514,0,49,0,0,144,1,0,0,1200.0
2025-05-26,12,14162.68197687097,0.19546089999494143,0,73,0,0,144,1,0,0,1200.0
2025-05-27,0,36456.64497607643,0.37300749999121763,0,34,0,0,144,1,0,0,1200.0
2025-05-27,6,13616.984160038064,0.059866299998247996,0,82,0,0,144,1,0,0,1200.0
2025-05-27,12,16422.731565507904,0.15265910000016447,0,44,0,0,144,1,0,0,1200.0
2025-05-28,0,40646.942656954474,0.2530847000016365,0,36,0,0,144,1,0,0,1200.0
2025-05-28,6,9613.503113602306,0.05730440000479575,0,28,0,0,144,1,0,0,1200.0
2025-05-28,12,20408.25590601668,0.12044359999708831,0,40,0,0,144,1,0,0,1200.0
2025-05-29,0,40249.86120717644,0.2764463999919826,0,35,0,0,144,1,0,0,1200.0
2025-05-29,6,9150.456638016265,0.11129660000733566,0,48,0,0,144,1,0,0,1200.0
2025-05-29,12,8519.857169884159,0.13442590000340715,0,28,0,0,144,1,0,0,1200.0
2025-05-30,0,19702.294798147173,1.0004868999967584,0,4,0,0,144,1,0,0,1200.0
2025-05-30,6,7965.002591554972,0.04379480000352487,0,8,0,0,144,1,0,0,1200.0
2025-05-30,12,8626.509803005727,0.18663189999642782,0,27,0,0,144,1,0,0,1200.0
2025-05-31,0,20750.966302253444,0.10084850000566803,0,2,0,0,144,1,0,0,1200.0
2025-05-31,6,10024.572783073554,0.05590289999963716,0,20,0,0,144,1,0,0,1200.0
2025-05-31,12,15522.532157700245,0.13551290000032168,0,37,0,0,144,1,0,0,1200.0
2025-06-01,0,46805.978470226146,0.13260930000978988,0,25,0,0,144,1,0,0,1200.0
2025-06-01,6,12068.051579321504,0.26801899999554735,0,29,0,0,144,1,0,0,1200.0
2025-06-01,12,15783.731592633794,0.2571324000018649,0,42,0,0,144,1,0,0,1200.0
2025-06-02,0,54229.69458630573,0.1768654999905266,0,31,0,0,144,1,0,0,1200.0
2025-06-02,6,7353.842558812179,0.08283990000199992,0,23,0,0,144,1,0,0,1200.0
2025-06-02,12,13603.01200523696,0.6228069999924628,0,46,0,0,144,1,0,0,1200.0
2025-06-03,0,51489.21800260168,0.30574820000038017,0,30,0,0,144,1,0,0,1200.0
2025-06-03,6,12687.181079983215,0.2857096000079764,0,40,0,0,144,1,0,0,1200.0
2025-06-03,12,17538.81699022658,0.30561920000764076,0,46,0,0,144,1,0,0,1200.0
2025-06-04,0,59222.86289072287,0.30159039999125525,0,31,0,0,144,1,0,0,1200.0
2025-06-04,6,6883.316542286939,0.05581299999903422,0,20,0,0,144,1,0,0,1200.0
2025-06-04,12,16633.67392456908,0.22721709999314044,0,73,0,0,144,1,0,0,1200.0
2025-06-05,0,51239.668498277635,0.1521608000039123,0,31,0,0,144,1,0,0,1200.0
2025-06-05,6,10882.296887306758,0.2124016999878222,0,23,0,0,144,1,0,0,1200.0
2025-06-05,12,11898.330043276734,0.13302290000137873,0,35,0,0,144,1,0,0,1200.0
2025-06-06,0,30654.938875248252,0.17169449999346398,0,32,0,0,144,1,0,0,1200.0
2025-06-06,6,8374.281206005428,0.04632059999858029,0,5,0,0,144,1,0,0,1200.0
2025-06-06,12,8699.757934943105,0.6630271000030916,0,23,0,0,144,1,0,0,1200.0
2025-06-07,0,29358.533568647035,0.4221063000004506,0,33,0,0,144,1,0,0,1200.0
2025-06-07,6,11465.426751427978,0.04778069999883883,0,22,0,0,144,1,0,0,1200.0
2025-06-07,12,16081.524245069839,0.4108191999985138,0,38,0,0,144,1,0,0,1200.0
2025-06-08,0,48426.23122828124,0.5206193000049097,0,36,0,0,144,1,0,0,1200.0
2025-06-08,6,15720.441959868354,0.09453810000559315,0,72,0,0,144,1,0,0,1200.0
2025-06-08,12,20176.369602035185,0.2383523000025889,0,58,0,0,144,1,0,0,1200.0
2025-06-09,0,60233.37909245775,1.0333229999960167,0,29,0,0,144,1,0,0,1200.0
2025-06-09,6,9951.939245644924,0.052608799989684485,0,22,0,0,144,1,0,0,1200.0
2025-06-09,12,23579.585784706378,0.11796580000373069,0,43,0,0,144,1,0,0,1200.0
2025-06-10,0,54211.52797755585,0.2904906000039773,0,36,0,0,144,1,0,0,1200.0
2025-06-10,6,13178.325054536295,0.39919260000169743,0,49,0,0,144,1,0,0,1200.0
2025-06-10,12,28306.84680085053,0.09800790000008419,0,67,0,0,144,1,0,0,1200.0
2025-06-11,0,57500.71472884902,0.5170642000011867,0,33,0,0,144,1,0,0,1200.0
2025-06-11,6,14981.256988430961,0.06736089999321848,0,41,0,0,144,1,0,0,1200.0
2025-06-11,12,20036.509048758857,0.33360589999938384,0,55,0,0,144,1,0,0,1200.0
2025-06-12,0,56871.22135553703,0.639547600003425,0,30,0,0,144,1,0,0,1200.0
2025-06-12,6,11287.121743518052,0.19400590000441298,0,61,0,0,144,1,0,0,1200.0
2025-06-12,12,14979.264679496273,0.0953665999986697,0,46,0,0,144,1,0,0,1200.0
2025-06-13,0,32919.02161604547,0.13819369999691844,0,24,0,0,144,1,0,0,1200.0
2025-06-13,6,9401.297246739821,0.30631509999511763,0,34,0,0,144,1,0,0,1200.0
2025-06-13,12,10148.904445115717,0.14368200000899378,0,25,0,0,144,1,0,0,1200.0
2025-06-14,0,29699.145091932132,1.0848464000009699,0,24,0,0,144,1,0,0,1200.0
2025-06-14,6,11720.981517442398,0.047567200002959,0,20,0,0,144,1,0,0,1200.0
2025-06-14,12,15589.517492662013,0.3101882999908412,0,36,0,0,144,1,0,0,1200.0
2025-06-15,0,49085.63666202254,0.13725060000433587,0,37,0,0,144,1,0,0,1200.0
2025-06-15,6,16004.731070710828,0.08261789999960456,0,78,0,0,144,1,0,0,1200.0
2025-06-15,12,25563.590492312484,0.18711050000274554,0,69,0,0,144,1,0,0,1200.0
2025-06-16,0,54731.40134616859,0.4518246999941766,0,34,0,0,144,1,0,0,1200.0
2025-06-16,6,14803.453923911226,0.09452539999620058,0,75,0,0,144,1,0,0,1200.0
2025-06-16,12,20031.76227264212,0.17287860000215005,0,47,0,0,144,1,0,0,1200.0
2025-06-17,0,55336.717969121746,0.402904500006116,0,31,0,0,144,1,0,0,1200.0
2025-06-17,6,16368.521216480101,0.11032120000163559,0,80,0,0,144,1,0,0,1200.0
2025-06-17,12,19664.110687114913,0.2016960999899311,0,45,0,0,144,1,0,0,1200.0
2025-06-18,0,55413.78319576647,0.2211096999963047,0,30,0,0,144,1,0,0,1200.0
2025-06-18,6,17353.232248565848,0.20500519999768585,0,88,0,0,144,1,0,0,1200.0
2025-06-18,12,21085.80780089381,0.21307260000321548,0,55,0,0,144,1,0,0,1200.0
2025-06-19,0,51563.65375098274,0.2155438000045251,0,33,0,0,144,1,0,0,1200.0
2025-06-19,6,10194.107868248173,0.2058547000051476,0,59,0,0,144,1,0,0,1200.0
2025-06-19,12,13719.102413339942,0.6254382999904919,0,33,0,0,144,1,0,0,1200.0
2025-06-20,0,28535.22437897274,1.6900962999934563,0,26,0,0,144,1,0,0,1200.0
2025-06-20,6,8545.069385312594,0.0847121000115294,0,15,0,0,144,1,0,0,1200.0
2025-06-20,12,11385.528292460107,0.1497759999911068,0,32,0,0,144,1,0,0,1200.0
2025-06-21,0,26426.580075680242,0.6239292000100249,0,8,0,0,144,1,0,0,1200.0
2025-06-21,6,11627.84182552829,0.07086400000844151,0,20,0,0,144,1,0,0,1200.0
2025-06-21,12,16801.172611129376,0.22068050000234507,0,43,0,0,144,1,0,0,1200.0
2025-06-22,0,48397.05980563082,0.9476122000050964,0,27,0,0,144,1,0,0,1200.0
2025-06-22,6,15539.561738089544,0.7465204000036465,0,46,0,0,144,1,0,0,1200.0
2025-06-22,12,22784.551767584944,0.5705450999957975,0,50,0,0,144,1,0,0,1200.0
2025-06-23,0,50172.43003581681,0.15464930000598542,0,32,0,0,144,1,0,0,1200.0
2025-06-23,6,12281.701797493713,0.15302220000012312,0,48,0,0,144,1,0,0,1200.0
2025-06-23,12,14183.427116003468,0.5200540999940131,0,53,0,0,144,1,0,0,1200.0
2025-06-24,0,58185.09030164327,0.4597353999997722,0,30,0,0,144,1,0,0,1200.0
2025-06-24,6,10142.639595743387,0.12029659999825526,0,30,0,0,144,1,0,0,1200.0
2025-06-24,12,14671.583826397618,0.627582800007076,0,45,0,0,144,1,0,0,1200.0
2025-06-25,0,50816.94674864075,0.6084353000042029,0,34,0,0,144,1,0,0,1200.0
2025-06-25,6,13429.639998551136,0.18456629999855068,0,48,0,0,144,1,0,0,1200.0
2025-06-25,12,24108.939835545847,0.14652390000992455,0,42,0,0,144,1,0,0,1200.0
2025-06-26,0,50027.823172534925,1.0306893999950262,0,35,0,0,144,1,0,0,1200.0
2025-06-26,6,9267.952131269618,0.369369000007282,0,34,0,0,144,1,0,0,1200.0
2025-06-26,12,11291.179521319189,0.687868900000467,0,55,0,0,144,1,0,0,1200.0
2025-06-27,0,28211.591306512742,0.20901299999968614,0,23,0,0,144,1,0,0,1200.0
2025-06-27,6,8322.767203558902,0.31708459999936167,0,6,0,0,144,1,0,0,1200.0
2025-06-27,12,10595.175069246674,0.24838840001029894,0,33,0,0,144,1,0,0,1200.0
2025-06-28,0,27499.9593272026,0.5155075000075158,0,17,0,0,144,1,0,0,1200.0
2025-06-28,6,11698.824472081476,0.049471500009531155,0,27,0,0,144,1,0,0,1200.0
2025-06-28,12,18134.085522632773,0.24892869999166578,0,42,0,0,144,1,0,0,1200.0
2025-06-29,0,47833.03770074039,0.3000558999920031,0,38,0,0,144,1,0,0,1200.0
2025-06-29,6,15037.617644698814,0.09261330000299495,0,67,0,0,144,1,0,0,1200.0
2025-06-29,12,22225.192291722713,0.14840479999838863,0,49,0,0,144,1,0,0,1200.0
2025-06-30,0,53048.497782866034,0.4305143999954453,0,31,0,0,144,1,0,0,1200.0
2025-06-30,6,10985.411410530754,0.7523527000012109,0,27,0,0,144,1,0,0,1200.0
2025-06-30,12,14790.301937869574,0.061483099998440593,0,44,0,0,144,1,0,0,1200.0
2025-07-01,0,46074.317697200255,0.23091470000508707,0,32,0,0,144,1,0,0,1200.0
2025-07-01,6,12979.161332177277,0.24772440000378992,0,49,0,0,144,1,0,0,1200.0
2025-07-01,12,17052.33478437197,0.2067559999995865,0,63,0,0,144,1,0,0,1200.0
2025-07-02,0,51442.86841091044,0.17309199999726843,0,42,0,0,144,1,0,0,1200.0
2025-07-02,6,13165.81861938389,0.21607520000543445,0,26,0,0,144,1,0,0,1200.0
2025-07-02,12,18294.393354727526,0.28739029999997,0,42,0,0,144,1,0,0,1200.0
2025-07-03,0,59158.5611175573,0.18147480000334326,0,34,0,0,144,1,0,0,1200.0
2025-07-03,6,12856.310365635065,0.2385336000006646,0,51,0,0,144,1,0,0,1200.0
2025-07-03,12,11706.928509115742,0.3272640999930445,0,33,0,0,144,1,0,0,1200.0
2025-07-04,0,30138.79477652305,0.14201419999881182,0,4,0,0,144,1,0,0,1200.0
2025-07-04,6,13851.715560594057,0.44982909999089316,0,59,0,0,144,1,0,0,1200.0
2025-07-04,12,14760.397314592568,0.5117564999964088,0,45,0,0,144,1,0,0,1200.0
2025-07-05,0,28445.219391247596,0.8552929999859771,0,4,0,0,144,1,0,0,1200.0
2025-07-05,6,12463.31871405133,0.04814290000649635,0,24,0,0,144,1,0,0,1200.0
2025-07-05,12,23992.92249696132,0.14675309999438468,0,46,0,0,144,1,0,0,1200.0
2025-07-06,0,52461.44628356727,0.8774363999982597,0,32,0,0,144,1,0,0,1200.0
2025-07-06,6,17047.85164823773,0.14099319999513682,0,63,0,0,144,1,0,0,1200.0
2025-07-06,12,19893.032109308137,0.10847859999921639,0,50,0,0,144,1,0,0,1200.0
2025-07-07,0,57489.224174958814,0.31936680000217166,0,36,0,0,144,1,0,0,1200.0
2025-07-07,6,13386.808214239705,0.4623526000068523,0,25,0,0,144,1,0,0,1200.0
2025-07-07,12,25213.542921121687,0.8420318000135012,0,58,0,0,144,1,0,0,1200.0
2025-07-08,0,65779.73712421209,0.7552968999953009,0,31,0,0,144,1,0,0,1200.0
2025-07-08,6,14179.4061839579,0.1816973999957554,0,29,0,0,144,1,0,0,1200.0
2025-07-08,12,27095.660557938005,0.7712906999950064,0,50,0,0,144,1,0,0,1200.0
2025-07-09,0,64519.71850801011,1.0911119999946095,0,31,0,0,144,1,0,0,1200.0
2025-07-09,6,14367.038974098234,0.5590903999982402,0,28,0,0,144,1,0,0,1200.0
2025-07-09,12,28172.15781838137,0.517766400007531,0,43,0,0,144,1,0,0,1200.0
2025-07-10,0,59673.73343766774,0.5607784000021638,0,39,0,0,144,1,0,0,1200.0
2025-07-10,6,15827.892398534379,0.16875749999599066,0,34,0,0,144,1,0,0,1200.0
2025-07-10,12,18628.11478343031,0.3052721999993082,0,49,0,0,144,1,0,0,1200.0
2025-07-11,0,42698.92393256778,1.113703600000008,0,31,0,0,144,1,0,0,1200.0
2025-07-11,6,12392.076145439149,0.2890367000072729,0,26,0,0,144,1,0,0,1200.0
2025-07-11,12,17713.311922500052,0.7022870999935549,0,39,0,0,144,1,0,0,1200.0
2025-07-12,0,32883.279703720844,0.19588469999143854,0,3,0,0,144,1,0,0,1200.0
2025-07-12,6,14669.276889994098,0.09526589998858981,0,55,0,0,144,1,0,0,1200.0
2025-07-12,12,22578.4929214741,0.16654859999835026,0,58,0,0,144,1,0,0,1200.0
2025-07-13,0,60680.74255302696,0.17662619998736773,0,32,0,0,144,1,0,0,1200.0
2025-07-13,6,11407.97896667471,0.3523977000004379,0,20,0,0,144,1,0,0,1200.0
2025-07-13,12,23258.97949095863,0.1648237000044901,0,44,0,0,144,1,0,0,1200.0
2025-07-14,0,59904.50055101033,1.1790738999989117,0,28,0,0,144,1,0,0,1200.0
2025-07-14,6,15570.635982598627,0.37219379999442026,0,34,0,0,144,1,0,0,1200.0
2025-07-14,12,20945.47446514481,1.269782999996096,0,45,0,0,144,1,0,0,1200.0
2025-07-15,0,62108.7816859279,2.5920445999945514,0,34,0,0,144,1,0,0,1200.0
2025-07-15,6,13468.934707684917,0.2531040999892866,0,30,0,0,144,1,0,0,1200.0
2025-07-15,12,18655.592166398394,0.23368590000609402,0,46,0,0,144,1,0,0,1200.0
2025-07-16,0,57265.97771871659,0.9379481000069063,0,40,0,0,144,1,0,0,1200.0
2025-07-16,6,12596.728531036062,0.04999709999538027,0,26,0,0,144,1,0,0,1200.0
2025-07-16,12,21613.85943740988,0.2160345000011148,0,53,0,0,144,1,0,0,1200.0
2025-07-17,0,54626.62837721259,0.09689799998886883,0,37,0,0,144,1,0,0,1200.0
2025-07-17,6,17742.429838646334,0.7265599999955157,0,81,0,0,144,1,0,0,1200.0
2025-07-17,12,15183.75831030104,0.28055129999120254,0,34,0,0,144,1,0,0,1200.0
2025-07-18,0,38691.59386618162,0.5526036000082968,0,26,0,0,144,1,0,0,1200.0
2025-07-18,6,10948.204951364138,0.32417459999851417,0,26,0,0,144,1,0,0,1200.0
2025-07-18,12,10075.499120442684,0.18344819999765605,0,26,0,0,144,1,0,0,1200.0
2025-07-19,0,38435.14169560716,0.43458720001217443,0,26,0,0,144,1,0,0,1200.0
2025-07-19,6,12686.501631541254,0.06305219999921974,0,23,0,0,144,1,0,0,1200.0
2025-07-19,12,15473.705921073795,0.30407840000407305,0,38,0,0,144,1,0,0,1200.0
2025-07-20,0,58295.19365428734,0.22262559999944642,0,28,0,0,144,1,0,0,1200.0
2025-07-20,6,12555.11062475382,0.060490000003483146,0,26,0,0,144,1,0,0,1200.0
2025-07-20,12,19243.36282719202,0.1659049000008963,0,53,0,0,144,1,0,0,1200.0
2025-07-21,0,58031.825416778054,0.21346910001011565,0,35,0,0,144,1,0,0,1200.0
2025-07-21,6,12271.790129964322,0.9272653999942122,0,24,0,0,144,1,0,0,1200.0
2025-07-21,12,18092.66709721342,0.1306958999921335,0,42,0,0,144,1,0,0,1200.0
2025-07-22,0,53558.14383689596,0.2833035999938147,0,34,0,0,144,1,0,0,1200.0
2025-07-22,6,29968.8319145368,0.2406551999883959,0,161,0,0,144,1,0,0,1200.0
2025-07-22,12,16302.513546870912,0.199938599995221,0,46,0,0,144,1,0,0,1200.0
2025-07-23,0,61391.62175401766,0.8072170000086771,0,33,0,0,144,1,0,0,1200.0
2025-07-23,6,10025.038667567378,0.05857929999183398,0,20,0,0,144,1,0,0,1200.0
2025-07-23,12,15635.625005958878,0.4807139000040479,0,42,0,0,144,1,0,0,1200.0
2025-07-24,0,60814.28712412218,1.698099999994156,0,31,0,0,144,1,0,0,1200.0
2025-07-24,6,9305.866716184744,0.060127300006570294,0,22,0,0,144,1,0,0,1200.0
2025-07-24,12,10134.504771005157,0.08517369999026414,0,34,0,0,144,1,0,0,1200.0
2025-07-25,0,32126.889384576938,0.17981560000043828,0,5,0,0,144,1,0,0,1200.0
2025-07-25,6,12978.823308452356,0.11752630000410136,0,85,0,0,144,1,0,0,1200.0
2025-07-25,12,12601.277508548072,0.3000344000029145,0,37,0,0,144,1,0,0,1200.0
2025-07-26,0,36306.228859747745,0.7389410000032512,0,27,0,0,144,1,0,0,1200.0
2025-07-26,6,12952.57844934745,0.320508399992832,0,26,0,0,144,1,0,0,1200.0
2025-07-26,12,26729.45629899932,0.17424860000028275,0,44,0,0,144,1,0,0,1200.0
2025-07-27,0,56308.48318658451,0.26876310000079684,0,33,0,0,144,1,0,0,1200.0
2025-07-27,6,13107.808761524093,0.48150300000270363,0,36,0,0,144,1,0,0,1200.0
2025-07-27,12,23768.914421273625,0.2912190000060946,0,55,0,0,144,1,0,0,1200.0
2025-07-28,0,56107.80910406805,1.6506107000022894,0,35,0,0,144,1,0,0,1200.0
2025-07-28,6,16467.227401174136,0.2965924000018276,0,55,0,0,144,1,0,0,1200.0
2025-07-28,12,17397.71652663531,0.11531670000113081,0,48,0,0,144,1,0,0,1200.0
2025-07-29,0,54501.16339303904,0.8672166999895126,0,38,0,0,144,1,0,0,1200.0
2025-07-29,6,17879.856708214906,0.8422941000026185,0,94,0,0,144,1,0,0,1200.0
2025-07-29,12,17367.194950037905,0.28588580001087394,0,63,0,0,144,1,0,0,1200.0
2025-07-30,0,50812.622853598885,0.5068950999993831,0,43,0,0,144,1,0,0,1200.0
2025-07-30,6,21690.33808606584,0.3261155999934999,0,111,0,0,144,1,0,0,1200.0
2025-07-30,12,19513.557366124547,2.2573987000068882,0,53,0,0,144,1,0,0,1200.0
2025-07-31,0,54197.20379905911,0.41709390000323765,0,32,0,0,144,1,0,0,1200.0
2025-07-31,6,10936.361057101773,0.10701310000149533,0,48,0,0,144,1,0,0,1200.0
2025-07-31,12,11649.560644531544,0.4385879000037676,0,45,0,0,144,1,0,0,1200.0
2025-08-01,0,32526.17127241599,0.4023025000060443,0,6,0,0,144,1,0,0,1200.0
2025-08-01,6,9766.02743701952,0.057507699995767325,0,20,0,0,144,1,0,0,1200.0
2025-08-01,12,10314.567219542585,0.10552789999928791,0,37,0,0,144,1,0,0,1200.0
2025-08-02,0,37568.824283522335,0.3918950999941444,0,26,0,0,144,1,0,0,1200.0
2025-08-02,6,12691.332408453276,0.12034340000536758,0,20,0,0,144,1,0,0,1200.0
2025-08-02,12,16168.925499066545,0.22207389998948202,0,37,0,0,144,1,0,0,1200.0
2025-08-03,0,49397.821470877745,0.7156153999967501,0,33,0,0,144,1,0,0,1200.0
2025-08-03,6,13592.731841101097,0.23407099999894854,0,47,0,0,144,1,0,0,1200.0
2025-08-03,12,17034.20412004482,0.14081050000095274,0,41,0,0,144,1,0,0,1200.0
2025-08-04,0,52057.17599901076,0.20590770000126213,0,34,0,0,144,1,0,0,1200.0
2025-08-04,6,12332.145069421891,0.08800860001065303,0,37,0,0,144,1,0,0,1200.0
2025-08-04,12,15465.927847376504,0.08949479999137111,0,38,0,0,144,1,0,0,1200.0
2025-08-05,0,50716.88396524194,0.6612080999911996,0,37,0,0,144,1,0,0,1200.0
2025-08-05,6,12840.510753821067,0.10341290000360459,0,45,0,0,144,1,0,0,1200.0
2025-08-05,12,22226.95335710126,0.18745140000828542,0,41,0,0,144,1,0,0,1200.0
2025-08-06,0,56181.668110783816,0.9101518999959808,0,34,0,0,144,1,0,0,1200.0
2025-08-06,6,11172.839567770467,0.23413319999235682,0,20,0,0,144,1,0,0,1200.0
2025-08-06,12,15682.880688909034,0.12315820000367239,0,42,0,0,144,1,0,0,1200.0
2025-08-07,0,55609.358787891746,0.31288800000038464,0,27,0,0,144,1,0,0,1200.0
2025-08-07,6,8866.030242685047,0.21605260000796989,0,29,0,0,144,1,0,0,1200.0
2025-08-07,12,10094.391546299892,0.9336471000133315,0,29,0,0,144,1,0,0,1200.0
2025-08-08,0,30483.517226229535,0.32916200000909157,0,6,0,0,144,1,0,0,1200.0
2025-08-08,6,9679.371778006445,0.15362589999858756,0,25,0,0,144,1,0,0,1200.0
2025-08-08,12,11367.201008608645,0.23519580000720453,0,37,0,0,144,1,0,0,1200.0
2025-08-09,0,30966.862183503792,0.4542031000019051,0,5,0,0,144,1,0,0,1200.0
2025-08-09,6,12464.477436990026,0.20728990000498015,0,20,0,0,144,1,0,0,1200.0
2025-08-09,12,16210.151233447017,0.1398881000059191,0,36,0,0,144,1,0,0,1200.0
2025-08-10,0,53802.6024840084,0.1908246999955736,0,31,0,0,144,1,0,0,1200.0
2025-08-10,6,11715.649115619983,0.564322500009439,0,20,0,0,144,1,0,0,1200.0
2025-08-10,12,15649.579455912331,0.20109669999510515,0,38,0,0,144,1,0,0,1200.0
2025-08-11,0,50746.18544822362,0.5194839999894612,0,35,0,0,144,1,0,0,1200.0
2025-08-11,6,12456.065140211922,0.9141833000030601,0,42,0,0,144,1,0,0,1200.0
2025-08-11,12,16363.590113983035,0.4406717999954708,0,52,0,0,144,1,0,0,1200.0
2025-08-12,0,54632.9502612366,0.7636037999909604,0,29,0,0,144,1,0,0,1200.0
2025-08-12,6,12050.425838021863,0.5644571000011638,0,42,0,0,144,1,0,0,1200.0
2025-08-12,12,24332.89897125629,0.17488889998639934,0,47,0,0,144,1,0,0,1200.0
2025-08-13,0,49541.540189510015,1.3492726999975275,0,38,0,0,144,1,0,0,1200.0
2025-08-13,6,11614.450725437222,0.6368030000012368,0,26,0,0,144,1,0,0,1200.0
2025-08-13,12,16698.58179128067,0.29455559999041725,0,50,0,0,144,1,0,0,1200.0
2025-08-14,0,50642.416866845226,0.5450555999996141,0,37,0,0,144,1,0,0,1200.0
2025-08-14,6,11301.506792105693,0.16966130000946578,0,78,0,0,144,1,0,0,1200.0
2025-08-14,12,10621.847325287446,0.3503201999992598,0,30,0,0,144,1,0,0,1200.0
2025-08-15,0,31979.448774213448,0.21349939999345224,0,23,0,0,144,1,0,0,1200.0
2025-08-15,6,9184.79520517881,0.17520019999938086,0,20,0,0,144,1,0,0,1200.0
2025-08-15,12,9171.184848433588,0.24733440000272822,0,24,0,0,144,1,0,0,1200.0
2025-08-16,0,32167.327715816755,0.6382411000085995,0,4,0,0,144,1,0,0,1200.0
2025-08-16,6,12007.50443719064,0.45626740000443533,0,20,0,0,144,1,0,0,1200.0
2025-08-16,12,16704.144961195936,0.1299561000050744,0,47,0,0,144,1,0,0,1200.0
2025-08-17,0,50162.34801006369,0.71291580000252,0,41,0,0,144,1,0,0,1200.0
2025-08-17,6,12229.739291860202,0.7187624000071082,0,36,0,0,144,1,0,0,1200.0
2025-08-17,12,16375.698155227357,0.45656140000210144,0,40,0,0,144,1,0,0,1200.0
2025-08-18,0,50728.242577269244,0.2777410999988206,0,41,0,0,144,1,0,0,1200.0
2025-08-18,6,11275.290429056959,0.13586629999917932,0,25,0,0,144,1,0,0,1200.0
2025-08-18,12,14409.953140332878,0.6613623000012012,0,37,0,0,144,1,0,0,1200.0
2025-08-19,0,49951.21501945682,0.42868430000089575,0,36,0,0,144,1,0,0,1200.0
2025-08-19,6,11255.183449160495,0.17765630000212695,0,21,0,0,144,1,0,0,1200.0
2025-08-19,12,22002.175562423054,0.9608373999944888,0,44,0,0,144,1,0,0,1200.0
2025-08-20,0,54262.83987686195,0.7908277000096859,0,39,0,0,144,1,0,0,1200.0
2025-08-20,6,12517.408240531886,0.1269633000047179,0,35,0,0,144,1,0,0,1200.0
2025-08-20,12,17781.78447198767,0.15660570000181906,0,46,0,0,144,1,0,0,1200.0
2025-08-21,0,52019.446099196866,0.8279617999942275,0,41,0,0,144,1,0,0,1200.0
2025-08-21,6,9807.625222583654,0.2796531999920262,0,34,0,0,144,1,0,0,1200.0
2025-08-21,12,10521.130554526866,0.5958433000050718,0,34,0,0,144,1,0,0,1200.0
2025-08-22,0,30828.662268504107,0.2440679999999702,0,5,0,0,144,1,0,0,1200.0
2025-08-22,6,9567.637530398926,0.09190050000324845,0,20,0,0,144,1,0,0,1200.0
2025-08-22,12,10616.07635710121,0.7221610999986297,0,40,0,0,144,1,0,0,1200.0
2025-08-23,0,29033.216431867357,0.5369578000099864,0,5,0,0,144,1,0,0,1200.0
2025-08-23,6,12437.093686010012,0.12484730000142008,0,28,0,0,144,1,0,0,1200.0
2025-08-23,12,24249.050394771682,0.13406930000928696,0,40,0,0,144,1,0,0,1200.0
2025-08-24,0,49413.474099900464,0.5912776999903144,0,32,0,0,144,1,0,0,1200.0
2025-08-24,6,12171.63535374162,0.14194520001183264,0,21,0,0,144,1,0,0,1200.0
2025-08-24,12,19391.56412378266,0.4831749999866588,0,76,0,0,144,1,0,0,1200.0
2025-08-25,0,63627.60714237745,0.20211980000021867,0,30,0,0,144,1,0,0,1200.0
2025-08-25,6,9520.356979247033,0.14194459999271203,0,26,0,0,144,1,0,0,1200.0
2025-08-25,12,13850.188432095307,0.1997214000002714,0,43,0,0,144,1,0,0,1200.0
2025-08-26,0,50492.675770646,0.632555100004538,0,34,0,0,144,1,0,0,1200.0
2025-08-26,6,14216.503415758156,0.18397430000186432,0,84,0,0,144,1,0,0,1200.0
2025-08-26,12,18956.701258070854,0.3112544999894453,0,40,0,0,144,1,0,0,1200.0
2025-08-27,0,50735.41273910351,0.5572417000075802,0,40,0,0,144,1,0,0,1200.0
2025-08-27,6,22538.71980348613,0.088425100009772,0,131,0,0,144,1,0,0,1200.0
2025-08-27,12,21109.674850177114,0.24330279999412596,0,52,0,0,144,1,0,0,1200.0
2025-08-28,0,49419.20292391026,1.049947899999097,0,38,0,0,144,1,0,0,1200.0
2025-08-28,6,20847.031820953285,0.11331179999979213,0,104,0,0,144,1,0,0,1200.0
2025-08-28,12,14924.536169768948,0.08667019999120384,0,32,0,0,144,1,0,0,1200.0
2025-08-29,0,33595.49363991999,0.7506635000027018,0,23,0,0,144,1,0,0,1200.0
2025-08-29,6,9532.635028825063,0.11670689999300521,0,20,0,0,144,1,0,0,1200.0
2025-08-29,12,9903.475346687654,0.20396049998817034,0,26,0,0,144,1,0,0,1200.0
2025-08-30,0,31802.552394533242,0.35953029998927377,0,5,0,0,144,1,0,0,1200.0
2025-08-30,6,12088.677111460755,0.21832179999910295,0,26,0,0,144,1,0,0,1200.0
2025-08-30,12,15476.692435004545,0.2339600999985123,0,37,0,0,144,1,0,0,1200.0
2025-08-31,0,49704.88181644704,0.7897882999968715,0,32,0,0,144,1,0,0,1200.0
2025-08-31,6,15059.518051082277,0.08655229999567382,0,85,0,0,144,1,0,0,1200.0
2025-08-31,12,16098.889028814434,0.4935513000091305,0,45,0,0,144,1,0,0,1200.0
2025-09-01,0,55969.10160004231,0.5026154999941355,0,29,0,0,144,1,0,0,1200.0
2025-09-01,6,9573.427432390043,0.2479624999978114,0,21,0,0,144,1,0,0,1200.0
2025-09-01,12,17456.3479085778,0.27885850000893697,0,47,0,0,144,1,0,0,1200.0
2025-09-02,0,45864.61040424979,0.37483570000040345,0,35,0,0,144,1,0,0,1200.0
2025-09-02,6,15661.737267971017,0.4462952000030782,0,106,0,0,144,1,0,0,1200.0
2025-09-02,12,14411.739452907377,0.18449149999651127,0,46,0,0,144,1,0,0,1200.0
2025-09-03,0,48114.98227543184,0.45579920000454877,0,35,0,0,144,1,0,0,1200.0
2025-09-03,6,10398.483023546996,0.16982930000813212,0,22,0,0,144,1,0,0,1200.0
2025-09-03,12,17458.84967716532,0.08137379999971017,0,43,0,0,144,1,0,0,1200.0
2025-09-04,0,47094.87380302097,0.2924353999987943,0,32,0,0,144,1,0,0,1200.0
2025-09-04,6,9201.935825895996,0.05437680000613909,0,27,0,0,144,1,0,0,1200.0
2025-09-04,12,10001.35707305837,0.15175820000877138,0,36,0,0,144,1,0,0,1200.0
2025-09-05,0,27804.899371306685,0.15654569999605883,0,5,0,0,144,1,0,0,1200.0
2025-09-05,6,9056.148932271206,0.05733630000031553,0,20,0,0,144,1,0,0,1200.0
2025-09-05,12,9923.76075801339,0.4135272999992594,0,25,0,0,144,1,0,0,1200.0
2025-09-06,0,26879.20940446475,0.47320909998961724,0,3,0,0,144,1,0,0,1200.0
2025-09-06,6,11357.420111377787,0.14092869999876712,0,27,0,0,144,1,0,0,1200.0
2025-09-06,12,14100.68875221555,0.37214229999517556,0,37,0,0,144,1,0,0,1200.0
2025-09-07,0,41709.0714922582,1.1428614000033122,0,31,0,0,144,1,0,0,1200.0
2025-09-07,6,16341.095176266252,0.13891790001071058,0,97,0,0,144,1,0,0,1200.0
2025-09-07,12,15026.937728336508,0.27603789999557193,0,55,0,0,144,1,0,0,1200.0
2025-09-08,0,42507.13482593516,0.4955348999937996,0,36,0,0,144,1,0,0,1200.0
2025-09-08,6,8833.965272449876,0.383039500011364,0,27,0,0,144,1,0,0,1200.0
2025-09-08,12,13229.322177598622,1.5654003000090597,0,53,0,0,144,1,0,0,1200.0
2025-09-09,0,38710.53893914452,0.22853769999346696,0,32,0,0,144,1,0,0,1200.0
2025-09-09,6,13800.122169686138,0.09990499999548774,0,72,0,0,144,1,0,0,1200.0
2025-09-09,12,13817.770789581136,0.7270756000070833,0,52,0,0,144,1,0,0,1200.0
2025-09-10,0,46293.26981146961,0.1980580999952508,0,34,0,0,144,1,0,0,1200.0
2025-09-10,6,9039.425505892452,0.44112659999518655,0,25,0,0,144,1,0,0,1200.0
2025-09-10,12,22398.712008680035,0.175447699992219,0,86,0,0,144,1,0,0,1200.0
2025-09-11,0,46398.84242918253,0.38801380000950303,0,38,0,0,144,1,0,0,1200.0
2025-09-11,6,7310.807756850914,0.1702198999992106,0,20,0,0,144,1,0,0,1200.0
2025-09-11,12,8627.620003170336,0.5118202000012388,0,34,0,0,144,1,0,0,1200.0
2025-09-12,0,24856.329689895072,0.5042354999895906,0,7,0,0,144,1,0,0,1200.0
2025-09-12,6,8252.815152552912,0.1733851000026334,0,20,0,0,144,1,0,0,1200.0
2025-09-12,12,12661.803006810833,0.39899050000531133,0,43,0,0,144,1,0,0,1200.0
2025-09-13,0,22677.603087371226,0.541748000003281,0,5,0,0,144,1,0,0,1200.0
2025-09-13,6,11109.202225841056,0.06236339999304619,0,31,0,0,144,1,0,0,1200.0
2025-09-13,12,16963.718220310082,0.8178142999968259,0,45,0,0,144,1,0,0,1200.0
2025-09-14,0,46152.5849470605,0.2940082999994047,0,38,0,0,144,1,0,0,1200.0
2025-09-14,6,9681.957617842285,0.12908020000031684,0,34,0,0,144,1,0,0,1200.0
2025-09-14,12,14934.50121804948,0.3821763000014471,0,42,0,0,144,1,0,0,1200.0
2025-09-15,0,40814.78800677412,0.6856362000107765,0,14,0,0,144,1,0,0,1200.0
2025-09-15,6,11635.47931911075,0.3201195000001462,0,50,0,0,144,1,0,0,1200.0
2025-09-15,12,15373.89690851975,0.5382926000020234,0,47,0,0,144,1,0,0,1200.0
2025-09-16,0,49470.96165975518,0.2558317000075476,0,39,0,0,144,1,0,0,1200.0
2025-09-16,6,9952.164095921156,0.37440179999975953,0,27,0,0,144,1,0,0,1200.0
2025-09-16,12,14757.451256726248,0.7922939999989467,0,44,0,0,144,1,0,0,1200.0
2025-09-17,0,47992.90756020988,0.5738877000112552,0,38,0,0,144,1,0,0,1200.0
2025-09-17,6,10344.045339278347,0.33226849998754915,0,30,0,0,144,1,0,0,1200.0
2025-09-17,12,22515.807890614662,0.4093072999967262,0,45,0,0,144,1,0,0,1200.0
2025-09-18,0,42661.84615557444,1.1220213000051444,0,33,0,0,144,1,0,0,1200.0
2025-09-18,6,16263.36033305195,0.13154430000577122,0,105,0,0,144,1,0,0,1200.0
2025-09-18,12,10961.60630825342,0.14777959999628365,0,36,0,0,144,1,0,0,1200.0
2025-09-19,0,26365.60867651781,0.1992488000105368,0,7,0,0,144,1,0,0,1200.0
2025-09-19,6,8678.559698561645,0.05002680000325199,0,33,0,0,144,1,0,0,1200.0
2025-09-19,12,10148.830040484414,0.1571544000034919,0,31,0,0,144,1,0,0,1200.0
2025-09-20,0,23918.89246469745,0.32855960000597406,0,5,0,0,144,1,0,0,1200.0
2025-09-20,6,11101.120347042532,0.16888480000488926,0,32,0,0,144,1,0,0,1200.0
2025-09-20,12,15353.542588783308,0.1887126000074204,0,40,0,0,144,1,0,0,1200.0
2025-09-21,0,43493.310342423756,1.7951332999946317,0,37,0,0,144,1,0,0,1200.0
2025-09-21,6,12768.879458442827,0.265941899997415,0,40,0,0,144,1,0,0,1200.0
2025-09-21,12,15103.513615352731,0.24416679999558255,0,47,0,0,144,1,0,0,1200.0
2025-09-22,0,51517.21544451775,0.40326350000395905,0,37,0,0,144,1,0,0,1200.0
2025-09-22,6,9016.324820673422,0.2401125000033062,0,23,0,0,144,1,0,0,1200.0
2025-09-22,12,16403.44951422433,0.5466878000006545,0,44,0,0,144,1,0,0,1200.0
2025-09-23,0,50092.97438765001,2.195954000009806,0,35,0,0,144,1,0,0,1200.0
2025-09-23,6,10058.4087453793,0.0868655999947805,0,29,0,0,144,1,0,0,1200.0
2025-09-23,12,16806.81452011951,0.1551534000027459,0,45,0,0,144,1,0,0,1200.0
2025-09-24,0,42709.65029461723,0.7464845999929821,0,33,0,0,144,1,0,0,1200.0
2025-09-24,6,12925.657972921594,0.09477129999140743,0,87,0,0,144,1,0,0,1200.0
2025-09-24,12,18198.391256769795,0.16452619999472518,0,41,0,0,144,1,0,0,1200.0
2025-09-25,0,47550.583644318205,0.8652866999909747,0,38,0,0,144,1,0,0,1200.0
2025-09-25,6,9551.3780141075,0.1140744000003906,0,54,0,0,144,1,0,0,1200.0
2025-09-25,12,17922.67702017682,0.5662039000017103,0,57,0,0,144,1,0,0,1200.0
2025-09-26,0,29012.451197983522,0.9750836000021081,0,27,0,0,144,1,0,0,1200.0
2025-09-26,6,8108.265547195843,0.07995600000140257,0,21,0,0,144,1,0,0,1200.0
2025-09-26,12,9308.547574393715,0.26484269999491517,0,33,0,0,144,1,0,0,1200.0
2025-09-27,0,23667.096467370542,0.34703640000952873,0,6,0,0,144,1,0,0,1200.0
2025-09-27,6,14386.672178849241,0.3369897999946261,0,37,0,0,144,1,0,0,1200.0
2025-09-27,12,18155.06850562891,0.23129699999117292,0,46,0,0,144,1,0,0,1200.0
2025-09-28,0,44252.77910415554,0.46992909999971744,0,38,0,0,144,1,0,0,1200.0
2025-09-28,6,18958.318603494743,0.22143550000328105,0,97,0,0,144,1,0,0,1200.0
2025-09-28,12,18962.569693004334,0.22938150000118185,0,57,0,0,144,1,0,0,1200.0
2025-09-29,0,50619.90107815731,2.213979799998924,0,35,0,0,144,1,0,0,1200.0
2025-09-29,6,8408.708418849921,0.24469619999581482,0,23,0,0,144,1,0,0,1200.0
2025-09-29,12,16039.03592876159,0.22214460000395775,0,61,0,0,144,1,0,0,1200.0
2025-09-30,0,49855.57024408311,1.194638800006942,0,39,0,0,144,1,0,0,1200.0
2025-09-30,6,10884.195163271315,0.8120883000083268,0,26,0,0,144,1,0,0,1200.0
2025-09-30,12,16492.839075777756,0.23854340000252705,0,52,0,0,144,1,0,0,1200.0
2025-10-01,0,46520.65227384802,0.6270323999924585,0,42,0,0,144,1,0,0,1200.0
2025-10-01,6,10432.160851473252,0.4311944999935804,0,41,0,0,144,1,0,0,1200.0
2025-10-01,12,14646.355860243239,0.1160952000063844,0,46,0,0,144,1,0,0,1200.0
2025-10-02,0,50572.36169973347,0.730588299993542,0,33,0,0,144,1,0,0,1200.0
2025-10-02,6,5717.439259009861,0.09691120000206865,0,21,0,0,144,1,0,0,1200.0
2025-10-02,12,8089.687426623844,0.13803349999943748,0,33,0,0,144,1,0,0,1200.0
2025-10-03,0,22188.402522273973,0.6059688000095775,0,6,0,0,144,1,0,0,1200.0
2025-10-03,6,8574.126806179464,0.15648780000628904,0,26,0,0,144,1,0,0,1200.0
2025-10-03,12,11589.144685890387,0.16984600000432692,0,35,0,0,144,1,0,0,1200.0
2025-10-04,0,25866.557331579414,0.20684569999866653,0,28,0,0,144,1,0,0,1200.0
2025-10-04,6,10601.528207666024,0.09011799999279901,0,21,0,0,144,1,0,0,1200.0
2025-10-04,12,22716.843206456273,0.10399190000316594,0,38,0,0,144,1,0,0,1200.0
2025-10-05,0,47127.26066176714,0.15195939999830443,0,32,0,0,144,1,0,0,1200.0
2025-10-05,6,9047.353325787173,0.06919380000908859,0,34,0,0,144,1,0,0,1200.0
2025-10-05,12,20349.581182526104,0.18922590000147466,0,45,0,0,144,1,0,0,1200.0
2025-10-06,0,42481.26257484275,0.221023599995533,0,33,0,0,144,1,0,0,1200.0
2025-10-06,6,12868.085055551704,0.5034937000018544,0,64,0,0,144,1,0,0,1200.0
2025-10-06,12,17374.60293350122,0.09555329999420792,0,44,0,0,144,1,0,0,1200.0
2025-10-07,0,45285.89123376972,0.23091060000297148,0,39,0,0,144,1,0,0,1200.0
2025-10-07,6,10716.919525268788,0.14739459998963866,0,31,0,0,144,1,0,0,1200.0
2025-10-07,12,19176.96526131778,0.20994980000250507,0,42,0,0,144,1,0,0,1200.0
2025-10-08,0,41469.32385302117,0.5565855000022566,0,40,0,0,144,1,0,0,1200.0
2025-10-08,6,9917.782561477714,0.5253405999974348,0,33,0,0,144,1,0,0,1200.0
2025-10-08,12,14747.902819884193,0.246072500012815,0,45,0,0,144,1,0,0,1200.0
2025-10-09,0,48118.27678983121,0.2145687000011094,0,33,0,0,144,1,0,0,1200.0
2025-10-09,6,5630.793487059161,0.07510550000006333,0,20,0,0,144,1,0,0,1200.0
2025-10-09,12,9450.87954160342,0.9964141999953426,0,36,0,0,144,1,0,0,1200.0
2025-10-10,0,22184.855607673857,0.6347926000016741,0,9,0,0,144,1,0,0,1200.0
2025-10-10,6,8121.404454364878,0.16161239999928512,0,25,0,0,144,1,0,0,1200.0
2025-10-10,12,10046.624209996922,0.3364465999911772,0,34,0,0,144,1,0,0,1200.0
2025-10-11,0,22038.064579546768,0.16712209999968763,0,8,0,0,144,1,0,0,1200.0
2025-10-11,6,11283.198464061703,0.2431083999981638,0,20,0,0,144,1,0,0,1200.0
2025-10-11,12,18827.322108368786,0.1985487999918405,0,41,0,0,144,1,0,0,1200.0
2025-10-12,0,41913.44688655393,0.6694752000039443,0,43,0,0,144,1,0,0,1200.0
2025-10-12,6,11236.220175647231,0.1588437000027625,0,34,0,0,144,1,0,0,1200.0
2025-10-12,12,17585.99972966509,0.20756599999731407,0,46,0,0,144,1,0,0,1200.0
2025-10-13,0,45149.080773419155,0.8737197999871569,0,41,0,0,144,1,0,0,1200.0
2025-10-13,6,9546.353674258682,0.33409070000925567,0,22,0,0,144,1,0,0,1200.0
2025-10-13,12,15134.250350407949,0.12489710000227205,0,41,0,0,144,1,0,0,1200.0
2025-10-14,0,47016.97652816178,0.31040719999873545,0,34,0,0,144,1,0,0,1200.0
2025-10-14,6,8789.602079977103,0.2858597999875201,0,22,0,0,144,1,0,0,1200.0
2025-10-14,12,20728.36107092258,0.11617419999674894,0,91,0,0,144,1,0,0,1200.0
2025-10-15,0,48719.96451086582,0.4174542999971891,0,37,0,0,144,1,0,0,1200.0
2025-10-15,6,8740.485698763687,0.5302002999960678,0,25,0,0,144,1,0,0,1200.0
2025-10-15,12,18292.338640861006,0.18421310000121593,0,43,0,0,144,1,0,0,1200.0
2025-10-16,0,46414.825314761074,0.290783399992506,0,38,0,0,144,1,0,0,1200.0
2025-10-16,6,8884.640092946202,0.16290899999148678,0,42,0,0,144,1,0,0,1200.0
2025-10-16,12,12203.765185293076,0.1728045000054408,0,44,0,0,144,1,0,0,1200.0
2025-10-17,0,20716.957292592313,0.26925839998875745,0,8,0,0,144,1,0,0,1200.0
2025-10-17,6,11595.816764136247,0.09870539999974426,0,30,0,0,144,1,0,0,1200.0
2025-10-17,12,12305.123764318236,0.08751260000281036,0,33,0,0,144,1,0,0,1200.0
2025-10-18,0,23446.379108536337,0.7213041000068188,0,7,0,0,144,1,0,0,1200.0
2025-10-18,6,10507.243756967337,0.14570579999417532,0,21,0,0,144,1,0,0,1200.0
2025-10-18,12,22148.30650805199,0.11046989999886137,0,39,0,0,144,1,0,0,1200.0
2025-10-19,0,46496.499504673484,0.7355252999986988,0,39,0,0,144,1,0,0,1200.0
2025-10-19,6,10537.30792535118,0.08131069999944884,0,27,0,0,144,1,0,0,1200.0
2025-10-19,12,21386.50515843239,0.18722759999218397,0,39,0,0,144,1,0,0,1200.0
2025-10-20,0,51752.456187180374,0.4377227000077255,0,36,0,0,144,1,0,0,1200.0
2025-10-20,6,9208.494293338385,0.1468816999986302,0,28,0,0,144,1,0,0,1200.0
2025-10-20,12,22056.15581797348,0.09448479999264237,0,41,0,0,144,1,0,0,1200.0
2025-10-21,0,49184.152260421586,0.5472456999996211,0,35,0,0,144,1,0,0,1200.0
2025-10-21,6,11824.906731538176,0.15253790000861045,0,69,0,0,144,1,0,0,1200.0
2025-10-21,12,20342.199065178644,0.15187849999347236,0,45,0,0,144,1,0,0,1200.0
2025-10-22,0,47115.39471567373,1.011407700003474,0,37,0,0,144,1,0,0,1200.0
2025-10-22,6,10635.673938498572,0.33650410000700504,0,47,0,0,144,1,0,0,1200.0
2025-10-22,12,18339.414339842362,0.24877739998919424,0,49,0,0,144,1,0,0,1200.0
2025-10-23,0,53660.238179728854,0.6632731999998214,0,30,0,0,144,1,0,0,1200.0
2025-10-23,6,6189.246614999216,0.14272940000228118,0,36,0,0,144,1,0,0,1200.0
2025-10-23,12,10713.60432675814,0.19106180001108442,0,36,0,0,144,1,0,0,1200.0
2025-10-24,0,22332.770340341514,0.30121710000094026,0,10,0,0,144,1,0,0,1200.0
2025-10-24,6,9451.781780254782,0.10796240001218393,0,26,0,0,144,1,0,0,1200.0
2025-10-24,12,12337.03963238009,0.7549845999892568,0,38,0,0,144,1,0,0,1200.0
2025-10-25,0,23758.24559008358,0.3550915999949211,0,27,0,0,144,1,0,0,1200.0
2025-10-25,6,10283.14325501386,0.07081030000699684,0,21,0,0,144,1,0,0,1200.0
2025-10-25,12,17842.63121599853,0.29816829999617767,0,42,0,0,144,1,0,0,1200.0
2025-10-26,0,49681.31008562526,0.1157074999937322,0,34,0,0,144,1,0,0,1200.0
2025-10-26,6,8440.017613119147,0.1383404999942286,0,27,0,0,144,1,0,0,1200.0
2025-10-26,12,20857.654653634356,0.2803972999972757,0,83,0,0,144,1,0,0,1200.0
2025-10-27,0,46206.562707127574,0.2951331999938702,0,39,0,0,144,1,0,0,1200.0
2025-10-27,6,19536.705510399985,0.6215557999967132,0,131,0,0,144,1,0,0,1200.0
2025-10-27,12,20682.79667785924,1.0279712000046857,0,42,0,0,144,1,0,0,1200.0
2025-10-28,0,46386.9398251058,0.28360090000205673,0,39,0,0,144,1,0,0,1200.0
2025-10-28,6,16932.972180339682,0.6016086999879917,0,84,0,0,144,1,0,0,1200.0
2025-10-28,12,19776.694651125017,0.12486740000895225,0,49,0,0,144,1,0,0,1200.0
2025-10-29,0,52097.51872254968,0.2066835000005085,0,33,0,0,144,1,0,0,1200.0
2025-10-29,6,10303.487615481543,0.3190616000065347,0,29,0,0,144,1,0,0,1200.0
2025-10-29,12,19792.839717794046,0.14460529999632854,0,49,0,0,144,1,0,0,1200.0
2025-10-30,0,46238.06948436372,0.8093210000079125,0,39,0,0,144,1,0,0,1200.0
2025-10-30,6,9625.469117062661,0.05584459999226965,0,60,0,0,144,1,0,0,1200.0
2025-10-30,12,12131.154670975053,0.2666425000061281,0,49,0,0,144,1,0,0,1200.0
2025-10-31,0,26176.82469373565,0.1265757999935886,0,29,0,0,144,1,0,0,1200.0
2025-10-31,6,7716.04137270502,0.06531740000355057,0,20,0,0,144,1,0,0,1200.0
2025-10-31,12,9523.945419358999,0.29597789999388624,0,33,0,0,144,1,0,0,1200.0
2025-11-01,0,23321.81838377088,0.11574480000126641,0,8,0,0,144,1,0,0,1200.0
2025-11-01,6,10358.496449807863,0.25432500000169966,0,21,0,0,144,1,0,0,1200.0
2025-11-01,12,17902.384686410427,0.176642799997353,0,39,0,0,144,1,0,0,1200.0
2025-11-02,0,48339.49219976853,0.2796207999926992,0,37,0,0,144,1,0,0,1200.0
2025-11-02,6,15891.716608706207,0.1536985000129789,0,98,0,0,144,1,0,0,1200.0
2025-11-02,12,18990.01445302279,0.1686916999897221,0,43,0,0,144,1,0,0,1200.0
2025-11-03,0,53429.66407848472,0.1615835000120569,0,29,0,0,144,1,0,0,1200.0
2025-11-03,6,9534.690137410265,0.35739650001050904,0,28,0,0,144,1,0,0,1200.0
2025-11-03,12,18401.09909821553,0.14789539999037515,0,43,0,0,144,1,0,0,1200.0
2025-11-04,0,49534.36658932017,0.2506167999963509,0,36,0,0,144,1,0,0,1200.0
2025-11-04,6,11569.714478003409,0.1780469999939669,0,53,0,0,144,1,0,0,1200.0
2025-11-04,12,18649.347684494453,0.39444070000899956,0,41,0,0,144,1,0,0,1200.0
2025-11-05,0,55057.78942840418,0.28889119999075774,0,30,0,0,144,1,0,0,1200.0
2025-11-05,6,8608.553080468075,0.06986259999393951,0,24,0,0,144,1,0,0,1200.0
2025-11-05,12,23519.964107962456,0.08726519999618176,0,49,0,0,144,1,0,0,1200.0
2025-11-06,0,50982.978246859646,0.5350214000063716,0,29,0,0,144,1,0,0,1200.0
2025-11-06,6,10131.754887548013,0.07538229999772739,0,59,0,0,144,1,0,0,1200.0
2025-11-06,12,11321.308173794036,0.12174689999665134,0,41,0,0,144,1,0,0,1200.0
2025-11-07,0,23733.792227406208,0.6623993999965023,0,26,0,0,144,1,0,0,1200.0
2025-11-07,6,8783.331261934849,0.061245699995197356,0,69,0,0,144,1,0,0,1200.0
2025-11-07,12,11150.637734634014,0.1304760999919381,0,35,0,0,144,1,0,0,1200.0
2025-11-08,0,24365.957978874692,0.2603254999994533,0,29,0,0,144,1,0,0,1200.0
2025-11-08,6,10468.496739881306,0.159459100003005,0,29,0,0,144,1,0,0,1200.0
2025-11-08,12,20349.014473874235,0.17834130000846926,0,48,0,0,144,1,0,0,1200.0
2025-11-09,0,51135.35473257089,1.0404907000047388,0,29,0,0,144,1,0,0,1200.0
2025-11-09,6,11182.78437339415,0.11868030000186991,0,39,0,0,144,1,0,0,1200.0
2025-11-09,12,25296.67881194527,0.11268210000707768,0,55,0,0,144,1,0,0,1200.0
2025-11-10,0,53931.71618271902,0.6680443000077503,0,34,0,0,144,1,0,0,1200.0
2025-11-10,6,11786.304215765429,0.24744300000020303,0,50,0,0,144,1,0,0,1200.0
2025-11-10,12,17037.89600593127,0.2193182000046363,0,42,0,0,144,1,0,0,1200.0
2025-11-11,0,56097.17409387041,0.17862519998743664,0,31,0,0,144,1,0,0,1200.0
2025-11-11,6,9048.256914104462,0.49549970000225585,0,25,0,0,144,1,0,0,1200.0
2025-11-11,12,23144.794333469992,0.19492860000173096,0,43,0,0,144,1,0,0,1200.0
2025-11-12,0,52207.105534015456,0.7338470999966376,0,33,0,0,144,1,0,0,1200.0
2025-11-12,6,13882.436255081873,0.37204539999947883,0,94,0,0,144,1,0,0,1200.0
2025-11-12,12,19446.787925217075,0.21550120000028983,0,49,0,0,144,1,0,0,1200.0
2025-11-13,0,50950.88829028005,0.24245159998827148,0,34,0,0,144,1,0,0,1200.0
2025-11-13,6,9390.16348053351,0.09314769999764394,0,75,0,0,144,1,0,0,1200.0
2025-11-13,12,12854.713930142894,0.20522970000456553,0,53,0,0,144,1,0,0,1200.0
2025-11-14,0,25808.6780399113,0.14115229999879375,0,30,0,0,144,1,0,0,1200.0
2025-11-14,6,7599.1823473613085,0.06411920000391547,0,22,0,0,144,1,0,0,1200.0
2025-11-14,12,10643.925335970356,0.2658267000078922,0,40,0,0,144,1,0,0,1200.0
2025-11-15,0,27371.733803232466,0.2502459999959683,0,33,0,0,144,1,0,0,1200.0
2025-11-15,6,9674.735798810081,0.24250510000274517,0,22,0,0,144,1,0,0,1200.0
2025-11-15,12,20952.330760501438,0.09492269999464042,0,39,0,0,144,1,0,0,1200.0
2025-11-16,0,51482.03246460187,0.34172740000940394,0,34,0,0,144,1,0,0,1200.0
2025-11-16,6,15887.025422839099,0.1323975999985123,0,86,0,0,144,1,0,0,1200.0
2025-11-16,12,27764.91768731113,0.3717266000021482,0,63,0,0,144,1,0,0,1200.0
2025-11-17,0,51558.21363151431,0.35488600000098813,0,35,0,0,144,1,0,0,1200.0
2025-11-17,6,18889.29185560312,0.6279547000012826,0,159,0,0,144,1,0,0,1200.0
2025-11-17,12,26321.351882199197,0.15288500000315253,0,67,0,0,144,1,0,0,1200.0
2025-11-18,0,54203.51217432714,0.4151175000006333,0,30,0,0,144,1,0,0,1200.0
2025-11-18,6,9557.106278813977,0.6676780000125291,0,24,0,0,144,1,0,0,1200.0
2025-11-18,12,25948.913358787675,0.14995970000745729,0,58,0,0,144,1,0,0,1200.0
2025-11-19,0,53437.45493639057,0.4206869000045117,0,30,0,0,144,1,0,0,1200.0
2025-11-19,6,15287.661587708766,0.7066901000071084,0,97,0,0,144,1,0,0,1200.0
2025-11-19,12,26908.729330727318,0.11122849999810569,0,42,0,0,144,1,0,0,1200.0
2025-11-20,0,53754.385836840454,0.14464890000817832,0,30,0,0,144,1,0,0,1200.0
2025-11-20,6,8282.634749586303,0.0548411999916425,0,42,0,0,144,1,0,0,1200.0
2025-11-20,12,11795.437409763395,0.4775377999903867,0,56,0,0,144,1,0,0,1200.0
2025-11-21,0,26103.47023273284,0.2750350999995135,0,31,0,0,144,1,0,0,1200.0
2025-11-21,6,9196.057943516409,0.0806903000047896,0,83,0,0,144,1,0,0,1200.0
2025-11-21,12,10914.688021503818,0.3124288999970304,0,45,0,0,144,1,0,0,1200.0
2025-11-22,0,27813.951719910998,0.40282670001033694,0,40,0,0,144,1,0,0,1200.0
2025-11-22,6,9701.253810857825,0.07412350000231527,0,24,0,0,144,1,0,0,1200.0
2025-11-22,12,22220.385698265745,0.11817400000290945,0,42,0,0,144,1,0,0,1200.0
2025-11-23,0,51770.45800129834,0.4907862000109162,0,32,0,0,144,1,0,0,1200.0
2025-11-23,6,16235.74281137955,0.3180235000036191,0,93,0,0,144,1,0,0,1200.0
2025-11-23,12,24491.293625521575,0.2891185000044061,0,50,0,0,144,1,0,0,1200.0
2025-11-24,0,53253.71405213564,1.0643213000003016,0,30,0,0,144,1,0,0,1200.0
2025-11-24,6,10852.583989780256,0.16792659999919124,0,64,0,0,144,1,0,0,1200.0
2025-11-24,12,22666.023260847232,0.16913449999992736,0,50,0,0,144,1,0,0,1200.0
2025-11-25,0,61706.39004917524,0.23870820000593085,0,32,0,0,144,1,0,0,1200.0
2025-11-25,6,8735.396374578791,0.1161660999932792,0,24,0,0,144,1,0,0,1200.0
2025-11-25,12,20313.003876888593,0.19180830000550486,0,43,0,0,144,1,0,0,1200.0
2025-11-26,0,57909.37734780926,0.7936542999959784,0,31,0,0,144,1,0,0,1200.0
2025-11-26,6,10570.487838938634,0.19875019999744836,0,35,0,0,144,1,0,0,1200.0
2025-11-26,12,24257.658057768018,0.5751103000075091,0,49,0,0,144,1,0,0,1200.0
2025-11-27,0,56117.930577420964,1.1544356999947922,0,30,0,0,144,1,0,0,1200.0
2025-11-27,6,8791.491857803816,0.0725040999968769,0,41,0,0,144,1,0,0,1200.0
2025-11-27,12,13081.86698122354,0.10015179999754764,0,46,0,0,144,1,0,0,1200.0
2025-11-28,0,27313.998159953964,0.8685876000090502,0,35,0,0,144,1,0,0,1200.0
2025-11-28,6,8555.516528970395,0.05937800000538118,0,52,0,0,144,1,0,0,1200.0
2025-11-28,12,11115.848324532604,0.2512423000007402,0,40,0,0,144,1,0,0,1200.0
2025-11-29,0,32210.191790052333,0.21695760000147857,0,34,0,0,144,1,0,0,1200.0
2025-11-29,6,8988.665499783514,0.07794089999515563,0,22,0,0,144,1,0,0,1200.0
2025-11-29,12,24475.816871475312,0.29102989999228157,0,40,0,0,144,1,0,0,1200.0
2025-11-30,0,55637.48705854823,0.5163348999922164,0,28,0,0,144,1,0,0,1200.0
2025-11-30,6,14647.503784964894,0.41427789999579545,0,94,0,0,144,1,0,0,1200.0
2025-11-30,12,26571.590839036555,0.39303259999724105,0,62,0,0,144,1,0,0,1200.0
2025-12-01,0,60674.6699699697,0.8947876000020187,0,31,0,0,144,1,0,0,1200.0
2025-12-01,6,9521.947870471213,0.10667110000213142,0,36,0,0,144,1,0,0,1200.0
2025-12-01,12,26445.92481844464,0.14247169998998288,0,47,0,0,144,1,0,0,1200.0
2025-12-02,0,63453.919034969316,0.2521835999941686,0,31,0,0,144,1,0,0,1200.0
2025-12-02,6,11159.75504481244,0.22665349999442697,0,40,0,0,144,1,0,0,1200.0
2025-12-02,12,29895.405752116145,0.09495660000538919,0,48,0,0,144,1,0,0,1200.0
2025-12-03,0,57677.63180760825,0.4312791999982437,0,31,0,0,144,1,0,0,1200.0
2025-12-03,6,16865.041734128667,0.41045549999398645,0,122,0,0,144,1,0,0,1200.0
2025-12-03,12,25358.37187758755,0.16637579999223817,0,65,0,0,144,1,0,0,1200.0
2025-12-04,0,64991.68044593908,0.3624678999913158,0,32,0,0,144,1,0,0,1200.0
2025-12-04,6,9235.632709855548,0.11172249999071937,0,34,0,0,144,1,0,0,1200.0
2025-12-04,12,13783.094289754532,0.4406147999980021,0,53,0,0,144,1,0,0,1200.0
2025-12-05,0,35394.59314201671,0.1286907999892719,0,33,0,0,144,1,0,0,1200.0
2025-12-05,6,8905.639183190844,0.05467700000735931,0,36,0,0,144,1,0,0,1200.0
2025-12-05,12,13347.332932139625,0.2779971999989357,0,49,0,0,144,1,0,0,1200.0
2025-12-06,0,32212.169928484826,0.19147740000335034,0,37,0,0,144,1,0,0,1200.0
2025-12-06,6,9784.21436625496,0.10679560000426136,0,26,0,0,144,1,0,0,1200.0
2025-12-06,12,27119.284581747626,0.09766210000088904,0,44,0,0,144,1,0,0,1200.0
2025-12-07,0,62402.2842669462,0.366757099996903,0,30,0,0,144,1,0,0,1200.0
2025-12-07,6,10193.314265401923,0.09789730000193231,0,26,0,0,144,1,0,0,1200.0
2025-12-07,12,31598.468453856796,0.16298449999885634,0,82,0,0,144,1,0,0,1200.0
2025-12-08,0,70613.97793276752,0.15907679998781532,0,31,0,0,144,1,0,0,1200.0
2025-12-08,6,12210.361194213314,0.09377170000516344,0,36,0,0,144,1,0,0,1200.0
2025-12-08,12,33770.17007199673,0.2975692999898456,0,50,0,0,144,1,0,0,1200.0
2025-12-09,0,69604.14230344929,0.24022340000374243,0,32,0,0,144,1,0,0,1200.0
2025-12-09,6,11523.456295152642,0.12775580000015907,0,40,0,0,144,1,0,0,1200.0
2025-12-09,12,30261.17900258928,0.22119639998709317,0,53,0,0,144,1,0,0,1200.0
2025-12-10,0,66535.79461327738,0.2317470999987563,0,34,0,0,144,1,0,0,1200.0
2025-12-10,6,14757.69018490533,0.08683280000695959,0,58,0,0,144,1,0,0,1200.0
2025-12-10,12,30904.574726860028,0.2647104999923613,0,50,0,0,144,1,0,0,1200.0
2025-12-11,0,69101.35804654186,0.28460420000192244,0,31,0,0,144,1,0,0,1200.0
2025-12-11,6,9435.687230405363,0.5397125000017695,0,24,0,0,144,1,0,0,1200.0
2025-12-11,12,17521.825286892014,0.25482190000184346,0,46,0,0,144,1,0,0,1200.0
2025-12-12,0,39630.708928033455,0.26025720000325236,0,33,0,0,144,1,0,0,1200.0
2025-12-12,6,10891.445795373542,0.5370564999902854,0,55,0,0,144,1,0,0,1200.0
2025-12-12,12,20053.349106893424,0.2735036000085529,0,49,0,0,144,1,0,0,1200.0
2025-12-13,0,35967.48490917421,0.3188645999907749,0,31,0,0,144,1,0,0,1200.0
2025-12-13,6,14610.331482320385,0.22352099999261554,0,71,0,0,144,1,0,0,1200.0
2025-12-13,12,26728.55411262124,0.5539973999984795,0,49,0,0,144,1,0,0,1200.0
2025-12-14,0,60509.62448784972,0.27080759999807924,0,31,0,0,144,1,0,0,1200.0
2025-12-14,6,17025.81346849227,0.6593594999867491,0,91,0,0,144,1,0,0,1200.0
2025-12-14,12,32792.465408841876,0.3686241999967024,0,73,0,0,144,1,0,0,1200.0
2025-12-15,0,65528.364111265946,0.17937389999860898,0,30,0,0,144,1,0,0,1200.0
2025-12-15,6,16807.486697908007,0.21659679998992942,0,85,0,0,144,1,0,0,1200.0
2025-12-15,12,32441.052005724938,0.2630796999874292,0,58,0,0,144,1,0,0,1200.0
2025-12-16,0,69707.16448891464,0.2103452000010293,0,31,0,0,144,1,0,0,1200.0
2025-12-16,6,11355.0607423834,0.06672839999373537,0,30,0,0,144,1,0,0,1200.0
2025-12-16,12,32714.319508273307,0.13974640000378713,0,46,0,0,144,1,0,0,1200.0
2025-12-17,0,68989.42248207855,0.34943050000583753,0,31,0,0,144,1,0,0,1200.0
2025-12-17,6,10344.341209790024,0.3370379999978468,0,30,0,0,144,1,0,0,1200.0
2025-12-17,12,27572.495704821078,0.13433260000601877,0,49,0,0,144,1,0,0,1200.0
2025-12-18,0,63863.37250066806,0.14923409999755677,0,30,0,0,144,1,0,0,1200.0
2025-12-18,6,11953.893069667205,0.13416300000972115,0,77,0,0,144,1,0,0,1200.0
2025-12-18,12,18598.08061670614,0.4830649999930756,0,57,0,0,144,1,0,0,1200.0
2025-12-19,0,35052.744046166605,0.14545529999304563,0,38,0,0,144,1,0,0,1200.0
2025-12-19,6,10480.44869838195,0.11172300000907853,0,80,0,0,144,1,0,0,1200.0
2025-12-19,12,16777.590285385828,0.27077199998893775,0,42,0,0,144,1,0,0,1200.0
2025-12-20,0,36743.3391574129,1.0434143000020413,0,33,0,0,144,1,0,0,1200.0
2025-12-20,6,11204.675703291345,0.08693299999868032,0,30,0,0,144,1,0,0,1200.0
2025-12-20,12,28414.568987327744,0.27740049999556504,0,40,0,0,144,1,0,0,1200.0
2025-12-21,0,64310.297700175666,0.17298200000368524,0,30,0,0,144,1,0,0,1200.0
2025-12-21,6,11674.93347215654,0.2505805999971926,0,29,0,0,144,1,0,0,1200.0
2025-12-21,12,30839.817710544357,0.2356768000026932,0,48,0,0,144,1,0,0,1200.0
2025-12-22,0,63603.51143216646,0.9480505999963498,0,32,0,0,144,1,0,0,1200.0
2025-12-22,6,10979.379030665888,0.5401561000035144,0,28,0,0,144,1,0,0,1200.0
2025-12-22,12,27851.560437834978,0.1610276999999769,0,48,0,0,144,1,0,0,1200.0
2025-12-23,0,65206.43040699578,0.966596500002197,0,32,0,0,144,1,0,0,1200.0
2025-12-23,6,10488.537943139037,0.17587619999540038,0,43,0,0,144,1,0,0,1200.0
2025-12-23,12,26189.587086859035,0.106915399999707,0,47,0,0,144,1,0,0,1200.0
2025-12-24,0,64536.80110389202,0.5763950999971712,0,32,0,0,144,1,0,0,1200.0
2025-12-24,6,11024.917401112087,0.15878800000064075,0,34,0,0,144,1,0,0,1200.0
2025-12-24,12,25278.71249637578,0.07093849999364465,0,45,0,0,144,1,0,0,1200.0
2025-12-25,0,61254.44046868202,0.33609559999604244,0,31,0,0,144,1,0,0,1200.0
2025-12-25,6,9492.856073341642,0.15408009999373462,0,39,0,0,144,1,0,0,1200.0
2025-12-25,12,18117.800745353812,0.40661849999742117,0,71,0,0,144,1,0,0,1200.0
2025-12-26,0,35327.484574757014,1.2668631999986246,0,38,0,0,144,1,0,0,1200.0
2025-12-26,6,9025.336645862153,0.09399189999385271,0,33,0,0,144,1,0,0,1200.0
2025-12-26,12,14061.190062265941,0.0826058000093326,0,40,0,0,144,1,0,0,1200.0
2025-12-27,0,35575.948819774574,0.7491894000122556,0,28,0,0,144,1,0,0,1200.0
2025-12-27,6,11951.165222229627,0.1341769000136992,0,39,0,0,144,1,0,0,1200.0
2025-12-27,12,27171.281802920006,0.38290260000212584,0,39,0,0,144,1,0,0,1200.0
2025-12-28,0,63321.29457595533,0.1663340000086464,0,29,0,0,144,1,0,0,1200.0
2025-12-28,6,12113.550317403997,0.07985909999115393,0,34,0,0,144,1,0,0,1200.0
2025-12-28,12,26984.694515721072,0.15190850000362843,0,45,0,0,144,1,0,0,1200.0
2025-12-29,0,62562.83117836805,0.7335730999911902,0,32,0,0,144,1,0,0,1200.0
2025-12-29,6,13010.532121010634,0.22471419999783393,0,80,0,0,144,1,0,0,1200.0
2025-12-29,12,27199.59630438893,0.08461830001033377,0,48,0,0,144,1,0,0,1200.0
2025-12-30,0,62548.53645340846,0.6464654000010341,0,31,0,0,144,1,0,0,1200.0
2025-12-30,6,12614.607958619781,0.6547589999972843,0,78,0,0,144,1,0,0,1200.0
2025-12-30,12,25753.98423739098,0.12028750000172295,0,43,0,0,144,1,0,0,1200.0
2025-12-31,0,63971.938635645834,0.8235646999964956,0,32,0,0,144,1,0,0,1200.0
2025-12-31,6,11288.810711142436,0.19358469999860972,0,34,0,0,144,1,0,0,1200.0
2025-12-31,12,27010.702127132645,0.7716962999984389,0,51,0,0,144,1,0,0,1200.0
