date,H24,H48,H24_minus_H48_yuan
2025-02-01,34073.93036232675,35300.19127169399,-1226.2609093672436
2025-02-02,61973.428265508985,61314.88066387369,658.5476016352914
2025-02-03,65448.06808435828,65243.81793045136,204.25015390691988
2025-02-04,62567.93299842174,62288.1450522789,279.78794614283834
2025-02-05,61398.26407731483,61099.076240966104,299.1878363487267
2025-02-06,61607.98899289037,61489.80797872339,118.18101416698482
2025-02-07,33305.54632841066,33387.026245540306,-81.47991712964722
2025-02-08,27347.530468841596,26713.458655681272,634.0718131603244
2025-02-09,65293.0608948457,64580.08993229234,712.9709625533578
2025-02-10,56791.18895384021,56601.30898560067,189.87996823954018
2025-02-11,56751.82064562986,56598.97349470425,152.8471509256051
2025-02-12,58873.807525252654,58678.849852805804,194.95767244684976
2025-02-13,54006.737784873476,53638.94689577889,367.7908890945837
2025-02-14,27892.972043150992,27983.90403299531,-90.93198984431729
2025-02-15,26109.21533102734,25624.062824973546,485.15250605379333
2025-02-16,60017.800848835774,59352.239520926756,665.5613279090176
2025-02-17,56092.71115827751,55863.12814023186,229.58301804565417
2025-02-18,53877.89552113864,53632.58909809449,245.30642304415233
2025-02-19,54647.77260673727,54403.28439668454,244.48821005273203
2025-02-20,53491.32569520376,53340.19121964762,151.13447555614403
2025-02-21,28224.443685041748,28446.674788957513,-222.23110391576483
2025-02-22,24685.81291284618,24064.942097569317,620.8708152768631
2025-02-23,55830.201457932606,55278.21193262239,551.989525310215
2025-02-24,54060.303547614705,53963.939177682696,96.36436993200914
2025-02-25,51205.80445153284,50822.936089523966,382.86836200887046
2025-02-26,53874.91155192656,53618.871998824034,256.03955310252786
2025-02-27,49161.27280482411,48853.6306279079,307.6421769162116
2025-02-28,23822.409606698115,24041.723197651852,-219.31359095373773
2025-03-01,26279.09634714255,25841.920017466186,437.1763296763638
2025-03-02,56276.464702910955,55799.75136337975,476.71333953120484
2025-03-03,55224.10866820895,54905.0495668297,319.05910137925093
2025-03-04,53736.98721088052,53634.43613268909,102.5510781914345
2025-03-05,52675.42709576615,52405.24043235832,270.1866634078324
2025-03-06,51072.161842005866,50852.640908477115,219.5209335287509
2025-03-07,25847.787977166754,25464.308918849194,383.47905831756
2025-03-08,20715.928109430057,20417.335519074684,298.5925903553725
2025-03-09,53265.97235692777,52749.966859001084,516.0054979266861
2025-03-10,52153.323806296736,51915.459901086375,237.86390521036083
2025-03-11,52014.511941988676,51867.928398959986,146.58354302868975
2025-03-12,48538.087589018156,48123.73085520448,414.35673381367815
2025-03-13,48752.426456891575,47716.47863907574,1035.9478178158315
2025-03-14,21884.49729396321,21412.011607298093,472.4856866651171
2025-03-15,20948.72026016032,21648.07381979443,-699.3535596341098
2025-03-16,50620.665454826325,50208.72723946312,411.9382153632032
2025-03-17,45832.75069047479,45528.71304615962,304.0376443151763
2025-03-18,47276.10576025301,47028.71715626441,247.3886039886056
2025-03-19,47354.07927787884,47249.46305087131,104.61622700752923
2025-03-20,48009.93347400588,46825.788916523445,1184.144557482432
2025-03-21,21407.072261227157,20673.00208756349,734.0701736636656
2025-03-22,19389.762470493613,20214.39872667266,-824.6362561790484
2025-03-23,48425.57192602814,47902.77660903764,522.7953169905013
2025-03-24,43880.38931290857,43749.132569038426,131.25674387014442
2025-03-25,47764.80763569872,47416.61296527508,348.19467042363976
2025-03-26,42695.62679714607,42737.479713758585,-41.8529166125154
2025-03-27,44561.66383641882,43352.9557210212,1208.7081153976178
2025-03-28,21638.2965383202,21015.23967022933,623.0568680908691
2025-03-29,18986.17325877737,19687.119416756872,-700.9461579795025
2025-03-30,43983.843212957094,43498.13772095805,485.70549199904053
2025-03-31,45606.78571781894,45288.2686989412,318.5170188777338
2025-04-01,46431.387739842714,46316.387419394625,115.00032044808904
2025-04-02,44711.81925701987,44501.996176519315,209.82308050055872
2025-04-03,43921.733164487174,42425.13524073473,1496.5979237524443
2025-04-04,20377.058056041922,19840.777029777677,536.2810262642452
2025-04-05,17960.405763497936,18781.11503202301,-820.7092685250755
2025-04-06,43166.095996144024,42839.13286373448,326.96313240954623
2025-04-07,41455.65378343199,41202.927291720946,252.72649171104422
2025-04-08,42965.65174518153,42760.26177686716,205.38996831436816
2025-04-09,44349.12107072819,44118.59708054998,230.52399017821153
2025-04-10,42606.969672742045,40602.84595872251,2004.1237140195371
2025-04-11,20451.637913817238,19871.200436954114,580.4374768631242
2025-04-12,18130.683739910313,19211.642377334556,-1080.9586374242426
2025-04-13,42469.04426736207,41982.82590497795,486.21836238411925
2025-04-14,43044.44777608817,42766.735128935485,277.71264715268626
2025-04-15,39664.63579218188,39332.178450177686,332.45734200419247
2025-04-16,42914.30208023518,42700.67990086541,213.62217936976958
2025-04-17,40875.279605103,38568.37580068036,2306.90380442264
2025-04-18,19754.649829826056,19005.85636492275,748.793464903305
2025-04-19,18191.023392267904,20067.17156565098,-1876.148173383077
2025-04-20,40562.89769926422,39883.3225456276,679.5751536366224
2025-04-21,39418.2521631585,38992.335496724736,425.91666643376084
2025-04-22,40362.202524185595,40300.5122383023,61.6902858832982
2025-04-23,40240.748665987696,39931.24493826649,309.5037277212032
2025-04-24,36694.69205044786,34174.61042872081,2520.081621727055
2025-04-25,17280.773793339213,16428.94777214414,851.8260211950728
2025-04-26,17178.289344896508,19123.72502275908,-1945.4356778625734
2025-04-27,43847.81567984443,43268.429296516464,579.3863833279684
2025-04-28,41891.38767077939,41654.34423812241,237.04343265698117
2025-04-29,36817.55537110175,36562.86200644253,254.69336465922242
2025-04-30,35031.38481485409,35069.17797388609,-37.7931590320004
2025-05-01,43086.2488194529,40828.4635276941,2257.7852917588025
2025-05-02,26181.31736732256,26507.920141891744,-326.60277456918266
2025-05-03,19410.657257859675,21308.43897958733,-1897.7817217276533
2025-05-04,43008.98448007107,42816.9804785904,192.00400148067274
2025-05-05,45165.30696856271,45348.85394804522,-183.54697948250396
2025-05-06,45495.081805992435,45659.91023527132,-164.8284292788885
2025-05-07,47829.818607074885,47932.37534222798,-102.55673515309172
2025-05-08,45186.48575473044,43048.524952464395,2137.960802266047
2025-05-09,22055.63221467387,21245.266201132843,810.3660135410282
2025-05-10,21536.208466897257,23210.201503482436,-1673.9930365851797
2025-05-11,45259.55329377916,44700.159410127715,559.3938836514426
2025-05-12,42184.41085746886,41979.99010551061,204.42075195824873
2025-05-13,42542.48694419263,42290.086763905885,252.4001802867424
2025-05-14,43996.655274311226,43834.73480410637,161.92047020485916
2025-05-15,45852.6086592094,43182.36190167286,2670.246757536537
2025-05-16,21935.091217256195,21052.537628766768,882.553588489427
2025-05-17,19486.075501984054,21058.380350167005,-1572.30484818295
2025-05-18,42957.302197687095,42639.960762850795,317.3414348363003
2025-05-19,39593.533210569,39193.27031439952,400.26289616948634
2025-05-20,41914.1251402758,41729.53880430426,184.58633597153676
2025-05-21,42295.64075505384,42184.45716246808,111.18359258575947
2025-05-22,39819.76830230352,37104.633415023665,2715.1348872798553
2025-05-23,21653.162545322906,20786.152133210984,867.010412111922
2025-05-24,18611.610012649107,20511.68784415238,-1900.077831503273
2025-05-25,41654.3740301242,41292.69865043639,361.6753796878111
2025-05-26,44334.79924976717,44087.11271234305,247.68653742412425
2025-05-27,42180.289947512654,41789.00276020045,391.2871873122058
2025-05-28,41982.38035655302,41884.8655776105,97.5147789425173
2025-05-29,46798.31737412266,43848.477149334874,2949.840224787782
2025-05-30,20385.36958222992,19569.8559013972,815.5136808327188
2025-05-31,19467.83773708802,21546.80939287314,-2078.9716557851207
2025-06-01,62969.55658960463,62510.97404237098,458.582547233651
2025-06-02,58312.567688910254,58522.13155410197,-209.56386519171792
2025-06-03,59482.395248290384,59505.64011871135,-23.244870420967345
2025-06-04,60266.50008790671,60221.486939831535,45.013148075173376
2025-06-05,57227.43630006444,55650.99974997851,1576.4365500859276
2025-06-06,30871.90307843734,30459.021726212395,412.88135222494384
2025-06-07,30289.71332570279,32396.11155851203,-2106.3982328092425
2025-06-08,55392.66302210774,55294.920798753,97.74222335474042
2025-06-09,57455.670483380396,56907.37282154532,548.2976618350731
2025-06-10,58040.90464457711,57863.20050404923,177.70414052787964
2025-06-11,61338.89307802783,60884.752237619985,454.14084040784655
2025-06-12,60477.976675382044,60033.65943010152,444.3172452805229
2025-06-13,34944.30149171019,34753.27199661712,191.02949509306927
2025-06-14,30749.089699139273,30397.437191846588,351.6525072926852
2025-06-15,60089.012218262105,59701.55711512973,387.45510313237173
2025-06-16,60639.070809406774,60145.004187304105,494.0666221026695
2025-06-17,60744.089022041604,60388.76808918031,355.32093286129384
2025-06-18,58961.30843388281,58710.21959712272,251.08883676009282
2025-06-19,58541.15648415703,58083.398553883875,457.75793027315376
2025-06-20,30722.35750301789,30136.26276261573,586.0947404021608
2025-06-21,27290.08544651039,27132.129252827574,157.95619368281768
2025-06-22,55042.34209757818,54662.72673042011,379.6153671580687
2025-06-23,54340.263402007855,54144.18118548763,196.0822165202262
2025-06-24,62868.572681087964,62528.64747289425,339.92520819371566
2025-06-25,58222.036169871586,57808.94291697604,413.09325289554545
2025-06-26,54956.888032365314,54709.14957068821,247.73846167710144
2025-06-27,30103.622603900196,29151.846102166677,951.7765017335187
2025-06-28,28544.821663153274,28772.690180235564,-227.86851708229005
2025-06-29,56664.64460824554,56040.26871938117,624.3758888643642
2025-06-30,55311.60896869483,55300.82621760003,10.782751094804553
2025-07-01,69142.20143660877,68611.03698103415,531.164455574617
2025-07-02,58037.49580612205,58402.528697569476,-365.032891447423
2025-07-03,68086.91622582714,67778.32335003035,308.5928757967922
2025-07-04,37721.8684290896,37045.06526701748,676.8031620721158
2025-07-05,31892.90650093116,32433.775887929834,-540.8693869986746
2025-07-06,70652.69795919895,70389.37552707524,263.3224321237067
2025-07-07,62068.21019921849,62102.06378405682,-33.85358483833261
2025-07-08,62943.71757405884,62841.25390100776,102.46367305108288
2025-07-09,62218.890075224605,61988.531073274586,230.35900195001886
2025-07-10,61944.337345989625,61352.48765816417,591.8496878254518
2025-07-11,40478.25459228725,39359.52257466897,1118.7320176182839
2025-07-12,37124.862915132304,37709.921614105464,-585.0586989731601
2025-07-13,59655.84411158383,59256.024654075954,399.8194575078742
2025-07-14,57575.15985741087,57096.26333913865,478.89651827222406
2025-07-15,58166.774728860575,57891.53154864824,275.24318021233194
2025-07-16,60331.89065233702,59793.43989552333,538.4507568136905
2025-07-17,59990.24958259834,59492.695614866556,497.55396773178654
2025-07-18,41098.45691223879,39276.50565960855,1821.9512526302424
2025-07-19,35976.28189667442,36872.437999539856,-896.1561028654323
2025-07-20,59944.334617063825,59485.07021648645,459.26440057737636
2025-07-21,60746.892648399065,60318.68089983843,428.2117485606359
2025-07-22,63312.82748077007,62896.63402785188,416.1934529181963
2025-07-23,59906.14676628054,59484.93231299339,421.21445328714617
2025-07-24,60725.45057860362,60414.65729288619,310.7932857174237
2025-07-25,38821.80977263166,37860.65867865625,961.1510939754153
2025-07-26,33695.20905500123,33909.59021072626,-214.3811557250301
2025-07-27,60974.48141181493,60438.84143459858,535.6399772163495
2025-07-28,63356.77750836951,63025.65155401175,331.12595435776166
2025-07-29,60991.46996005091,60454.27762735544,537.1923326954711
2025-07-30,63935.49333179004,63601.67739862026,333.8159331697825
2025-07-31,60897.06795518776,60051.467608677354,845.6003465104077
2025-08-01,34170.92822084317,33800.81330139978,370.1149194433892
2025-08-02,33853.493259200004,33830.03459320051,23.45866599949659
2025-08-03,52267.04547302884,51839.68191181494,427.3635612138969
2025-08-04,55558.5498459516,55458.6859670879,99.86387886370358
2025-08-05,53879.8837992553,53532.08077778479,347.80302147051407
2025-08-06,55297.77301672057,54888.28584400429,409.4871727162754
2025-08-07,56296.082269160026,53963.392050548435,2332.6902186115913
2025-08-08,32621.916182121942,32111.294449444653,510.6217326772894
2025-08-09,29481.046422398664,30782.27995900646,-1301.2335366077969
2025-08-10,55854.478167093,55224.00761505435,630.470552038656
2025-08-11,54108.29437540936,53600.6113938648,507.6829815445599
2025-08-12,55267.04081337076,55154.331720595714,112.70909277504688
2025-08-13,52159.79851312461,51914.279030540594,245.51948258401535
2025-08-14,54207.63011147152,52240.787816166754,1966.842295304763
2025-08-15,33564.15998013057,32754.374303404056,809.7856767265148
2025-08-16,32847.655225731025,34159.18263932761,-1311.5274135965883
2025-08-17,54869.61761616401,54519.80486044872,349.81275571529113
2025-08-18,56800.57834576842,56287.98243393871,512.5959118297105
2025-08-19,52581.49328020908,52291.15128610038,290.3419941086977
2025-08-20,58894.22617417004,58561.703153015624,332.52302115441853
2025-08-21,52951.808441538524,51196.31183456215,1755.496606976376
2025-08-22,34144.42095019168,33208.74738568651,935.6735645051667
2025-08-23,28878.051034295364,30193.701250400278,-1315.6502161049139
2025-08-24,56791.80778279186,56590.192430971634,201.61535182022635
2025-08-25,59787.15772599407,59288.8565531465,498.3011728475685
2025-08-26,52958.5274700621,52680.33766769415,278.18980236795323
2025-08-27,59460.601268592334,58952.17799293391,508.42327565842425
2025-08-28,57001.05271956257,55361.22267058982,1639.830048972748
2025-08-29,35847.479444847195,35238.54562931518,608.9338155320147
2025-08-30,30639.276009724483,31791.76659811517,-1152.4905883906868
2025-08-31,53158.06175360319,52756.48097034702,401.5807832561768
2025-09-01,51713.843853639846,51581.6099404941,132.23391314574837
2025-09-02,51029.289990410485,50488.15510876694,541.134881643542
2025-09-03,50296.72312551445,49867.16128525154,429.5618402629116
2025-09-04,47525.35710970498,45587.0243804608,1938.3327292441754
2025-09-05,31201.92989645682,30140.880084583532,1061.0498118732867
2025-09-06,26425.81469721201,27350.954196359966,-925.1394991479574
2025-09-07,47780.79118103519,47225.71886530392,555.0723157312677
2025-09-08,48544.510833519686,48029.82564541687,514.6851881028124
2025-09-09,44570.66927975798,44163.79689496493,406.87238479305233
2025-09-10,51955.70118089151,51754.14238314279,201.558797748723
2025-09-11,45593.08749579873,44034.02229911157,1559.0651966871592
2025-09-12,27588.75261968693,26986.329437894492,602.4231817924374
2025-09-13,23453.669135315584,24421.97219461806,-968.3030593024778
2025-09-14,51249.44557986481,50668.2024003531,581.2431795117154
2025-09-15,42739.182242138566,42481.75636243155,257.42587970701425
2025-09-16,48667.38500207568,48429.377995884235,238.00700619144482
2025-09-17,47483.831822344786,47332.52158490135,151.31023744343838
2025-09-18,50097.689928958185,49146.98422644222,950.7057025159665
2025-09-19,27551.894455116533,26858.072996609342,693.821458507191
2025-09-20,24145.599431597046,24784.62730399275,-639.0278723957053
2025-09-21,49977.88387051646,49639.13583696108,338.74803355537733
2025-09-22,48722.391308348815,48520.913499379334,201.47780896948098
2025-09-23,49737.83056421811,49477.48789988924,260.34266432886943
2025-09-24,49158.009172148566,48933.77011573904,224.2390564095258
2025-09-25,51598.09146133125,50837.309337953775,760.7821233774739
2025-09-26,30300.214638143552,29896.051770003673,404.1628681398797
2025-09-27,26128.293460865545,26528.083080689492,-399.78961982394685
2025-09-28,56259.55901089613,55887.14480031448,372.41421058164997
2025-09-29,49038.55103481233,48952.32719330708,86.22384150524886
2025-09-30,52146.86360511726,51978.64225361552,168.22135150173563
2025-10-01,44779.92388512043,44580.638511342986,199.28537377744215
2025-10-02,47269.649853662486,46193.85354922283,1075.7963044396529
2025-10-03,23546.17525635983,22509.147322362864,1037.0279339969675
2025-10-04,24528.08681256415,25321.477213778693,-793.3904012145431
2025-10-05,48251.24224764192,47573.05129900227,678.1909486396544
2025-10-06,47809.87626376583,47370.55906661293,439.3171971529009
2025-10-07,47388.153582383704,46971.394282275105,416.75930010859884
2025-10-08,42948.646248329125,42443.936265273376,504.70998305574903
2025-10-09,46915.73852195244,45971.48047781924,944.2580441331957
2025-10-10,24370.684002083144,24078.088695477374,292.59530660577
2025-10-11,22352.68231044785,22905.115706728284,-552.433396280434
2025-10-12,47020.87875641502,46738.78108048082,282.0976759342011
2025-10-13,46535.95637660841,46458.40888570632,77.54749090209225
2025-10-14,46095.84033609396,45885.08877504713,210.75156104683265
2025-10-15,48866.773508302445,48684.853010279876,181.92049802256952
2025-10-16,48519.04847874798,47805.60635412611,713.4421246218699
2025-10-17,25011.728073801147,25066.981656398468,-55.25358259732093
2025-10-18,21915.375563843056,21905.87584352967,9.499720313386206
2025-10-19,50926.01888848517,50416.53828409582,509.4806043893477
2025-10-20,50674.025207751016,50491.57452063438,182.4506871166377
2025-10-21,52994.45479414934,52817.197370980124,177.25742316921242
2025-10-22,50157.788458007,49922.505792088814,235.2826659181883
2025-10-23,53463.98859023049,52998.69779853863,465.2907916918557
2025-10-24,24732.482916050998,24509.7952228748,222.68769317619808
2025-10-25,23623.626441227698,23667.205255174,-43.57881394630385
2025-10-26,53773.89476958901,53377.12997848804,396.7647911009699
2025-10-27,50659.37384360902,50283.664294103706,375.7095495053145
2025-10-28,51590.79722505641,51367.84020380592,222.95702125049138
2025-10-29,53954.983233048675,53727.67102700453,227.31220604414557
2025-10-30,49345.90675472206,48992.98241868133,352.9243360407345
2025-10-31,27244.00048461267,26976.896730037155,267.10375457551345
2025-11-01,22523.882239184306,22414.311356855942,109.57088232836395
2025-11-02,56033.31171403387,55587.17099045508,446.14072357879195
2025-11-03,53479.84964798923,53506.608734829526,-26.75908684029855
2025-11-04,52609.23981656225,52311.1314628956,298.1083536666483
2025-11-05,57442.3846628677,57307.89469280044,134.4899700672613
2025-11-06,53722.77331161968,53348.562748385935,374.21056323374796
2025-11-07,25642.893741407934,25096.117673232526,546.776068175408
2025-11-08,23503.425001792995,23747.098015855085,-243.67301406208935
2025-11-09,55748.60712782936,55271.53516467193,477.07196315743204
2025-11-10,57406.59211523112,57239.16890032958,167.423214901537
2025-11-11,55497.61022384668,55273.89443266728,223.71579117939837
2025-11-12,56536.16597810094,56285.30798080657,250.85799729436985
2025-11-13,56170.892655903765,55904.63695085687,266.25570504689676
2025-11-14,26742.969878678676,27056.790220702518,-313.8203420238424
2025-11-15,26303.77388552231,25861.77483784161,441.99904768069973
2025-11-16,59934.55471534799,59481.261369054795,453.2933462931978
2025-11-17,58170.985677848585,58027.415276397725,143.5704014508592
2025-11-18,55852.83234062472,55669.23641464978,183.59592597494338
2025-11-19,59662.32555466898,59396.06046633747,266.26508833151456
2025-11-20,56077.9718570808,55826.75072940594,251.22112767486396
2025-11-21,28541.400658347586,28684.727661363046,-143.32700301545992
2025-11-22,27519.132364075223,26931.15091430359,587.9814497716325
2025-11-23,59898.00422037372,59474.89825619489,423.1059641788306
2025-11-24,55903.89858065155,55732.8688836356,171.02969701594702
2025-11-25,58871.34206406494,58807.95028485516,63.391779209785454
2025-11-26,59893.3351833247,59733.734895636015,159.60028768868506
2025-11-27,58417.925326941084,58082.87479515585,335.05053178523667
2025-11-28,32084.431322177632,32385.648184488193,-301.2168623105608
2025-11-29,28606.4997986377,28319.38273071279,287.11706792490804
2025-11-30,64307.59135065865,63967.08325179106,340.5080988675909
2025-12-01,67588.43745236604,67401.976381326,186.46107104003022
2025-12-02,67638.25465964222,67331.88340038073,306.3712592614902
2025-12-03,71135.44452028845,70804.27533175042,331.1691885380278
2025-12-04,69068.205399291,68816.01508769044,252.19031160055602
2025-12-05,38794.79710826469,38983.54577705914,-188.74866879444744
2025-12-06,34444.76494755635,33765.81996203064,678.9449855257117
2025-12-07,72048.1437065161,71737.11120263334,311.03250388275774
2025-12-08,70515.22505420845,70346.88474957137,168.3403046370804
2025-12-09,68678.60310770254,68369.02475839126,309.5783493112831
2025-12-10,66968.47920802758,66740.00351431042,228.47569371716236
2025-12-11,66149.63425684997,66034.12394020612,115.51031664384936
2025-12-12,41983.426274008496,42279.435663392636,-296.0093893841404
2025-12-13,37143.161234027844,36383.837874345765,759.3233596820792
2025-12-14,69254.7356961095,68772.10874035435,482.6269557551568
2025-12-15,67061.11595265003,66924.99977711395,136.11617553608085
2025-12-16,68539.85115120164,68443.08519701882,96.76595418281795
2025-12-17,67113.98952303501,66819.87095471483,294.11856832017656
2025-12-18,66699.20074830935,66436.4374121154,262.76333619395155
2025-12-19,37348.64588087281,37349.278454863816,-0.6325739910025732
2025-12-20,34085.25328661098,33574.750418306394,510.50286830458936
2025-12-21,69960.9692958723,69513.92365210794,447.04564376435883
2025-12-22,65295.88876697642,65176.97011712445,118.91864985197026
2025-12-23,66484.82290039718,66323.37025062065,161.45264977653278
2025-12-24,65990.56680465733,65712.7644672024,277.80233745492296
2025-12-25,66686.42480394832,66516.77351395937,169.65128998894943
2025-12-26,37721.01539102728,38064.34021171208,-343.3248206848002
2025-12-27,35398.94019847833,34603.27692346495,795.6632750133795
2025-12-28,67698.9665407282,67312.02361036357,386.94293036463205
2025-12-29,65886.66811509979,65594.25638294408,292.41173215571325
2025-12-30,66285.8793619558,66103.9492563246,181.93010563119606
2025-12-31,67849.1483676288,67791.07196629173,58.076401337079005
