date,policy,total_cost_yuan,regular_cost_yuan,baseline_cost_yuan,adjustment_cost_yuan,emergency_cost_yuan,emergency_kwh,emergency_intervals,end_storage_kwh,solver_time_s,max_mip_gap,wall_time_s
2025-02-01,48h,32563.375064501095,30702.793255026096,30927.58046866341,-224.7872136373135,1860.5818094750011,451.8108952380954,8,10010.003765432097,2.327641199226491,0.0,0.09044810000341386
2025-02-02,48h,112834.96798737701,40869.3870044042,36221.097095391946,4648.289909012254,71965.58098297281,15385.771034343317,113,8026.455983611914,2.2323384006740525,0.0,0.086518000025535
2025-02-03,48h,71235.42929212959,54118.42161882099,55217.87246187859,-1099.4508430576002,17117.007673308595,3676.2372515942325,57,8560.556768800796,2.292490799794905,0.0,0.09067410000716336
2025-02-04,48h,66442.3864079749,56262.38097493488,57130.70350753166,-868.3225325967812,10180.005433040025,2175.518994170615,38,8623.007930167149,2.2133771998342127,0.0,0.09028379997471347
2025-02-05,48h,69359.80791559415,54212.542953030264,52379.86507087662,1832.677882153642,15147.264962563891,3157.1825640960096,58,8533.670789704798,2.1795228008413687,0.0,0.08772619999945164
2025-02-06,48h,69033.14312440564,54726.54323935543,56647.312405456905,-1920.7691661014742,14306.599885050207,2914.629957952923,47,8619.685351867647,2.233717200695537,0.0,0.08816469999146648
2025-02-07,48h,33394.6388037111,32840.17756716206,33955.205199315955,-1115.0276321538886,554.4612365490373,135.34616618516645,3,10291.805413196607,2.2509719990193844,0.0,0.08775180001975968
2025-02-08,48h,27753.6984343274,22308.672743524367,20712.589774517735,1596.0829690066323,5445.025690803033,1236.5531056981256,19,9017.309761487924,2.2651128008728847,0.0,0.09055229998193681
2025-02-09,48h,89351.51731086723,46642.053440710486,44574.108581878914,2067.9448588315736,42709.46387015674,9240.37755264248,102,8205.546588479916,2.0615796006750315,0.0,0.08396029999130405
2025-02-10,48h,69534.43598735137,51788.6014838442,49802.35742993772,1986.2440539064796,17745.83450350717,3828.0164760981725,70,8418.889301016154,2.1596652005100623,0.0,0.08817699999781325
2025-02-11,48h,71222.95114620864,49415.92438335482,49992.18328432877,-576.2589009739555,21807.02676285382,4538.382634136543,78,8480.059083320279,2.1825719999615103,0.0,0.08676619999459945
2025-02-12,48h,71079.76925276112,49584.578559250614,50244.888274873476,-660.3097156228582,21495.1906935105,4493.703979630215,72,8454.091954051282,2.094073199783452,0.0,0.08385249998536892
2025-02-13,48h,68215.66555124133,47505.71524490607,46244.11387225443,1261.6013726516364,20709.95030633526,4523.324753928349,70,8522.498030041956,2.2032468002289534,0.0,0.08726400000159629
2025-02-14,48h,29690.409227975673,26815.533816802406,26388.12076283405,427.4130539683592,2874.8754111732665,682.571152811971,11,8320.86424064224,2.24480159918312,0.0,0.09180019999621436
2025-02-15,48h,26489.828116029,22014.676496676446,21706.822923727763,307.8535729486832,4475.151619352551,1057.3669547053987,24,9018.05774013446,2.156864400138147,0.0,0.0869175000116229
2025-02-16,48h,90925.32990168713,44891.78508517945,44147.1336245944,744.651460585055,46033.54481650768,9838.25742409132,104,8221.405401037806,2.19145679846406,0.0,0.0884424000105355
2025-02-17,48h,65050.13880004975,47711.046006265475,50204.35118573773,-2493.305179472254,17339.092793784275,3793.2683046997354,73,8455.445908656837,2.1318120011128485,0.0,0.08480329997837543
2025-02-18,48h,63096.855021991716,46923.6370885161,44617.52258741167,2306.1145011044246,16173.217933475617,3532.2322910190287,72,8555.638296114588,2.0750436005182564,0.0,0.0838956999941729
2025-02-19,48h,70083.85994139864,48053.48608755352,44931.20769628165,3122.2783912718764,22030.373853845107,4928.829065396865,80,8339.355788222256,2.151467998861335,0.0,0.08417769998777658
2025-02-20,48h,67864.18642567843,46450.43428391217,46508.30501122483,-57.870727312661046,21413.75214176626,4578.114270457084,66,7218.000017276383,2.0005595991387963,0.0,0.08080779999727383
2025-02-21,48h,26750.87851717874,24837.154171975,24383.513367675972,453.64080429902754,1913.7243452037387,480.4056017560741,9,8763.957477550033,1.9688327995827422,0.0,0.08145950001198798
2025-02-22,48h,25758.579587165586,20586.445990170192,20322.82633030894,263.61965986125193,5172.133596995396,1272.5184691619652,22,9069.833972071923,2.0638764003524557,0.0,0.08039779998944141
2025-02-23,48h,81834.94507367894,41715.89485955219,39883.00812071606,1832.8867388361277,40119.050214126764,8586.28685349633,96,8225.769098680179,2.013292799703777,0.0,0.08199409997905605
2025-02-24,48h,63649.134086066675,46215.89173264386,44664.46840626848,1551.4233263753802,17433.242353422815,3666.253140943614,50,8561.25206326329,1.9842515996424481,0.0,0.08269320000545122
2025-02-25,48h,65047.65608060489,44482.70397500603,45736.75125271122,-1254.0472777051893,20564.95210559886,4479.612931804963,67,8426.272535079797,2.267607598914765,0.0,0.09015389997512102
2025-02-26,48h,64457.51429597811,44930.401931707565,41479.52141095167,3450.880520755896,19527.11236427054,4254.190845889356,66,8574.321011640612,2.1502043997170404,0.0,0.08763880000333302
2025-02-27,48h,63286.37974498767,43617.97813665889,41809.09407374022,1808.8840629186689,19668.401608328782,4125.23141183704,63,7934.816004090981,2.294164799968712,0.0,0.09162550000473857
2025-02-28,48h,27091.93206882209,23763.10023088166,22633.04578034664,1130.0544505350194,3328.831837940428,800.4342609422815,9,9724.462769248212,2.1026664002565667,0.0,0.08415510001941584
2025-03-01,48h,22158.79896964143,20778.939068350854,21030.738793486435,-251.79972513557956,1379.859901290576,333.4218718686099,9,9042.625590045413,2.09721599961631,0.0,0.08436889998847619
2025-03-02,48h,74199.5466712362,44145.307152943766,41782.850541713364,2362.4566112304014,30054.239518292423,6257.263543032179,94,8302.412027618848,2.164068000507541,0.0,0.08590420000837184
2025-03-03,48h,65494.49569894245,49718.33214535737,49300.647829377296,417.6843159800751,15776.16355358508,3396.361085314932,58,8540.578253215634,2.0902463999809697,0.0,0.08350700000301003
2025-03-04,48h,58256.842922187716,45794.500954524716,43304.082598724075,2490.418355800639,12462.341967662996,2693.529978349906,60,8469.310334965645,2.238670799648389,0.0,0.08674759999848902
2025-03-05,48h,57257.55212214429,43957.1562338654,45302.5607966371,-1345.4045627717067,13300.395888278894,2779.2833047632193,56,8492.242010523518,2.1910499995574355,0.0,0.0892011999967508
2025-03-06,48h,57916.22947765241,44817.41995445239,42170.95378597788,2646.466168474507,13098.809523200018,2858.189872942562,51,5999.468363029426,2.15373960044235,0.0,0.08967879999545403
2025-03-07,48h,25393.718797593858,23755.206401173044,24145.40049334705,-390.19409217400494,1638.5123964208133,409.45450472853275,4,5241.378854937237,2.0657520020613447,0.0,0.08445570000912994
2025-03-08,48h,25749.801397178657,20273.22212457616,19658.13195155123,615.0901730249326,5476.579272602497,1402.338524128703,26,8513.303484391601,2.012515201116912,0.0,0.08291450000251643
2025-03-09,48h,74666.97193598392,41103.70678579281,38124.52205474756,2979.1847310452486,33563.2651501911,7322.621339150931,92,8275.49743397877,2.2219524012180045,0.0,0.08764010001323186
2025-03-10,48h,63647.60197730103,43628.67945575342,41506.25643885595,2122.4230168974777,20018.922521547604,4337.676597398198,65,8398.782869896157,2.0147759994724765,0.0,0.08417509999708273
2025-03-11,48h,61111.83955763491,43714.41528284925,37363.09822461655,6351.317058232702,17397.424274785655,3802.065338878012,60,8533.49264905501,2.1895199994323775,0.0,0.08934920001775026
2025-03-12,48h,61042.040017890045,43754.21657615475,42343.57399250213,1410.6425836526205,17287.82344173529,3869.637368696159,61,8316.620581094216,2.144642399274744,0.0,0.0868219000112731
2025-03-13,48h,62837.38537365066,42602.36600601476,41011.80444686348,1590.5615591512742,20235.019367635894,4321.129210331231,74,4235.243428220376,2.1017160003539175,0.0,0.0843864000053145
2025-03-14,48h,25912.447916675137,23364.948573982074,21317.43772568306,2047.510848299013,2547.4993426930646,631.3714529863753,7,5566.851641690312,1.9704851995920762,0.0,0.08021089999238029
2025-03-15,48h,24774.756931374053,19430.761906223423,18740.076959772137,690.6849464512848,5343.99502515063,1361.7757558396277,27,8264.721165739524,2.15632080018986,0.0,0.08800640000845306
2025-03-16,48h,69031.68956389526,38441.58590010755,36015.65845919843,2425.9274409091213,30590.103663787697,6722.345945476242,89,8193.695101288984,2.195485199801624,0.0,0.08726629999000579
2025-03-17,48h,53794.387611201,39915.98248152373,37784.38917546015,2131.59330606358,13878.405129677267,2917.3360921719,47,8043.285024874644,2.3336063995957375,0.0,0.08691240000189282
2025-03-18,48h,58149.61840400411,41140.04638372663,42961.81289565888,-1821.7665119322494,17009.57202027748,3673.495328439195,58,8126.70740128198,2.226088799186982,0.0,0.08803869999246672
2025-03-19,48h,56822.067393063364,42318.512598333284,35869.501759871084,6449.0108384622035,14503.554794730082,3210.579045436246,54,8031.127466389825,2.236474801786244,0.0,0.08895279999705963
2025-03-20,48h,63465.47685807526,42937.77080306694,39632.53940539752,3305.2313976694177,20527.706055008315,4488.997475858883,64,3921.76854430183,2.0847023996757343,0.0,0.08430119999684393
2025-03-21,48h,25360.380101937273,22157.278148302794,20884.002766771573,1273.275381531222,3203.1019536344797,774.7701621204596,9,4028.9723716644157,2.011082399636507,0.0,0.08287640000344254
2025-03-22,48h,25488.33407276607,21803.302909066493,20139.58041020819,1663.7224988583048,3685.0311636995775,950.7638765242614,17,9249.368689905374,1.9320839984575287,0.0,0.07640619997982867
2025-03-23,48h,68154.55781145749,35331.39207542522,35598.576378387814,-267.18430296259396,32823.16573603227,7147.639694116476,91,8319.380172407602,2.0910456008277833,0.0,0.08100390000618063
2025-03-24,48h,56701.58429376097,39248.02386211471,38407.99908894786,840.0247731668491,17453.56043164626,3856.3300753212216,58,8506.6765449219,2.204751601209864,0.0,0.0899865000101272
2025-03-25,48h,61808.19322391288,42191.015056581025,42335.24826942253,-144.23321284150438,19617.17816733186,4417.239484328527,71,6941.436101177349,1.9789235999342054,0.0,0.07925039998372085
2025-03-26,48h,54569.81826425739,38297.43700700066,37924.59240589943,372.8446011012342,16272.381257256728,3597.4198030967323,62,8427.131652813838,2.1763547997688875,0.0,0.08648599998559803
2025-03-27,48h,58060.6050092783,40338.400809049446,37454.31978165661,2884.08102739284,17722.204200228854,4111.040597190435,65,5419.838764713551,1.9766015990171582,0.0,0.07875240000430495
2025-03-28,48h,23863.44685079397,21640.11531200828,19799.322696395076,1840.792615613205,2223.331538785688,562.7868727467633,9,4920.030080423316,1.7903087991289794,0.0,0.07615960002294742
2025-03-29,48h,21514.330548733553,18040.99816870182,17988.37312222624,52.62504647557881,3473.3323800317326,865.1353035650018,21,7007.442470440687,1.985058000544086,0.0,0.08305549999931827
2025-03-30,48h,59746.929316687456,34838.53551069099,34213.062516096245,625.4729945947493,24908.393805996468,5541.90091162478,79,8274.8010014384,1.9793700012378395,0.0,0.0819564999837894
2025-03-31,48h,56496.762147099806,40115.21277533594,34084.91780388694,6030.294971448999,16381.549371763867,3714.5951913569465,60,7942.412847564348,2.053454399574548,0.0,0.08428309997543693
2025-04-01,48h,56118.65412138139,40025.776013341485,40315.44791239761,-289.67189905612713,16092.878108039902,3798.523254373701,66,8562.457205597171,2.3438556011533365,0.0,0.08998930000234395
2025-04-02,48h,54523.93646295763,38801.277990375325,38014.46997686313,786.80801351219,15722.658472582301,3583.4198286801866,70,7901.203657625553,2.068473598686978,0.0,0.08437540000886656
2025-04-03,48h,53034.131675203054,38747.614424287734,38194.52970108777,553.0847231999674,14286.51725091532,3267.1671144471306,67,2941.979716958765,2.0430899981874973,0.0,0.07978349999757484
2025-04-04,48h,23610.65988039277,20673.79825446268,18781.035819397413,1892.7624350652666,2936.8616259300907,709.9438180493416,11,3628.114188504775,1.7172468001954257,0.0,0.06799400001182221
2025-04-05,48h,22523.228587087695,18000.995411413394,17661.227723579188,339.76768783420493,4522.233175674301,1182.0624926173696,32,6550.030129230951,1.9220544006675482,0.0,0.0791107999975793
2025-04-06,48h,55961.709227137064,34480.37078079398,33286.56405741362,1193.806723380359,21481.33844634308,4765.1524592781325,77,5303.984805497683,2.191687199170701,0.0,0.08781199998338707
2025-04-07,48h,54741.759333241316,36866.27395628284,34040.33850995673,2825.9354463261134,17875.485376958473,4163.926847685511,64,6171.489175699638,2.2535748020745814,0.0,0.09224689999246038
2025-04-08,48h,52147.85807335209,38701.54291660343,38921.178620935956,-219.63570433252724,13446.315156748657,2941.3097596524394,54,8465.704224052039,2.097277201130055,0.0,0.08700749999843538
2025-04-09,48h,53409.382280313424,39162.40710051149,37093.3834741868,2069.0236263246907,14246.975179801932,3151.8880063734164,63,8418.168970921226,2.0517515991814435,0.0,0.08096809999551624
2025-04-10,48h,55579.00143428953,36722.023951673866,34583.4547081154,2138.5692435584656,18856.977482615664,4286.371332849839,70,2813.486271592573,2.082344400580041,0.0,0.08747320002294146
2025-04-11,48h,24695.82815608309,20895.11957378901,17641.021123464503,3254.098450324504,3800.7085822940826,962.1463346103939,13,4396.411649437556,1.9273932004580274,0.0,0.08132900000782683
2025-04-12,48h,22508.829486114068,19512.069811323243,17685.811876731554,1826.257934591689,2996.7596747908265,897.9816920585251,21,8521.457164011976,2.1744431998813525,0.0,0.08553240000037476
2025-04-13,48h,61744.4172018729,33869.12679876861,30045.51782724541,3823.6089715231965,27875.290403104293,6220.743817936593,86,7710.089954180204,2.028347999090329,0.0,0.08069780000369065
2025-04-14,48h,48466.10537415015,35395.030739911424,36534.19936580266,-1139.1686258912366,13071.074634238728,3049.2590748848784,62,4363.067607601347,1.9248624010942876,0.0,0.08010330001707189
2025-04-15,48h,51944.06644595585,36872.5170765626,33600.28304897573,3272.2340275868714,15071.549369393246,3380.40481802251,49,8635.806214339416,2.129219999187626,0.0,0.08546790000400506
2025-04-16,48h,56695.81415035554,38688.91024468318,34431.181413769606,4257.7288309135765,18006.90390567236,4239.194928477011,67,8522.748255210381,2.1588408005191013,0.0,0.08698389999335632
2025-04-17,48h,51920.493140140774,35979.14515858339,30567.00578715798,5412.139371425411,15941.34798155738,3720.5905095606613,59,2827.239966527786,1.999288800987415,0.0,0.08281220000935718
2025-04-18,48h,21936.505530485556,19901.403906795207,17481.292338336374,2420.1115684588335,2035.1016236903492,542.1796948151496,12,3562.5624532473357,2.0363759984029457,0.0,0.08234759999322705
2025-04-19,48h,20830.405357117153,16622.393554286973,16323.321616141739,299.07193814523504,4208.011802830179,1256.0280937504222,26,5325.352243976809,1.9793880013749003,0.0,0.08248689997708425
2025-04-20,48h,60730.28357516208,32812.55894564533,30448.763062058046,2363.795883587282,27917.72462951675,6617.35325977453,87,4115.835819662398,1.9868544006021693,0.0,0.08007340002222918
2025-04-21,48h,47272.71556118514,35405.30569130152,36119.57861869489,-714.2729273933729,11867.409869883624,2749.1026986257257,49,5303.791861712946,2.0626416003797203,0.0,0.08557509997626767
2025-04-22,48h,51982.98606902233,36078.9284520985,32995.82726784411,3083.101184254388,15904.05761692383,3977.39600426125,68,4252.244156150133,2.0888279996579513,0.0,0.0876468000060413
2025-04-23,48h,52611.99907902198,37430.4918346544,32557.107528093307,4873.384306561093,15181.507244367582,3637.2118907866743,57,8184.060075242214,2.194405199959874,0.0,0.0902652999793645
2025-04-24,48h,48944.05661876367,33747.94866981964,29134.315912432852,4613.632757386793,15196.107948944029,3610.6057369101936,59,1815.4957206356107,1.7318088000174612,0.0,0.07127429998945445
2025-04-25,48h,22642.727430850282,19355.967541714475,17319.129813253836,2036.83772846064,3286.759889135806,903.3855032235576,12,2968.409183396177,1.8417455999879166,0.0,0.076184799982002
2025-04-26,48h,21463.810717188633,16819.460974053807,16332.90967490319,486.5512991506182,4644.349743134826,1353.8794787970035,31,6665.56470810935,1.766710799653083,0.0,0.0764410000119824
2025-04-27,48h,60524.981178969414,32839.7187466881,27971.817844896002,4867.900901792096,27685.262432281314,6335.406874792192,86,8330.52046787244,1.9646855994360521,0.0,0.08062419999623671
2025-04-28,48h,53900.89609363722,38916.881930619114,35403.506389851056,3513.375540768061,14984.014163018099,3541.578405206715,61,8392.637203727578,2.1628511996241286,0.0,0.08871780001209117
2025-04-29,48h,46904.14868013795,33345.04086563841,30754.806916127047,2590.233949511361,13559.107814499544,3125.103707194343,53,8565.753090579143,2.1310199992731214,0.0,0.08801540001877584
2025-04-30,48h,49645.64231490958,32777.64343843369,30077.475281025312,2700.1681574083746,16867.998876475893,4100.065245742562,57,7303.8535616767085,2.087251200224273,0.0,0.08178559999214485
2025-05-01,48h,59373.53657126079,35771.98620643435,29329.798692591015,6442.187513843332,23601.55036482644,5332.829407637166,81,2301.6455330493977,2.059434002148919,0.0,0.08749239999451675
2025-05-02,48h,25006.40771152609,21767.46130957158,18532.848886378255,3234.612423193323,3238.946401954512,971.7489622419448,21,3089.782131589398,1.8713700013468042,0.0,0.07816510001430288
2025-05-03,48h,25513.007942794677,16675.608151911165,16610.81321612677,64.79493578439474,8837.399790883512,2100.4110952501264,43,3131.707606404443,2.0274731987155974,0.0,0.08011049998458475
2025-05-04,48h,69564.68280165919,34142.01308330452,30925.065465005053,3216.947618299464,35422.669718354664,7892.178030572805,82,7869.988365897281,2.087812799261883,0.0,0.08666279999306425
2025-05-05,48h,58012.70009717915,35660.15575220407,34113.22581797952,1546.9299342245517,22352.544344975082,5076.583593052699,74,4497.423590176739,2.124554399284534,0.0,0.08761560000129975
2025-05-06,48h,63021.16418602082,36202.61799785729,31892.755768013005,4309.862229844284,26818.546188163524,6037.110447365278,81,6447.401289664605,2.2625747993588448,0.0,0.08724379999330267
2025-05-07,48h,59204.597306794494,36957.30437119283,33136.26565010689,3821.038721085943,22247.29293560166,5070.4037247901,79,3987.301447384966,2.0503908003447577,0.0,0.08394429998588748
2025-05-08,48h,56559.80319571095,39057.96044958908,35478.78053847613,3579.1799111129494,17501.842746121867,3978.834206355432,59,2888.1354455410583,1.998079200158827,0.0,0.07929119997425005
2025-05-09,48h,24770.51447898965,22710.190790663815,19400.679514303447,3309.511276360369,2060.3236883258373,604.4385919542624,11,2496.148180856456,1.89173159818165,0.0,0.07953730001463555
2025-05-10,48h,26303.41643315689,22020.647717207918,18146.500216389097,3874.1475008188204,4282.768715948973,1292.331903430098,26,9299.004909269714,2.2354703993769363,0.0,0.09358980000251904
2025-05-11,48h,65364.7785049832,32989.945613046446,29662.312926862098,3327.632686184349,32374.83289193676,7732.361421352258,99,3856.372936576786,2.3482620001304895,0.0,0.09680259999004193
2025-05-12,48h,57307.90545498673,41476.69567075009,33737.09883915831,7739.596831591778,15831.209784236638,3798.80674014445,54,8598.064271797517,2.084839199669659,0.0,0.08617890000459738
2025-05-13,48h,50150.6884467808,35948.14152574975,35240.98125620597,707.1602695437823,14202.54692103105,3172.998996388128,44,6918.019906191777,2.1358367992797866,0.0,0.08812589998706244
2025-05-14,48h,52427.27576707959,37854.034335787794,35946.98131130908,1907.0530244787137,14573.241431291797,3541.0850034254927,58,5548.2826048396855,1.87305480055511,0.0,0.07578579999972135
2025-05-15,48h,53930.27706335073,39092.819145310226,33976.51901030475,5116.300135005474,14837.457918040502,3662.9600676769032,50,1627.1044877981758,1.8357407993171364,0.0,0.07757449999917299
2025-05-16,48h,24756.33308828076,22074.176371747053,19537.808639628976,2536.367732118077,2682.156716533706,903.841665965551,13,2963.9464037006,1.8033516010036692,0.0,0.07424709998304024
2025-05-17,48h,23459.117602166385,18811.28970509353,17802.608295115133,1008.6814099783984,4647.827897072854,1434.1217734069292,31,5347.951557207082,2.071389600983821,0.0,0.08003179999650456
2025-05-18,48h,60591.31762210693,34084.66038953077,32581.717718167492,1502.942671363277,26506.65723257616,6432.307026564375,82,3310.2697632138606,2.1774563976796344,0.0,0.08551370000350289
2025-05-19,48h,50272.27437979949,35365.46282114019,34765.03543760612,600.4273835340659,14906.811558659305,3363.219994030735,52,5017.639689731048,2.0331360009731725,0.0,0.08398209998267703
2025-05-20,48h,57053.245287203936,39529.80791186544,33854.40879713799,5675.399114727452,17523.437375338493,4122.883502508634,63,8385.51243687433,2.2447763989912346,0.0,0.09091260001878254
2025-05-21,48h,51032.21072961396,37301.546815876856,31811.016205284912,5490.530610591945,13730.663913737106,3439.107935037398,53,7252.794612664908,2.0421035980107263,0.0,0.08545059998868965
2025-05-22,48h,52022.91762481646,35520.5837550598,30836.272831491227,4684.3109235685715,16502.333869756658,3948.233222946247,62,2023.0148819991928,2.073023999808356,0.0,0.08726380000007339
2025-05-23,48h,24856.11964575305,23209.9436867069,18535.122594620247,4674.821092086656,1646.175959046148,525.3395152130972,7,2574.413454974047,2.1136176008731127,0.0,0.08660150002106093
2025-05-24,48h,22966.125802814408,18872.09031850726,18090.90049381641,781.1898246908501,4094.035484307147,1198.1539654548594,28,5308.5804039947725,2.054602800984867,0.0,0.0845164000056684
2025-05-25,48h,58959.10234189195,32727.62781761676,28655.65950142285,4071.968316193912,26231.474524275192,5997.597160446988,81,8315.147273104796,2.0976047994336113,0.0,0.08859679999295622
2025-05-26,48h,53843.89137440853,40577.987340681364,32144.394609742576,8433.592730938788,13265.904033727165,3349.9946994397797,48,8578.201083833812,2.190513598616235,0.0,0.08812400000169873
2025-05-27,48h,54802.33931354995,36396.10791893344,31487.857160465646,4908.250758467797,18406.231394616512,4424.203779607323,62,8353.86587607577,2.0152620000299066,0.0,0.07965799997327849
2025-05-28,48h,48892.25350603672,36327.67346534044,33405.34138656643,2922.3320787740104,12564.58004069628,3089.141291119905,57,6464.525310321404,1.7756172004155815,0.0,0.07292119998601265
2025-05-29,48h,55486.96089847371,38948.295130202925,31422.30957057071,7525.985559632215,16538.66576827079,3981.8181454128735,68,2520.814400060509,1.8845532011473551,0.0,0.07993079998414032
2025-05-30,48h,25348.796600009384,23081.434076215468,19011.567120051695,4069.8669561637735,2267.3625237939154,698.2518369951781,12,4103.771703226176,1.9662191995885223,0.0,0.08294979998026974
2025-05-31,48h,23711.65770477741,19673.006527053833,18111.015800739922,1561.9907263139107,4038.651177723579,1287.262487602788,26,9471.882209956042,2.0899044015677646,0.0,0.08601930001168512
2025-06-01,48h,96759.22232584955,38451.51677837083,35976.545328823886,2474.971449546945,58307.70554747871,13598.330246619367,116,7225.056108180939,2.1471299993572757,0.0,0.08666960001573898
2025-06-02,48h,74891.4604154115,43946.8317347192,44657.65020129709,-710.8184665778917,30944.628680692298,7067.922062422845,88,7523.354396885321,2.247462000581436,0.0,0.0912835999915842
2025-06-03,48h,70715.15128143238,43763.90173064549,40477.6673032631,3286.23442738239,26951.249550786888,6341.123481457699,86,6108.65450888363,2.0977920008590445,0.0,0.08495220000622794
2025-06-04,48h,78482.77619626079,48738.75437786815,47766.47609263504,972.2782852331075,29744.02181839264,7008.4297791997205,87,7737.903739176406,2.0848104004980996,0.0,0.08413649999420159
2025-06-05,48h,74301.94219407256,45143.6462558652,38038.9082878419,7104.7379680233025,29158.295938207368,6984.658641716302,92,4820.835230688843,2.016233999049291,0.0,0.08485030001611449
2025-06-06,48h,32028.585761886112,28122.494740898255,23682.972401136227,4439.522339762027,3906.0910209878566,1302.6174999176246,32,5231.726733833739,2.070903599378653,0.0,0.08796839998103678
2025-06-07,48h,31606.86114875356,23582.509391988555,22822.35674630041,760.1526456881436,8024.351756765007,2080.211301566067,45,5587.06463122449,2.1840371985454112,0.0,0.08909799999673851
2025-06-08,48h,69565.68926489443,43099.95100870992,38473.529968225164,4626.421040484751,26465.738256184508,6139.625994242997,77,8141.818827403741,2.1184019995853305,0.0,0.08457199999247678
2025-06-09,48h,67388.31999756125,49177.34947701974,49128.60691417666,48.742562843086034,18210.97052054151,4208.075729957047,61,8459.48801598055,2.0731356006581336,0.0,0.08330330002354458
2025-06-10,48h,66298.18577310242,48888.577399805916,45240.94135581826,3647.6360439876607,17409.608373296513,4069.1831038075084,60,8403.103451746527,1.8808919994626194,0.0,0.07681070000398904
2025-06-11,48h,69698.6569943624,53264.79842865271,49010.88829856405,4253.91013008866,16433.858565709692,3702.154730421174,62,8490.119636703736,2.0195244000060484,0.0,0.08213280001655221
2025-06-12,48h,66821.13791857308,49297.34443549866,46067.533238054464,3229.8111974441904,17523.79348307442,3973.8341275730745,60,7969.687120577275,1.9512828000588343,0.0,0.07884139998350292
2025-06-13,48h,32919.376168381576,31937.310143864503,26068.548241313412,5868.7619025510885,982.0660245170759,370.5546225456208,9,6755.435219728553,1.9809828019933775,0.0,0.08281180000631139
2025-06-14,48h,27450.50567723535,24805.571887250106,24162.645393214872,642.9264940352323,2644.933789985242,839.0973105443762,19,9109.640138075327,2.0193228005664423,0.0,0.08074979999219067
2025-06-15,48h,79196.22012800415,43366.56208457476,37850.654465015185,5515.907619559581,35829.65804342939,8177.108362574794,100,8282.47018705083,1.9420199997257441,0.0,0.0805015999940224
2025-06-16,48h,67222.73205801006,48885.58575534354,46087.60375994546,2797.981995398083,18337.14630266652,4247.932508168591,68,8607.615670436937,1.9671480003744364,0.0,0.07645779999438673
2025-06-17,48h,70571.26856347962,50285.88305743814,46590.297416193454,3695.58564124469,20285.38550604147,4648.342423071783,74,8416.233063095344,1.9852451998740435,0.0,0.08047139999689534
2025-06-18,48h,64290.391147740644,49906.052838187854,46991.00138590929,2915.0514522785697,14384.33830955279,3527.8537130261475,54,8610.428247002703,2.0885940010193735,0.0,0.08437419999972917
2025-06-19,48h,67265.87756276876,47048.701286290605,42162.589424102,4886.111862188604,20217.17627647815,4690.611151858608,61,1675.4447753395832,2.1044555992120877,0.0,0.08686630000011064
2025-06-20,48h,30406.603059492856,29353.26909331759,27367.266021270632,1986.0030720469604,1053.3339661752639,342.785454824153,6,3062.225249597894,2.138864400330931,0.0,0.08513350001885556
2025-06-21,48h,28065.713081423502,24599.45910786639,24848.878670021022,-249.41956215463108,3466.253973557111,986.2463647461357,25,6446.689781241135,1.9474704003660008,0.0,0.07804960000794381
2025-06-22,48h,80570.0318027534,42383.78458888538,36822.371622253515,5561.412966631864,38186.24721386802,8738.683514107419,93,8264.00383683902,2.1226715996162966,0.0,0.08602550000068732
2025-06-23,48h,62254.82096155919,45413.470947318,43757.49235850763,1655.9785888103663,16841.350014241194,3945.450769761014,55,8483.679822651768,2.070788399549201,0.0,0.0849735000228975
2025-06-24,48h,69331.2835421197,51511.41208051307,50420.943387499545,1090.4686930135276,17819.871461606628,4295.076705667842,64,8629.028559806078,2.039688000571914,0.0,0.08402860001660883
2025-06-25,48h,62218.737458042,47003.94937837551,43642.70172945472,3361.2476489207884,15214.788079666489,3592.9513083719285,60,8478.506812389624,2.0632860000478104,0.0,0.08256829998572357
2025-06-26,48h,61734.14902208928,45613.798433887394,40144.20575987057,5469.592674016819,16120.350588201887,3876.2093855576236,67,1978.5467967468012,2.04914879926946,0.0,0.08326849999139085
2025-06-27,48h,29814.599470110556,28854.675942352023,27120.19852511731,1734.477417234712,959.9235277585321,297.0935061369174,5,3665.771263159109,2.007856799173169,0.0,0.08289559997501783
2025-06-28,48h,28641.219679031085,24698.833907535154,23910.98118290177,787.8527246333823,3942.38577149593,1238.7717844847195,26,9531.953537114447,2.0721599984681234,0.0,0.08376969999517314
2025-06-29,48h,80653.93113757526,42184.94306691665,34303.42710662244,7881.515960294209,38468.98807065861,8835.959361363615,103,8308.699486214959,2.1078612010460347,0.0,0.08514940002351068
2025-06-30,48h,63074.65606390109,46679.49113955331,44940.39743316195,1739.093706391369,16395.16492434778,4053.8860459678444,71,6710.68830768946,2.2229928007582203,0.0,0.09089130000211298
2025-07-01,48h,94566.39622200311,48096.783094346945,40122.089697728356,7974.693396618586,46469.613127656165,11761.241984877573,99,3218.0086882500495,2.1737231996376067,0.0,0.08774240000639111
2025-07-02,48h,87798.888211903,47596.07808761514,42201.59326478123,5394.484822833913,40202.81012428786,9950.368547911621,89,7711.856796155886,2.0486376006156206,0.0,0.08465840001008473
2025-07-03,48h,88897.01193313787,48202.2158120566,42436.22360161548,5765.992210441123,40694.796121081265,10271.258692532641,107,1724.405566387037,1.9952711997320876,0.0,0.08435769999050535
2025-07-04,48h,37795.35737887122,29705.583452978048,26261.37765618153,3444.2057967965193,8089.773925893169,2778.943495413286,57,2474.3489187163837,2.0101571978302673,0.0,0.08476599998539314
2025-07-05,48h,41642.03977915054,26068.51811441796,25485.29586907527,583.222245342689,15573.521664732583,4540.923733554778,66,5857.070162935978,2.169525600154884,0.0,0.08667950000381097
2025-07-06,48h,116136.95896235631,46290.871442470816,37198.258194439666,9092.613248031148,69846.08751988549,16746.797774712322,115,2973.50067918539,2.0554955994011834,0.0,0.08379509998485446
2025-07-07,48h,85229.68365907007,48603.262947425435,45279.986586875326,3323.276360550112,36626.420711644634,8850.934280536832,74,7354.578940309145,1.8210636007133871,0.0,0.07590190001064911
2025-07-08,48h,72284.2467349236,53540.59826981799,51271.082197742486,2269.5160720755043,18743.6484651056,4342.689363461443,62,8251.21736420021,2.1453372003743425,0.0,0.08725189999677241
2025-07-09,48h,67294.15594841166,51074.68232758944,50943.964972203335,130.71735538610722,16219.47362082222,3780.542614611521,60,8545.308003129636,2.1173543989425525,0.0,0.08616380000603385
2025-07-10,48h,67871.70335887391,51236.678192677035,45561.16677797845,5675.511414698584,16635.02516619688,4084.8067325538996,58,5183.278119385246,2.022292800131254,0.0,0.0802282000076957
2025-07-11,48h,37467.16634233172,35278.587656142525,33853.01562187234,1425.5720342701836,2188.578686189196,676.492358443151,10,3895.023730361583,1.9394639991223812,0.0,0.07858349999878556
2025-07-12,48h,35105.5435420542,32155.561334343834,30348.62172994461,1806.9396043992233,2949.982207710362,893.3646641369943,21,8351.642863768026,1.935680401744321,0.0,0.08008919999701902
2025-07-13,48h,80226.24501273254,44354.98263183881,44168.98368133846,185.99895050034525,35871.262380893735,8134.065403161383,92,8195.173411742071,1.972231199266389,0.0,0.0810219999984838
2025-07-14,48h,67475.86602635948,49754.56633223571,47124.12312703695,2630.4432051987537,17721.299694123772,4137.0653851844345,65,8486.662750951153,1.9444068000884727,0.0,0.07870420001563616
2025-07-15,48h,67722.43218778026,50154.43732501231,49326.445686153485,827.9916388588221,17567.99486276795,4167.31253958761,57,8062.552285332724,2.0670767995761707,0.0,0.08840469998540357
2025-07-16,48h,66304.578244532,50234.74398456303,48303.19220367134,1931.5517808916939,16069.834259968971,3856.385612759353,48,8382.046142876019,2.0651976009830832,0.0,0.08331489999545738
2025-07-17,48h,69666.46876390476,51147.52915331409,44398.43634740717,6749.092805906921,18518.939610590664,4471.415338590456,59,7945.131405214023,1.8699696001131088,0.0,0.07709330000216141
2025-07-18,48h,36091.036499522124,34453.08163004436,33544.51133337064,908.5702966737213,1637.9548694777654,501.5637940105639,9,3696.0861680022686,2.041459199390374,0.0,0.08237389998976141
2025-07-19,48h,39727.8892248138,36090.940460456026,31730.971120491213,4359.969339964811,3636.948764357775,1264.1147696297953,20,7931.030015134199,1.9367927997373044,0.0,0.0789099000103306
2025-07-20,48h,79781.1389648767,45185.43233398209,41651.44137565779,3533.9909583243016,34595.706630894616,8006.649884509919,81,7627.999249925304,1.9525608003605157,0.0,0.08039349998580292
2025-07-21,48h,68456.65018668203,52426.148564120886,50455.35418244028,1970.794381680605,16030.50162256115,3901.799216669815,57,5219.275375687911,2.1912731981137767,0.0,0.08710860001156107
2025-07-22,48h,73046.71599043428,55210.03584284101,48584.10425427325,6625.9315885677615,17836.68014759328,4368.147222756638,65,6502.051694484202,1.9870164007879794,0.0,0.08113239999511279
2025-07-23,48h,74123.57360221117,53818.635762554775,54535.35900487045,-716.7232423156715,20304.937839656384,4574.295340329602,60,8581.242969690647,2.055229200515896,0.0,0.08246439998038113
2025-07-24,48h,69428.90324996847,51227.34770953344,51061.07314962223,166.27455991121178,18201.555540435027,4488.329093231562,68,2374.2830497394616,1.8612648008856922,0.0,0.07798179998644628
2025-07-25,48h,36563.35263430413,35028.818659870856,32462.77718025313,2566.0414796177274,1534.533974433273,502.05181115607417,9,3529.879008990988,1.8671723997686058,0.0,0.07667739997850731
2025-07-26,48h,33014.30235287696,29422.556858321343,29432.649126386685,-10.092268065343205,3591.7454945556206,1097.2881368716885,19,4750.907188254347,1.8284436003305018,0.0,0.0757885999919381
2025-07-27,48h,85528.17603870845,47362.86723410377,41746.699409449255,5616.167824654511,38165.30880460469,8618.876337287067,88,8174.831200062315,2.0100203999318182,0.0,0.08100730000296608
2025-07-28,48h,70919.55685565293,52399.39055495882,49159.42365494912,3239.9669000097088,18520.166300694105,4281.206076443387,62,8429.50385157293,2.1194244000362232,0.0,0.08638289998634718
2025-07-29,48h,68229.80806777184,53042.60740487921,47756.0086557624,5286.5987491168025,15187.200662892628,3604.3383452912003,59,7283.623544338726,2.0680739987874404,0.0,0.08446220000041649
2025-07-30,48h,70268.2395431724,54513.43250357241,44656.70400633545,9856.72849723696,15754.807039599988,3822.724636114357,61,8666.572046136691,2.0526947990292683,0.0,0.08345569999073632
2025-07-31,48h,69974.68971420718,50276.746923644794,43741.774283504914,6534.972640139878,19697.94279056239,4497.350864364881,67,2238.7489702894527,1.934672400355339,0.0,0.08121219999156892
2025-08-01,48h,37135.50859818707,35188.28115350463,32055.140185634024,3133.1409678706013,1947.227444682447,699.2936123409007,9,3235.525167816075,1.9347012005746365,0.0,0.07872180000413209
2025-08-02,48h,32689.22601290986,29474.547672781027,30247.169077540544,-772.621404759516,3214.678340128835,1011.6959322743145,17,5041.522058571389,1.9680984002770856,0.0,0.08208310001646169
2025-08-03,48h,78886.92735019834,43016.214946253946,39224.181624712815,3792.033321541131,35870.712403944395,8269.604216108142,85,7097.609279657418,1.9378763996064663,0.0,0.07967949999147095
2025-08-04,48h,63345.920119553404,46382.58279541713,45437.163504522694,945.4192908944376,16963.33732413627,4150.628692634264,56,4828.25283926141,2.0622420004801825,0.0,0.08606639999197796
2025-08-05,48h,63953.65943889166,48282.40428292898,45258.73252803641,3023.671754892577,15671.255155962675,3693.158411661344,51,8574.459587987225,2.0914164015557617,0.0,0.08849019999615848
2025-08-06,48h,66402.37515254886,49055.20506887086,48667.14843476981,388.0566341010459,17347.170083678004,4210.167816495243,57,4853.955144238236,2.173834800487384,0.0,0.08618720000959001
2025-08-07,48h,62525.82900129106,49602.12593722032,46507.3152644692,3094.810672751122,12923.703064070738,3230.45754181462,47,2806.3402170527756,2.056755599565804,0.0,0.08495250000851229
2025-08-08,48h,33444.81506382476,32227.317148651364,29696.317373787006,2530.9997748643586,1217.497915173397,313.5889240765517,8,3453.249376383453,1.8269244013354182,0.0,0.07758460001787171
2025-08-09,48h,34957.801867100075,30767.122006077883,27514.048726551802,3253.073279526081,4190.67986102219,1219.873705164025,22,8256.936272354202,1.8612467986531556,0.0,0.07694959998480044
2025-08-10,48h,72260.4345989655,44217.190347714735,39886.348035105395,4330.842312609341,28043.244251250762,6612.404595532253,86,8238.996557889135,1.9573452001204714,0.0,0.07868460001191124
2025-08-11,48h,63247.131568829165,46913.2852120626,43143.92211084579,3769.363101216807,16333.846356766564,3902.939059338793,56,8412.67832367142,1.9501199985388666,0.0,0.0783180000144057
2025-08-12,48h,61858.84895361206,48073.897286205836,45655.08529530598,2418.811990899853,13784.951667406229,3397.1294293975834,56,8568.499289444051,1.904781601158902,0.0,0.07936820000759326
2025-08-13,48h,63666.53313397081,46456.69210734753,41926.50543196189,4530.186675385644,17209.841026623275,4127.778786555111,55,8604.319500213598,2.03924159926828,0.0,0.08439229999203235
2025-08-14,48h,64206.01326639211,47544.65577314259,41994.431886895036,5550.223886247557,16661.35749324952,3827.695822914044,62,2690.7740869734976,1.9449900003382936,0.0,0.08001030000741594
2025-08-15,48h,34717.79129703236,31937.070250633704,30540.714440468717,1396.355810164986,2780.7210463986585,844.8903088344468,13,2815.878442412123,1.997193600749597,0.0,0.0830965000204742
2025-08-16,48h,36009.942792649,29880.760076878327,29522.874508557587,357.8855683207415,6129.182715770672,1684.990651062128,31,4412.53183856936,2.0204531997442245,0.0,0.08357960000284947
2025-08-17,48h,72222.46522505934,44629.62035169935,41133.61313584268,3496.00721585667,27592.84487335999,6375.908233772827,78,6409.709510633982,2.220771599560976,0.0,0.0907751000195276
2025-08-18,48h,64302.04020692711,46668.28601432021,44853.62262754598,1814.6633867742378,17633.754192606895,4249.775656803986,59,8691.624877510912,2.2527503999881446,0.0,0.09152580000227317
2025-08-19,48h,65639.13180711392,45909.65581468838,43593.51832330169,2316.1374913866975,19729.475992425545,4698.778502286449,62,8705.688927109088,2.246641199570149,0.0,0.08978310000384226
2025-08-20,48h,63823.812377620416,48886.26872915313,47265.85721417121,1620.4115149819281,14937.54364846728,3434.5201880198492,55,5498.870485621178,2.145268800901249,0.0,0.08814940002048388
2025-08-21,48h,58252.6555774662,47905.395155568935,44868.89642793574,3036.4987276331967,10347.260421897266,2605.05099032615,54,2505.3576505970445,1.579647600185126,0.0,0.06556009998894297
2025-08-22,48h,36147.14941140944,33175.47635027388,30504.86229881623,2670.614051457648,2971.673061135559,790.0634864125411,15,3365.5328267436303,1.6993583991425112,0.0,0.06722739999531768
2025-08-23,48h,33747.23101059975,30354.656545681562,26986.468996433992,3368.18754924757,3392.574464918193,1059.4670899132593,22,7183.698916512286,2.0090375997824594,0.0,0.14816609999979846
2025-08-24,48h,76012.81040231857,45180.77542329141,40457.513784599025,4723.261638692386,30832.034979027165,7128.905692523012,82,8243.29445347484,1.9208591999486089,0.0,0.07912819998455234
2025-08-25,48h,69762.93422026644,52984.62570014833,55745.81086934096,-2761.185169192628,16778.308520118102,3916.52036184621,53,7442.861373448634,2.0136528003495187,0.0,0.08146549999946728
2025-08-26,48h,62866.7463996933,47029.30448301498,45781.97071104034,1247.3337719746432,15837.44191667832,3666.876096474618,46,6259.6121088805885,1.9721267995191738,0.0,0.08120349998353049
2025-08-27,48h,66130.89901515881,51799.26350331016,45527.03626327558,6272.22724003458,14331.63551184865,3349.3621930883814,57,8554.438926173823,1.9167840003501624,0.0,0.07823000001371838
2025-08-28,48h,70478.52996779597,50024.09902421054,41037.74379436733,8986.355229843211,20454.43094358543,4790.3843256601685,68,3464.258935745036,1.8703908022725955,0.0,0.07548420000239275
2025-08-29,48h,37938.51267500822,34692.59997656984,31612.70069041302,3079.899286156822,3245.9126984383765,816.8325322010385,10,3965.141025419386,1.8580499994568527,0.0,0.07809809999889694
2025-08-30,48h,31449.738776136746,28345.467712688176,28975.567105521764,-630.0993928335901,3104.27106344857,927.5664908998706,27,4673.092284429147,1.9907999992137775,0.0,0.08236470000701956
2025-08-31,48h,77097.51703327394,46467.92503126782,42107.858651444905,4360.066379822918,30629.59200200611,6831.572326454685,77,8326.032756293578,2.077714799903333,0.0,0.08338230001390912
2025-09-01,48h,54432.525677313446,48192.04830558752,48199.96982338079,-7.9215177932673555,6240.477371725921,1407.1384869925687,13,9852.690045345342,2.132881198776886,0.0,0.0872218000004068
2025-09-02,48h,57006.86926173706,43966.119564336674,40714.71883828992,3251.4007260467533,13040.749697400386,2935.7613391805635,26,5698.239214502673,1.9873943994753063,0.0,0.0815835999965202
2025-09-03,48h,52847.8878317311,45384.05096014471,44953.727958909265,430.3230012354471,7463.836871586393,1724.7421135219422,16,7365.684877779083,2.1680280013242736,0.0,0.08675409998977557
2025-09-04,48h,56604.682205351884,44007.57255154653,41982.33906380246,2025.2334877440767,12597.109653805355,2732.155040106933,19,4180.720500569663,1.949763597920537,0.0,0.08289309998508543
2025-09-05,48h,31477.63265744695,30128.035208515936,28718.08340573432,1409.9518027816157,1349.5974489310147,303.41754660031165,4,4878.674880729829,1.9305900007020682,0.0,0.07893160000094213
2025-09-06,48h,32031.11523611872,28854.72460331414,25903.28566753684,2951.4389357773007,3176.390632804583,774.2281571760182,12,10405.671262477816,1.9792548003606498,0.0,0.0832407999841962
2025-09-07,48h,59982.28975259945,37949.177731442716,34002.097464613056,3947.080266829663,22033.11202115673,4927.1505041518485,56,5147.569198200033,1.8067931999685243,0.0,0.07505149999633431
2025-09-08,48h,56351.47708672945,41314.46644927136,39567.62889853052,1746.8375507408377,15037.010637458092,3556.513861839013,62,4550.720437631254,1.9900188005995005,0.0,0.08275669999420643
2025-09-09,48h,59984.57872800426,41744.09725421129,36568.821984280265,5175.275269931026,18240.48147379297,4128.8616372686,64,8519.35420145734,2.0889216014184058,0.0,0.08569939999142662
2025-09-10,48h,59871.6507633738,41805.972706606175,38748.56681696346,3057.4058896427177,18065.678056767625,4106.857220726195,64,7329.059017060833,1.7584991999901831,0.0,0.07537060001050122
2025-09-11,48h,53951.32507312915,39213.14069338544,38118.48549325292,1094.6552001325176,14738.184379743714,3187.776360690189,58,3475.775821510249,1.854496800689958,0.0,0.07448800001293421
2025-09-12,48h,31731.419652143508,29522.507685214678,25261.512200201865,4260.995485012812,2208.911966928829,547.0612831275115,6,4888.510351599074,2.0249784006737173,0.0,0.08337539999047294
2025-09-13,48h,26720.74458502284,23440.31414541733,21793.552630052654,1646.7615153646768,3280.43043960551,815.9484422188227,16,9448.29695076069,1.9814868005923927,0.0,0.0797422000032384
2025-09-14,48h,67283.15525410717,35929.71518830643,33807.12866887647,2122.5865194299627,31353.44006580074,6974.805312364875,87,6234.8919010520585,1.897311600856483,0.0,0.07904409998445772
2025-09-15,48h,62236.887985388246,40783.009426939505,37236.56092817952,3546.4484987599863,21453.87855844874,4708.606782933135,61,8416.310416491498,2.0265948004089296,0.0,0.0811616999853868
2025-09-16,48h,59020.749392256024,41010.315685534566,41717.30935383763,-706.9936683030605,18010.433706721455,4102.0413144691665,68,8425.014525214976,1.962910799542442,0.0,0.0785938999906648
2025-09-17,48h,57477.132418145455,41315.9573013858,39934.092134317034,1381.8651670687657,16161.175116759654,3612.1198549054398,63,8431.95975641544,1.9947887992020696,0.0,0.0821490999951493
2025-09-18,48h,61043.507672309584,41603.729739250804,35290.14112874587,6313.588610504937,19439.77793305878,4309.538128301609,68,3697.884224244841,1.8406332009471953,0.0,0.07566760000190698
2025-09-19,48h,30575.13311254713,28113.88202449779,25947.441862971405,2166.4401615263837,2461.251088049338,582.281306914537,8,5375.743054364716,1.8273492003791034,0.0,0.07733729999745265
2025-09-20,48h,26290.667555717257,21730.260848594666,22527.87348179519,-797.6126332005274,4560.406707122589,1168.6403686663948,23,5270.725471621723,1.8834912003949285,0.0,0.07664300000760704
2025-09-21,48h,72847.77470647992,37109.54239143411,34347.26800980474,2762.2743816293623,35738.23231504581,8012.662027484225,89,5176.817934168951,2.0345651982352138,0.0,0.08412280000629835
2025-09-22,48h,59325.15963549786,43585.33821347895,43931.406269358,-346.06805587904825,15739.821422018911,3494.2413006366896,53,7768.873410289124,1.9287504003150389,0.0,0.07861339999362826
2025-09-23,48h,62422.63372624055,42082.58014428235,41932.36593764737,150.21420663498054,20340.0535819582,4307.6220101025965,64,8515.840436051545,2.1065328003605828,0.0,0.08537190000060946
2025-09-24,48h,60054.121586932924,41746.938165967644,37240.27046529415,4506.667700673495,18307.18342096528,4188.011774956516,65,8616.970888776965,2.0128032001666725,0.0,0.08023640001192689
2025-09-25,48h,58542.27807270671,41675.9410679273,37923.47268042671,3752.468387500589,16866.33700477941,3974.0049291416954,62,4126.698578977998,2.049454800551757,0.0,0.08456180000212044
2025-09-26,48h,30000.3462826709,27437.28243781151,26921.05504417623,516.227393635281,2563.063844859388,616.2880623338783,7,4895.9419810351665,1.8995363999856636,0.0,0.07803330000024289
2025-09-27,48h,29087.04367744371,23407.366478522283,22356.069010843115,1051.2974676791669,5679.67719892143,1447.8036366128945,29,7184.42965238056,1.9036151996115223,0.0,0.0814451000187546
2025-09-28,48h,79759.82171131813,40219.62635021647,33493.25444337397,6726.371906842504,39540.19536110165,8998.505177482044,99,7592.1164797481115,1.9753487999550998,0.0,0.0810946999990847
2025-09-29,48h,63462.716142495265,44242.04697671309,42103.13894014976,2138.908036563334,19220.669165782176,4113.744789865925,61,8550.684090434159,1.9752804004820064,0.0,0.08190620000823401
2025-09-30,48h,65987.33969465697,45838.14049248497,41664.76711186535,4173.373380619618,20149.199202171996,4535.036317733889,70,6627.285883833838,2.0192508010659367,0.0,0.08311360000516288
2025-10-01,48h,53395.14377222926,39649.14075667996,39662.67001315172,-13.529256471761641,13746.003015549302,3054.8799130051375,33,8841.661929655289,2.16267479932867,0.0,0.08740499999839813
2025-10-02,48h,50656.037360780065,39091.802875683185,40466.346354889996,-1374.5434792068145,11564.23448509688,2681.8577223996153,38,4195.582873478981,2.010131999733858,0.0,0.08465349997277372
2025-10-03,48h,28226.390156013138,25410.441277076174,22895.98577356084,2514.4555035153344,2815.9488789369643,669.0976073548775,8,5626.648317072311,1.8495683998335153,0.0,0.07527359999949113
2025-10-04,48h,26647.75168745107,21501.787422570356,21936.027963777,-434.2405412066427,5145.964264880711,1266.9743395438745,13,8140.373409555071,1.8804059999529272,0.0,0.07690719998208806
2025-10-05,48h,54616.17201453675,36642.545321000274,35675.17803794211,967.3672830581615,17973.626693536477,4210.659829482482,66,8569.959599262458,1.9470348001923412,0.0,0.0748297999962233
2025-10-06,48h,54293.31227846397,40510.431331097454,37543.44336852414,2966.987962573319,13782.880947366513,3129.3834077410943,43,7287.686039460419,1.8093852018937469,0.0,0.07106449999264441
2025-10-07,48h,56142.710762787014,41626.25474983633,38426.665689196256,3199.5890606400703,14516.45601295069,3281.0956221202573,41,8843.857350885792,1.8587735997280106,0.0,0.07637460000114515
2025-10-08,48h,56919.95376432981,37595.4316056385,34640.35172098267,2955.0798846558323,19324.52215869131,4240.480755172749,74,8462.370625914537,1.7955504002748057,0.0,0.07607050001388416
2025-10-09,48h,54997.17477464855,38872.16431842024,39017.635620903224,-145.47130248298583,16125.010456228312,3282.840333368084,63,4385.584724957543,1.9657008008798584,0.0,0.08102469998993911
2025-10-10,48h,27269.8486249438,23090.380554712774,22172.17098934523,918.2095653675436,4179.468070231025,1040.4883516439113,9,5660.002979775305,2.0455344000365585,0.0,0.08584660000633448
2025-10-11,48h,24076.335951466506,19762.357403936294,19815.129393441264,-52.7719895049691,4313.978547530211,1063.786744694331,19,6953.894690535913,2.24593199940864,0.0,0.09349830000428483
2025-10-12,48h,72559.9333932111,35301.94840106567,32397.04672790128,2904.901673164389,37257.98499214544,7951.389209131317,88,8108.893876276796,2.2529627995099872,0.0,0.09279480000259355
2025-10-13,48h,55724.51446272178,39233.903336346346,38637.56435555448,596.3389807918658,16490.611126375432,3596.4498784337043,63,8508.186814472667,2.5071840001037344,0.0,0.09579030002350919
2025-10-14,48h,60082.225541448686,42672.92811905905,39929.363581566446,2743.5645374926,17409.29742238964,3790.5518050678843,67,8424.835213090346,2.0842883996665478,0.0,0.08577780000632629
2025-10-15,48h,61112.74639764882,43631.41435401229,41925.62570960359,1705.7886444086985,17481.332043636536,3901.315148210047,67,8516.269222189534,2.0913300008978695,0.0,0.0839953999966383
2025-10-16,48h,59644.87146253114,41955.67462990907,38766.540806366334,3189.133823542733,17689.196832622078,3950.6967077259833,74,4311.343710149923,2.0852172015001997,0.0,0.08592599999974482
2025-10-17,48h,27983.598452867966,25214.99978261127,21265.718587759926,3949.2811948513454,2768.598670256695,676.3480290197592,8,5637.802292913693,2.0522987991571426,0.0,0.08594990000710823
2025-10-18,48h,25781.91417792841,20247.78766257889,20634.73465267272,-386.94699009383044,5534.126515349523,1456.08588599819,25,9372.450510764822,2.090437201433815,0.0,0.08641139999963343
2025-10-19,48h,75157.87338827147,37264.78953215493,35543.16370387461,1721.6258282803196,37893.083856116544,8321.64920341655,95,8351.193209819068,2.139692401397042,0.0,0.08645209998940118
2025-10-20,48h,62092.751532628026,43366.65323478263,43689.62878054149,-322.975545758862,18726.098297845398,4093.3902971232096,65,8431.14587029358,2.1291083983378485,0.0,0.08646980000776239
2025-10-21,48h,62495.51656887201,43562.36612101433,42626.91804988016,935.4480711341715,18933.150447857675,4142.868082725406,64,8416.99310147164,2.1506760001648217,0.0,0.08715970002231188
2025-10-22,48h,63910.47883596202,44183.8252638264,40704.63921513953,3479.186048686878,19726.65357213562,4292.878399785005,69,8483.171807003371,2.2258367993636057,0.0,0.09049279999453574
2025-10-23,48h,64504.62145630931,46955.64847805919,46518.58905932352,437.0594187356708,17548.972978250116,3847.6271838624866,62,5262.432868753777,2.102831999422051,0.0,0.08489970001392066
2025-10-24,48h,26652.654577693276,23366.79128215839,22418.211457094054,948.5798250643342,3285.8632955348876,830.2246027148037,10,5227.350759804877,1.905541198560968,0.0,0.07946030001039617
2025-10-25,48h,25841.103533329915,20941.994565241737,20393.081652962166,548.9129122795707,4899.108968088176,1270.6728984930742,26,8883.895280569366,1.9921895993174985,0.0,0.0803615000040736
2025-10-26,48h,72136.60215839074,41970.804319917326,38258.999794226445,3711.8045256908845,30165.797838473416,6603.54461657122,87,8312.96899542209,2.0233332007192075,0.0,0.081115500011947
2025-10-27,48h,61552.96863920586,44207.92155637364,40052.22617025309,4155.695386120557,17345.047082832214,3751.2561336814197,67,8467.400239296592,1.8597816011169925,0.0,0.07315969999763183
2025-10-28,48h,61769.15310689634,44740.05637875447,39867.565556650254,4872.490822104217,17029.09672814187,3718.4376381840443,71,8505.281533152283,1.8787284007994458,0.0,0.07709089998388663
2025-10-29,48h,62857.93704818235,46102.55789414744,44828.62736798971,1273.9305261577238,16755.379154034912,3660.29596050463,68,8500.431516155417,1.9179360007401556,0.0,0.07649289999972098
2025-10-30,48h,62579.78698421747,43566.57230617661,38881.406572509055,4685.165733667559,19013.21467804086,4155.149682675019,61,5429.736813670177,1.9609271991066635,0.0,0.0815186999971047
2025-10-31,48h,29524.935049616462,26477.113420561804,24134.145120896836,2342.9682996649685,3047.8216290546575,744.024814085918,9,9163.0606163743,2.2071528006345034,0.0,0.09190199998556636
2025-11-01,48h,24954.12578625768,20139.12745116591,19558.950729050244,580.1767221156673,4814.998335091768,1321.884060456308,23,9269.261539265237,2.0232504000887275,0.0,0.08583419999922626
2025-11-02,48h,78497.50716366255,41239.16730923617,38111.28960643256,3127.877702803608,37258.33985442638,8059.7070112590645,94,8319.622958140983,2.0741616000887007,0.0,0.08423770000808872
2025-11-03,48h,65757.70069079782,45645.694129375675,46157.058434285515,-511.3643049098374,20112.006561422153,4438.2833237515415,71,8558.30807309128,2.2911371999653056,0.0,0.0922263000102248
2025-11-04,48h,62307.18836384437,45033.861014872455,42514.74780612081,2519.113208751644,17273.327348971918,3731.4815356615327,68,8458.423873763022,2.1656628000782803,0.0,0.08942679999745451
2025-11-05,48h,67700.80252753862,47992.15777995511,47951.9298361899,40.2279437652096,19708.64474758351,4382.738290795717,63,8515.983665723108,2.29633919976186,0.0,0.09457059999112971
2025-11-06,48h,68852.55014730932,47508.98998319309,43726.3583757647,3782.6316074283877,21343.560164116236,4611.614139930492,73,7901.442919860379,2.3319144003326073,0.0,0.09334249998209998
2025-11-07,48h,25613.208202433092,22507.24846611468,21836.25148972713,670.996976387554,3105.9597363184116,727.4251893387673,12,5943.930012763103,2.2670567999593914,0.0,0.09103439998580143
2025-11-08,48h,26800.619080018958,21619.536515137843,20877.15104856571,742.3854665721352,5181.082564881117,1293.5675712163522,25,8949.727650863248,2.2529915997292846,0.0,0.09264829999301583
2025-11-09,48h,76430.69498335692,43118.760096982005,41092.85409192914,2025.9060050528665,33311.93488637492,7243.564333554929,95,8372.840640932776,2.238325201207772,0.0,0.09242629999062046
2025-11-10,48h,67826.94204475352,50200.71760237734,46834.84003706117,3365.877565316171,17626.224442376173,3721.926266151052,66,8482.082915601091,2.2399632011074573,0.0,0.08961379999527708
2025-11-11,48h,65098.051425265185,47508.4181545044,48448.51113727876,-940.0929827743593,17589.633270760787,3867.5129872363177,63,8512.076734610375,2.1484079986112192,0.0,0.08539769999333657
2025-11-12,48h,64425.791472409386,49044.466977020296,45864.27601779622,3180.190959224075,15381.324495389086,3241.256952070979,68,8582.24411823491,2.0772395994281396,0.0,0.08327900001313537
2025-11-13,48h,65151.652227327104,48146.96083069054,44391.72805357553,3755.2327771150167,17004.69139663656,3719.795582288929,70,7600.049729008342,2.136391200358048,0.0,0.08865750001859851
2025-11-14,48h,29154.39060563078,25948.026666438847,23222.661798207788,2725.3648682310604,3206.3639391919323,758.9080677784639,6,8573.271498650596,2.120749200694263,0.0,0.08564380000461824
2025-11-15,48h,26478.290460052,21184.890695307004,21317.81868376477,-132.92798845776525,5293.399764744998,1282.5272930273197,28,8864.125079978148,2.142608399502933,0.0,0.0850411000137683
2025-11-16,48h,80840.65498946908,45926.53600121461,41286.05280276085,4640.483198453761,34914.11898825447,7540.602752639249,93,8212.120098863134,2.0467007994884625,0.0,0.0815217999916058
2025-11-17,48h,66053.48549119924,51629.57021639026,45000.623010759155,6628.94720563111,14423.915274808978,3223.207384291348,60,8616.979699804746,2.004444000427611,0.0,0.07961700001033023
2025-11-18,48h,69792.2661918983,50414.40829252356,46766.3755609321,3648.032731591463,19377.85789937474,4181.103295496846,72,8458.588786810717,2.143598399707116,0.0,0.08448130000033416
2025-11-19,48h,66590.80158551701,52211.71039950683,46164.51674649687,6047.1936530099665,14379.09118601018,3270.735398463594,70,8452.141527022386,2.0518883991753682,0.0,0.08510399999795482
2025-11-20,48h,69124.64911721874,50376.835222064154,45925.454330782566,4451.380891281586,18747.813895154577,4002.6090608357367,64,8482.876229974172,2.121490801102482,0.0,0.08685069999773987
2025-11-21,48h,29069.57282444241,25694.944765630655,23273.37804241458,2421.566723216075,3374.6280588117534,810.0869774394662,11,7801.795086164004,2.0960208009928465,0.0,0.08433050001622178
2025-11-22,48h,27405.68659203958,22342.117804381505,22385.495420950454,-43.37761656894955,5063.568787658074,1195.479183638517,24,8984.680885786747,2.045620797551237,0.0,0.08479480000096373
2025-11-23,48h,80562.2117365359,47252.29195617107,41632.26294264346,5620.029013527612,33309.91978036483,7222.60217774712,96,8369.576817780378,1.928167200065218,0.0,0.07680439998512156
2025-11-24,48h,67693.45752237746,49019.53561464126,45658.57747331269,3360.9581413285673,18673.921907736192,3979.411506282489,72,8393.808639682093,1.89656640146859,0.0,0.07715250001638196
2025-11-25,48h,67169.37042768854,51997.70058310295,53698.46986027556,-1700.7692771726042,15171.66984458559,3349.110817205983,72,8482.573925299384,1.9691208007279783,0.0,0.07638460001908243
2025-11-26,48h,66539.35230110395,52535.96920360056,50130.738423360606,2405.2307802399546,14003.383097503396,3002.3707327248803,55,8531.801034809483,1.9462607995374128,0.0,0.07791290001478046
2025-11-27,48h,64355.81496211328,51303.15415513589,48611.08856213298,2692.0655930029116,13052.660806977392,2827.4200742665107,63,7602.766745030579,1.8421668000519276,0.0,0.07535940001253039
2025-11-28,48h,28820.72777432879,26300.873938584842,24702.688102496802,1598.1858360880394,2519.8538357439475,593.1697997006056,11,8157.725325470995,2.102687999373302,0.0,0.08327920001465827
2025-11-29,48h,30665.83283469578,25413.764671060373,25703.14604415204,-289.3813730916669,5252.068163635405,1251.5499288614997,18,8981.083888694953,2.065676401485689,0.0,0.08298460001242347
2025-11-30,48h,84663.95116625515,49075.54602151584,44802.72219879055,4272.823822725288,35588.405144739314,7533.181559745755,98,8210.761451339085,2.209294799133204,0.0,0.08836189997964539
2025-12-01,48h,93534.48393312164,53332.455234626745,53341.58875971033,-9.1335250835848,40202.0286984949,9612.766569641743,91,8531.954062144616,2.126851200009696,0.0,0.08344020001823083
2025-12-02,48h,89707.42665576446,55658.437003435705,55774.44559264218,-116.00858920647636,34048.989652328746,7887.40623552054,92,8470.561409500613,2.2396032004617155,0.0,0.08922349999193102
2025-12-03,48h,86411.48399877279,56728.00980962036,49287.863618722185,7440.146190898172,29683.474189152435,7134.56460631043,90,8485.691959187438,2.108250000863336,0.0,0.0863590000080876
2025-12-04,48h,91608.20347865552,55262.25402108885,54495.75069334509,766.5033277437565,36345.94945756666,8509.261684346013,94,8307.993308485986,2.010240000556223,0.0,0.0786272999830544
2025-12-05,48h,37103.2978909732,30581.444920330552,29570.898820825107,1010.5460995054469,6521.852970642645,1622.3149944759566,28,9850.197379284591,2.1237408014712855,0.0,0.08796749997418374
2025-12-06,48h,38656.32561102474,25593.822890528667,25065.770861270674,528.0520292579943,13062.50272049607,3426.051831068544,63,8973.53447962943,2.1906251994660124,0.0,0.08893720002379268
2025-12-07,48h,109336.46240381067,52235.47387548105,50042.65721536668,2192.816660114372,57100.988528329624,12879.677418753052,103,8132.059896943814,2.297487600124441,0.0,0.09258669998962432
2025-12-08,48h,74591.1331229151,60946.78092396613,60084.15854983998,862.6223741261457,13644.352198948965,2921.815630002735,60,8574.275558829719,2.167430398869328,0.0,0.08935669998754747
2025-12-09,48h,77230.1216948787,58968.65956340804,59290.866215338625,-322.20665193059006,18261.462131470675,3829.686647140447,70,8530.468305867937,2.253700799890794,0.0,0.09277360001578927
2025-12-10,48h,78003.15804002006,59455.9206893759,55992.78286897991,3463.1378203959807,18547.237350644173,3982.356404803215,75,8502.887383465266,2.3574419998330995,0.0,0.09237430000212044
2025-12-11,48h,72866.69805911783,58302.20869507871,58585.83856988861,-283.62987480990216,14564.48936403911,3044.112162343426,65,8599.21957264037,2.2207571994513273,0.0,0.08907049999106675
2025-12-12,48h,37218.11333930573,35690.96335704696,33578.49465652754,2112.468700519418,1527.1499822587753,368.63301590229514,5,9943.619384080443,2.1467916020192206,0.0,0.08655370000633411
2025-12-13,48h,36396.7070452467,29565.4219915823,27865.97041609703,1699.4515754852728,6831.2850536644,1459.8817268068274,27,9128.77632660558,2.2942152003524825,0.0,0.0909846999857109
2025-12-14,48h,96076.82956285335,53923.146459508134,48396.48855183772,5526.657907670418,42153.68310334522,8947.058179857788,103,8269.08081741232,2.0480760005302727,0.0,0.08273009999538772
2025-12-15,48h,76837.4257934434,61056.36034749404,55052.01721331973,6004.343134174314,15781.065445949356,3372.681620052517,69,8376.560183313375,2.2598711986793205,0.0,0.09136449999641627
2025-12-16,48h,75403.37186410671,59703.56808632519,59167.20813611307,536.359950212123,15699.803777781519,3446.773605349892,74,8512.36734898688,2.2594320005737245,0.0,0.09294919998501427
2025-12-17,48h,77771.72682820985,58632.91113630944,59119.256205830505,-486.34506952106506,19138.81569190041,4113.155933483286,69,8620.424454107308,2.271517199347727,0.0,0.0945402999932412
2025-12-18,48h,75744.53548262431,58738.352427902646,55984.06846891559,2754.28395898706,17006.183054721674,3887.0007704441705,72,8412.347128829013,2.251548000262119,0.0,0.09262519999174401
2025-12-19,48h,37293.1711809366,34886.69774198584,32687.185909791868,2199.5118321939694,2406.4734389507644,534.2146118255279,9,9883.179649285712,2.5754004009068012,0.0,0.10195690000546165
2025-12-20,48h,34310.79797273919,27498.57124447845,27645.165782967626,-146.59453848917494,6812.226728260734,1462.7528918146988,23,9057.66577171653,2.46667319862172,0.0,0.10099089998402633
2025-12-21,48h,97802.47357615744,54285.02729313036,50998.41879899526,3286.608494135099,43517.446283027086,9295.723552696873,98,8271.067477252656,2.28180240013171,0.0,0.09501699998509139
2025-12-22,48h,77639.14546140993,59423.54195011398,56800.910771646406,2622.6311784675718,18215.603511295958,4009.787467735439,78,8513.400744003773,2.3428440007846802,0.0,0.09531520001473837
2025-12-23,48h,74670.26042946514,58534.17404820224,58486.83403535565,47.34001284659098,16136.0863812629,3476.6931742888664,68,8465.253426646466,2.2136147995479405,0.0,0.08967320001102053
2025-12-24,48h,73644.76122370841,58661.5804661481,57682.06456076974,979.5159053783611,14983.180757560309,3199.2963069488396,69,8461.61958943999,2.21771520038601,0.0,0.09043350000865757
2025-12-25,48h,79964.5272575338,58249.47023624892,54937.5808895456,3311.889346703322,21715.057021284887,4647.872815474388,76,8461.507306658727,2.3950656002853066,0.0,0.09805709999636747
2025-12-26,48h,35926.2954104237,33989.27514330819,32930.46081147957,1058.8143318286177,1937.0202671155107,446.8769108716,8,10217.509555555556,2.5003367993049324,0.0,0.10164469998562708
2025-12-27,48h,33855.56721417341,27530.871045993394,26856.326598546475,674.5444474469175,6324.696168180019,1450.6917440997581,27,9051.45065721336,2.3445395990274847,0.0,0.09629269997822121
2025-12-28,48h,93671.9332819769,52027.51050825193,49873.176698626776,2154.3338096251514,41644.422773724975,9028.195261590954,105,8343.985741288663,2.407813199912198,0.0,0.09538300000713207
2025-12-29,48h,74351.61024954038,59419.792267484474,55882.84425356318,3536.948013921301,14931.817982055902,3215.2212599523264,67,8410.309551093567,2.2854923988925293,0.0,0.09213240002281964
2025-12-30,48h,77540.74973090258,57779.46929768937,56532.19348041581,1247.2758172735605,19761.28043321321,4257.579027715486,73,8550.757610561941,2.201209201477468,0.0,0.09284860000479966
2025-12-31,48h,77452.93416177781,59069.57423182713,57944.11087668832,1125.4633551388133,18383.35992995068,4057.236120498706,75,8478.27211984883,2.2497623992385343,0.0,0.09304210002301261
