date,24h,48h,delta_24h_minus_48h_yuan
2025-02-01,33164.35006450109,32563.375064501095,600.9749999999985
2025-02-02,113181.35832632077,112834.96798737701,346.3903389437619
2025-02-03,71358.98567999717,71235.42929212959,123.55638786758936
2025-02-04,66444.87780541189,66442.3864079749,2.4913974369846983
2025-02-05,69377.0377871136,69359.80791559415,17.229871519448352
2025-02-06,69036.99681803532,69033.14312440564,3.8536936296732165
2025-02-07,33694.28454675187,33394.6388037111,299.64574304076814
2025-02-08,28614.596645567523,27753.6984343274,860.8982112401209
2025-02-09,89462.20786594026,89351.51731086723,110.69055507302983
2025-02-10,69615.7269924701,69534.43598735137,81.29100511872093
2025-02-11,71253.89327116881,71222.95114620864,30.942124960172805
2025-02-12,71096.27530909752,71079.76925276112,16.506056336394977
2025-02-13,68521.49985008521,68215.66555124133,305.8342988438817
2025-02-14,29973.875685972194,29690.409227975673,283.46645799652106
2025-02-15,26887.15883936306,26489.828116029,397.33072333406017
2025-02-16,91036.19793547127,90925.32990168713,110.86803378413606
2025-02-17,65127.68712540483,65050.13880004975,77.5483253550774
2025-02-18,63119.16978754869,63096.855021991716,22.314765556977363
2025-02-19,70085.19057928167,70083.85994139864,1.3306378830311587
2025-02-20,68461.23215178896,67864.18642567843,597.045726110533
2025-02-21,26923.345846441567,26750.87851717874,172.46732926282857
2025-02-22,26951.729370130604,25758.579587165586,1193.149782965018
2025-02-23,81958.0984567189,81834.94507367894,123.15338303995668
2025-02-24,63725.65257877815,63649.134086066675,76.51849271147512
2025-02-25,65050.31156753503,65047.65608060489,2.6554869301398867
2025-02-26,64486.71397769927,64457.51429597811,29.19968172116205
2025-02-27,64076.431389069985,63286.37974498767,790.0516440823121
2025-02-28,27616.528801029228,27091.93206882209,524.5967322071374
2025-03-01,22720.55745860284,22158.79896964143,561.7584889614118
2025-03-02,74316.24410985196,74199.5466712362,116.69743861576717
2025-03-03,65552.9264604244,65494.49569894245,58.43076148194086
2025-03-04,58259.066454428816,58256.842922187716,2.223532241099747
2025-03-05,57276.594883092395,57257.55212214429,19.042760948104842
2025-03-06,57784.7869561155,57916.22947765241,-131.44252153690468
2025-03-07,25605.0010213209,25393.718797593858,211.28222372704113
2025-03-08,26934.727551698714,25749.801397178657,1184.926154520057
2025-03-09,74675.6323136675,74666.97193598392,8.660377683583647
2025-03-10,63712.384582882034,63647.60197730103,64.78260558100737
2025-03-11,61359.352314930395,61111.83955763491,247.51275729548797
2025-03-12,61242.886746778735,61042.040017890045,200.84672888868954
2025-03-13,62355.95271260475,62837.38537365066,-481.4326610459102
2025-03-14,24592.87681311656,25912.447916675137,-1319.5711035585773
2025-03-15,25792.214478256603,24774.756931374053,1017.4575468825497
2025-03-16,69352.01687700278,69031.68956389526,320.3273131075257
2025-03-17,53878.4755672968,53794.387611201,84.08795609580557
2025-03-18,58269.203138133686,58149.61840400411,119.58473412957392
2025-03-19,56722.170339765915,56822.067393063364,-99.89705329744902
2025-03-20,62774.83014620906,63465.47685807526,-690.6467118661967
2025-03-21,23490.066857708982,25360.380101937273,-1870.3132442282913
2025-03-22,26659.341830785626,25488.33407276607,1171.0077580195575
2025-03-23,68320.31079337893,68154.55781145749,165.75298192143964
2025-03-24,56756.01057307278,56701.58429376097,54.426279311810504
2025-03-25,61949.89971503148,61808.19322391288,141.70649111860257
2025-03-26,55064.01449178522,54569.81826425739,494.1962275278347
2025-03-27,57343.262293059815,58060.6050092783,-717.3427162184817
2025-03-28,22220.869464317904,23863.44685079397,-1642.5773864760667
2025-03-29,21997.873469318583,21514.330548733553,483.5429205850305
2025-03-30,60110.59564587254,59746.929316687456,363.6663291850855
2025-03-31,57581.64630931625,56496.762147099806,1084.8841622164473
2025-04-01,56545.24173879692,56118.65412138139,426.58761741552735
2025-04-02,54896.448005896265,54523.93646295763,372.5115429386351
2025-04-03,52347.89341022358,53034.131675203054,-686.2382649794745
2025-04-04,21317.983253548013,23610.65988039277,-2292.6766268447573
2025-04-05,23972.70955347511,22523.228587087695,1449.4809663874148
2025-04-06,56433.12157447377,55961.709227137064,471.41234733670717
2025-04-07,55506.618576525,54741.759333241316,764.8592432836813
2025-04-08,52708.437845298395,52147.85807335209,560.579771946308
2025-04-09,53429.276083437144,53409.382280313424,19.893803123719408
2025-04-10,54586.957276806046,55579.00143428953,-992.044157483484
2025-04-11,22256.60945578241,24695.82815608309,-2439.21870030068
2025-04-12,22468.772827242727,22508.829486114068,-40.056658871340915
2025-04-13,62886.365358509385,61744.4172018729,1141.9481566364848
2025-04-14,48568.8712799716,48466.10537415015,102.76590582144854
2025-04-15,52929.85281795153,51944.06644595585,985.7863719956804
2025-04-16,57114.943908189525,56695.81415035554,419.12975783398724
2025-04-17,50849.62926430676,51920.493140140774,-1070.8638758340167
2025-04-18,19353.316265192585,21936.505530485556,-2583.189265292971
2025-04-19,20857.535225400017,20830.405357117153,27.129868282863754
2025-04-20,59996.31525982567,60730.28357516208,-733.9683153364094
2025-04-21,48392.87920309546,47272.71556118514,1120.163641910316
2025-04-22,52129.559553526225,51982.98606902233,146.5734845038969
2025-04-23,53167.18327843786,52611.99907902198,555.1841994158749
2025-04-24,47494.037380831505,48944.05661876367,-1450.019237932167
2025-04-25,19849.265282017368,22642.727430850282,-2793.462148832914
2025-04-26,21890.92937656592,21463.810717188633,427.11865937728726
2025-04-27,60763.961299041875,60524.981178969414,238.98012007246143
2025-04-28,54972.969417534405,53900.89609363722,1072.073323897188
2025-04-29,47984.86209189844,46904.14868013795,1080.7134117604874
2025-04-30,51181.04872523676,49645.64231490958,1535.4064103271812
2025-05-01,57783.939873923344,59373.53657126079,-1589.5966973374452
2025-05-02,22599.66511610485,25006.40771152609,-2406.7425954212413
2025-05-03,24099.3591466281,25513.007942794677,-1413.648796166577
2025-05-04,70355.13381249944,69564.68280165919,790.4510108402465
2025-05-05,57874.56136743251,58012.70009717915,-138.13872974664264
2025-05-06,63862.74946865068,63021.16418602082,841.5852826298651
2025-05-07,60205.55542028435,59204.597306794494,1000.9581134898544
2025-05-08,56169.64010712878,56559.80319571095,-390.16308858217235
2025-05-09,22118.05854626392,24770.51447898965,-2652.4559327257302
2025-05-10,26073.531430031413,26303.41643315689,-229.88500312547694
2025-05-11,65542.3090587327,65364.7785049832,177.53055374950054
2025-05-12,56816.25248219792,57307.90545498673,-491.6529727888119
2025-05-13,50133.213930731414,50150.6884467808,-17.474516049383965
2025-05-14,52490.50890685343,52427.27576707959,63.23313977383805
2025-05-15,51947.32704218841,53930.27706335073,-1982.9500211623235
2025-05-16,21774.872443874585,24756.33308828076,-2981.4606444061756
2025-05-17,23222.676108784188,23459.117602166385,-236.44149338219722
2025-05-18,60921.02758055768,60591.31762210693,329.7099584507523
2025-05-19,52186.65287564826,50272.27437979949,1914.3784958487668
2025-05-20,57752.454125622266,57053.245287203936,699.2088384183298
2025-05-21,52862.81170562198,51032.21072961396,1830.6009760080196
2025-05-22,50086.440824164005,52022.91762481646,-1936.4768006524537
2025-05-23,21842.652373576046,24856.11964575305,-3013.467272177004
2025-05-24,22065.57607623076,22966.125802814408,-900.5497265836493
2025-05-25,60081.814368943014,58959.10234189195,1122.712027051064
2025-05-26,55122.66612289666,53843.89137440853,1278.774748488133
2025-05-27,57065.774276874115,54802.33931354995,2263.4349633241654
2025-05-28,48904.09096707095,48892.25350603672,11.837461034228909
2025-05-29,54223.790708848835,55486.96089847371,-1263.1701896248778
2025-05-30,22712.582151780614,25348.796600009384,-2636.2144482287695
2025-05-31,24796.419642649103,23711.65770477741,1084.7619378716918
2025-06-01,97530.33642175149,96759.22232584955,771.1140959019394
2025-06-02,75203.8652512562,74891.4604154115,312.4048358447035
2025-06-03,70957.2737260329,70715.15128143238,242.1224446005217
2025-06-04,79328.42412151929,78482.77619626079,845.6479252584977
2025-06-05,73141.70851311412,74301.94219407256,-1160.2336809584376
2025-06-06,29810.485528423622,32028.585761886112,-2218.10023346249
2025-06-07,31793.790292131256,31606.86114875356,186.92914337769616
2025-06-08,70953.06427177333,69565.68926489443,1387.375006878894
2025-06-09,67484.65075429397,67388.31999756125,96.33075673271378
2025-06-10,66319.546601331,66298.18577310242,21.360828228585888
2025-06-11,69733.32457975022,69698.6569943624,34.667585387811414
2025-06-12,66134.17163984236,66821.13791857308,-686.966278730717
2025-06-13,31594.853306455865,32919.376168381576,-1324.5228619257105
2025-06-14,29096.961238748892,27450.50567723535,1646.4555615135432
2025-06-15,79612.01862965524,79196.22012800415,415.79850165109383
2025-06-16,67285.86909386607,67222.73205801006,63.13703585600888
2025-06-17,70591.91244897811,70571.26856347962,20.64388549848809
2025-06-18,64321.96014485015,64290.391147740644,31.56899710950529
2025-06-19,66551.61371530584,67265.87756276876,-714.2638474629202
2025-06-20,30458.12061983163,30406.603059492856,51.517560338772455
2025-06-21,28343.220779587056,28065.713081423502,277.50769816355387
2025-06-22,81065.78654317214,80570.0318027534,495.75474041874986
2025-06-23,62605.516056065186,62254.82096155919,350.69509450599435
2025-06-24,70220.0816315719,69331.2835421197,888.7980894522043
2025-06-25,62237.38819815623,62218.737458042,18.650740114229848
2025-06-26,60524.04009645947,61734.14902208928,-1210.1089256298146
2025-06-27,27724.755064994042,29814.599470110556,-2089.8444051165134
2025-06-28,30259.50449330576,28641.219679031085,1618.284814274677
2025-06-29,81982.13786718887,80653.93113757526,1328.2067296136083
2025-06-30,64407.21527177748,63074.65606390109,1332.5592078763875
2025-07-01,94716.76464285847,94566.39622200311,150.36842085536045
2025-07-02,89852.06548171504,87798.888211903,2053.177269812033
2025-07-03,87677.90465249016,88897.01193313787,-1219.1072806477023
2025-07-04,35280.210123935365,37795.35737887122,-2515.1472549358514
2025-07-05,42966.9450268162,41642.03977915054,1324.9052476656652
2025-07-06,115644.68401188127,116136.95896235631,-492.2749504750391
2025-07-07,86511.97532665363,85229.68365907007,1282.2916675835586
2025-07-08,72566.13455237632,72284.2467349236,281.8878174527199
2025-07-09,67364.66865046041,67294.15594841166,70.51270204875618
2025-07-10,66928.33114340121,67871.70335887391,-943.3722154727002
2025-07-11,36998.46373309779,37467.16634233172,-468.70260923392925
2025-07-12,36470.070173887245,35105.5435420542,1364.5266318330468
2025-07-13,81244.14573343593,80226.24501273254,1017.9007207033865
2025-07-14,68252.87258833493,67475.86602635948,777.006561975446
2025-07-15,67737.3797785558,67722.43218778026,14.947590775540448
2025-07-16,66472.74058387053,66304.578244532,168.162339338538
2025-07-17,68985.80329082615,69666.46876390476,-680.6654730786104
2025-07-18,34448.14538730798,36091.036499522124,-1642.8911122141435
2025-07-19,38660.176531954785,39727.8892248138,-1067.712692859015
2025-07-20,79986.61504797949,79781.1389648767,205.47608310278156
2025-07-21,68674.11714118575,68456.65018668203,217.46695450371772
2025-07-22,73632.3038101175,73046.71599043428,585.58781968322
2025-07-23,74889.48753639933,74123.57360221117,765.9139341881673
2025-07-24,68478.07623830541,69428.90324996847,-950.8270116630592
2025-07-25,36529.97213250685,36563.35263430413,-33.38050179727725
2025-07-26,34457.04307292276,33014.30235287696,1442.7407200457965
2025-07-27,86204.13825902902,85528.17603870845,675.9622203205654
2025-07-28,71278.40214393614,70919.55685565293,358.8452882832062
2025-07-29,68216.7773230628,68229.80806777184,-13.030744709045393
2025-07-30,71146.11257935394,70268.2395431724,877.8730361815396
2025-07-31,69035.89345872427,69974.68971420718,-938.7962554829137
2025-08-01,34582.865764799295,37135.50859818707,-2552.6428333877775
2025-08-02,32712.013076542888,32689.22601290986,22.787063633026264
2025-08-03,79791.1838154866,78886.92735019834,904.2564652882575
2025-08-04,63756.3365977283,63345.920119553404,410.41647817489866
2025-08-05,64830.38571768705,63953.65943889166,876.726278795395
2025-08-06,67188.52351256472,66402.37515254886,786.1483600158535
2025-08-07,62027.24529407227,62525.82900129106,-498.583707218786
2025-08-08,31034.342993306098,33444.81506382476,-2410.472070518663
2025-08-09,33994.74210196825,34957.801867100075,-963.059765131824
2025-08-10,74006.61396106184,72260.4345989655,1746.1793620963435
2025-08-11,64534.62468284526,63247.131568829165,1287.4931140160916
2025-08-12,61749.65686922561,61858.84895361206,-109.19208438645
2025-08-13,64420.72770955544,63666.53313397081,754.1945755846318
2025-08-14,63083.696502463135,64206.01326639211,-1122.316763928975
2025-08-15,32129.38359783567,34717.79129703236,-2588.4076991966904
2025-08-16,35576.61040112883,36009.942792649,-433.33239152016904
2025-08-17,72936.64553316699,72222.46522505934,714.1803081076505
2025-08-18,65367.54282552314,64302.04020692711,1065.5026185960305
2025-08-19,66432.21154114492,65639.13180711392,793.0797340309946
2025-08-20,63718.9622336028,63823.812377620416,-104.85014401761873
2025-08-21,57664.92125429517,58252.6555774662,-587.7343231710256
2025-08-22,33574.93243330404,36147.14941140944,-2572.2169781053963
2025-08-23,34512.354663865626,33747.23101059975,765.1236532658731
2025-08-24,77318.73202040655,76012.81040231857,1305.921618087974
2025-08-25,70212.55724371978,69762.93422026644,449.6230234533432
2025-08-26,63719.02592146023,62866.7463996933,852.2795217669263
2025-08-27,66670.7209406225,66130.89901515881,539.8219254636933
2025-08-28,69408.22264362732,70478.52996779597,-1070.3073241686507
2025-08-29,35649.62987936665,37938.51267500822,-2288.88279564157
2025-08-30,31166.949480294214,31449.738776136746,-282.78929584253274
2025-08-31,78145.41306291195,77097.51703327394,1047.89602963801
2025-09-01,54485.38194682816,54432.525677313446,52.85626951471204
2025-09-02,57315.8888525091,57006.86926173706,309.01959077204083
2025-09-03,53519.94396773955,52847.8878317311,672.0561360084466
2025-09-04,55205.63867349402,56604.682205351884,-1399.0435318578675
2025-09-05,29337.453913209865,31477.63265744695,-2140.178744237084
2025-09-06,31156.998862750792,32031.11523611872,-874.1163733679277
2025-09-07,60650.849569672486,59982.28975259945,668.5598170730373
2025-09-08,56994.13488938288,56351.47708672945,642.6578026534335
2025-09-09,59368.05679513516,59984.57872800426,-616.5219328690946
2025-09-10,59737.28317182987,59871.6507633738,-134.36759154393076
2025-09-11,53276.08683089432,53951.32507312915,-675.238242234831
2025-09-12,29889.963379778987,31731.419652143508,-1841.4562723645213
2025-09-13,27407.980940970523,26720.74458502284,687.2363559476835
2025-09-14,67386.16976577077,67283.15525410717,103.01451166359766
2025-09-15,61578.574378616344,62236.887985388246,-658.3136067719024
2025-09-16,59527.412537793585,59020.749392256024,506.6631455375609
2025-09-17,57620.324936915786,57477.132418145455,143.19251877033093
2025-09-18,60245.635286337034,61043.507672309584,-797.8723859725505
2025-09-19,28512.285195925782,30575.13311254713,-2062.8479166213474
2025-09-20,26001.85764767391,26290.667555717257,-288.8099080433458
2025-09-21,72608.48740823826,72847.77470647992,-239.2872982416593
2025-09-22,60147.53774943917,59325.15963549786,822.3781139413113
2025-09-23,62890.1091632941,62422.63372624055,467.475437053552
2025-09-24,60329.259929841086,60054.121586932924,275.1383429081616
2025-09-25,58091.62512711551,58542.27807270671,-450.652945591195
2025-09-26,27931.51823251804,30000.3462826709,-2068.8280501528607
2025-09-27,29489.429257753072,29087.04367744371,402.3855803093611
2025-09-28,80020.38785195947,79759.82171131813,260.5661406413419
2025-09-29,63771.50031578532,63462.716142495265,308.78417329005606
2025-09-30,65987.50113999943,65987.33969465697,0.16144534245540854
2025-10-01,53706.66396949697,53395.14377222926,311.5201972677096
2025-10-02,50100.00793266154,50656.037360780065,-556.029428118527
2025-10-03,26866.97376051592,28226.390156013138,-1359.4163954972173
2025-10-04,27867.752320335065,26647.75168745107,1220.0006328839954
2025-10-05,54712.84388988175,54616.17201453675,96.6718753449968
2025-10-06,54719.91529034957,54293.31227846397,426.6030118855997
2025-10-07,56440.35929093415,56142.710762787014,297.6485281471396
2025-10-08,57415.41170975978,56919.95376432981,495.45794542996737
2025-10-09,54354.821347710065,54997.17477464855,-642.3534269384836
2025-10-10,25318.48026038755,27269.8486249438,-1951.3683645562487
2025-10-11,23903.879823095605,24076.335951466506,-172.45612837090084
2025-10-12,72665.6115431338,72559.9333932111,105.67814992269268
2025-10-13,55995.27978245431,55724.51446272178,270.76531973252713
2025-10-14,60092.09345323313,60082.225541448686,9.867911784444004
2025-10-15,61142.2852873595,61112.74639764882,29.538889710674994
2025-10-16,59119.851572976695,59644.87146253114,-525.0198895544454
2025-10-17,26479.998081647474,27983.598452867966,-1503.600371220491
2025-10-18,27132.890112506248,25781.91417792841,1350.9759345778366
2025-10-19,75626.12934367119,75157.87338827147,468.25595539971255
2025-10-20,62139.66993511072,62092.751532628026,46.918402482697275
2025-10-21,62523.56614348273,62495.51656887201,28.04957461071899
2025-10-22,64025.70587965612,63910.47883596202,115.22704369409621
2025-10-23,64100.258025704716,64504.62145630931,-404.3634306045933
2025-10-24,25850.573451525997,26652.654577693276,-802.0811261672789
2025-10-25,26802.69003497479,25841.103533329915,961.5865016448734
2025-10-26,72215.63642190806,72136.60215839074,79.03426351731468
2025-10-27,61608.907956286246,61552.96863920586,55.93931708038872
2025-10-28,61788.64665042234,61769.15310689634,19.49354352600494
2025-10-29,62868.490606358406,62857.93704818235,10.553558176055958
2025-10-30,62315.47113897379,62579.78698421747,-264.31584524367645
2025-10-31,28359.41229859877,29524.935049616462,-1165.522751017692
2025-11-01,26411.691663475256,24954.12578625768,1457.5658772175775
2025-11-02,78667.98027667376,78497.50716366255,170.473113011205
2025-11-03,65812.06967267656,65757.70069079782,54.36898187873885
2025-11-04,62309.14906909391,62307.18836384437,1.9607052495412063
2025-11-05,67722.41449333055,67700.80252753862,21.61196579193347
2025-11-06,68630.031207293,68852.55014730932,-222.51894001632172
2025-11-07,25076.75184342015,25613.208202433092,-536.4563590129437
2025-11-08,27528.340125139577,26800.619080018958,727.7210451206192
2025-11-09,76525.34980540343,76430.69498335692,94.6548220465047
2025-11-10,67868.75165349338,67826.94204475352,41.80960873985896
2025-11-11,65114.07985718333,65098.051425265185,16.028431918144634
2025-11-12,64434.741363041336,64425.791472409386,8.949890631949529
2025-11-13,65776.85768222084,65151.652227327104,625.2054548937376
2025-11-14,28654.467977546406,29154.39060563078,-499.92262808437226
2025-11-15,26753.952682172767,26478.290460052,275.66222212076536
2025-11-16,80914.9982237239,80840.65498946908,74.34323425481853
2025-11-17,66133.22514786755,66053.48549119924,79.7396566683019
2025-11-18,69808.07340105221,69792.2661918983,15.807209153907024
2025-11-19,66612.37463182968,66590.80158551701,21.57304631266743
2025-11-20,69645.67471834616,69124.64911721874,521.0256011274178
2025-11-21,29091.08949951116,29069.57282444241,21.516675068749464
2025-11-22,27582.205316460604,27405.68659203958,176.51872442102467
2025-11-23,80665.1601844912,80562.2117365359,102.94844795529207
2025-11-24,67736.03739338128,67693.45752237746,42.57987100382161
2025-11-25,67206.23158872357,67169.37042768854,36.861161035034456
2025-11-26,66555.26485473331,66539.35230110395,15.912553629357717
2025-11-27,64360.10991789825,64355.81496211328,4.294955784964259
2025-11-28,29082.333939001066,28820.72777432879,261.6061646722774
2025-11-29,30758.409657884626,30665.83283469578,92.5768231888469
2025-11-30,84766.04612673383,84663.95116625515,102.09496047867287
2025-12-01,93614.54423060562,93534.48393312164,80.06029748398578
2025-12-02,89711.68549709833,89707.42665576446,4.258841333867167
2025-12-03,86430.23150613064,86411.48399877279,18.747507357853465
2025-12-04,91906.58017628727,91608.20347865552,298.37669763175654
2025-12-05,37443.61147017051,37103.2978909732,340.3135791973109
2025-12-06,38964.7530551259,38656.32561102474,308.42744410115847
2025-12-07,109436.76605728274,109336.46240381067,100.30365347207407
2025-12-08,74689.76698723635,74591.1331229151,98.63386432125117
2025-12-09,77235.85072676252,77230.1216948787,5.729031883820426
2025-12-10,78007.76751983524,78003.15804002006,4.609479815175291
2025-12-11,72877.81663662003,72866.69805911783,11.118577502202243
2025-12-12,37229.729158448856,37218.11333930573,11.6158191431241
2025-12-13,36727.32740559826,36396.7070452467,330.6203603515605
2025-12-14,96213.96865679405,96076.82956285335,137.13909394069924
2025-12-15,76903.72272053409,76837.4257934434,66.29692709069059
2025-12-16,75444.30366084476,75403.37186410671,40.93179673804843
2025-12-17,77780.60813384895,77771.72682820985,8.881305639093625
2025-12-18,75761.15565379367,75744.53548262431,16.62017116935749
2025-12-19,37325.657258532956,37293.1711809366,32.486077596353425
2025-12-20,34627.06053831395,34310.79797273919,316.26256557476154
2025-12-21,97922.73971565752,97802.47357615744,120.26613950007595
2025-12-22,77704.97353677831,77639.14546140993,65.82807536837936
2025-12-23,74678.89785388025,74670.26042946514,8.637424415108399
2025-12-24,73664.76141501984,73644.76122370841,20.000191311424715
2025-12-25,79985.38503442596,79964.5272575338,20.857776892153197
2025-12-26,35947.17968605224,35926.2954104237,20.88427562853758
2025-12-27,34251.34119965489,33855.56721417341,395.77398548147903
2025-12-28,93790.72471291904,93671.9332819769,118.79143094213214
2025-12-29,74400.22961459625,74351.61024954038,48.61936505587073
2025-12-30,77573.7166768445,77540.74973090258,32.96694594192377
2025-12-31,77453.11295787043,77452.93416177781,0.17879609261581209
