date,max_real_balance_residual_kwh,max_real_state_residual_kwh,max_plan_state_residual_kwh,max_scenario_balance_residual_kwh,real_E_min_kwh,real_E_max_kwh,plan_E_min_kwh,plan_E_max_kwh,plan_terminal_gap_kwh,simultaneous_plan_periods,emergency_charge_exec_periods,emergency_charge_scenario_periods,emergency_surplus_scenario_periods,max_charge_exec_kwh,max_discharge_exec_kwh
2025-02-01,1.1368683772161603e-13,9.094947017729282e-13,1.5347723092418164e-12,3.979039320256561e-13,2878.9351689015043,10800.0,1200.0,10800.0,0.0,0,0,0,0,833.3333333333333,552.0416666666666
2025-02-02,0.0,9.094947017729282e-13,2.0463630789890885e-12,4.547473508864641e-13,2096.4116296296297,10800.0,1200.0,10800.0,0.0,0,0,0,0,833.3333333333333,769.6522535525422
2025-02-03,0.0,9.094947017729282e-13,8.435563358943909e-10,1.7905676941154525e-11,1828.0298132396372,10800.0,1199.9999999999998,10800.0,0.0,0,0,0,0,833.3333333333333,738.1149999999999
2025-02-04,0.0,9.094947017729282e-13,1.9326762412674725e-12,4.547473508864641e-13,2633.4341343103474,10800.0,1200.0,10800.0,0.0,0,0,0,0,833.3333333333333,749.4092794084954
2025-02-05,0.0,8.242295734817162e-13,2.6147972675971687e-12,4.547473508864641e-13,1594.5372531682906,10800.0,1200.0,10800.0,0.0,0,0,0,0,833.3333333333333,829.9639045217126
2025-02-06,2.2737367544323206e-13,9.094947017729282e-13,2.7284841053187847e-12,4.547473508864641e-13,1818.6667304184562,10800.0,1200.0,10800.0,0.0,0,0,0,0,833.3333333333333,833.3333333333333
2025-02-07,0.0,9.094947017729282e-13,2.0463630789890885e-10,1.8580006854651286e-10,2864.6211682760845,10800.0,1200.0,10800.0,0.0,0,0,0,0,833.3333333333333,536.0374499999999
2025-02-08,0.0,9.094947017729282e-13,2.9558577807620168e-12,3.979039320256561e-13,3214.4118148148136,10800.0,1200.0,10800.000000000015,0.0,0,0,0,0,833.3333333333333,512.9949999999999
2025-02-09,2.2737367544323206e-13,9.094947017729282e-13,1.8189894035458565e-12,3.979039320256561e-13,1200.0,10769.46036850346,1200.0,10800.0,0.0,0,0,0,0,833.3333333333333,833.3333333333333
2025-02-10,0.0,9.094947017729282e-13,2.3874235921539366e-12,4.547473508864641e-13,1494.7666484326232,10800.0,1200.0,10800.0,0.0,0,0,0,0,833.3333333333333,814.0466971107861
2025-02-11,0.0,9.094947017729282e-13,1.8189894035458565e-12,4.547473508864641e-13,1426.1132574966855,10800.0,1200.0,10800.000000000002,0.0,0,0,0,0,833.3333333333333,805.6232179450617
2025-02-12,1.1368683772161603e-13,7.958078640513122e-13,1.8189894035458565e-12,4.831690603168681e-13,1535.4187453716816,10800.0,1200.0,10800.0,0.0,0,0,0,0,833.3333333333333,755.4174146316775
2025-02-13,1.1368683772161603e-13,8.526512829121202e-13,1.5916157281026244e-12,3.694822225952521e-13,1470.5691433943246,10800.0,1200.0,10800.0,0.0,0,0,0,0,833.3333333333333,787.3150829927783
2025-02-14,0.0,9.094947017729282e-13,2.2737367544323206e-12,4.547473508864641e-13,2788.3402039740276,10800.0,1200.0,10800.0,0.0,0,0,0,0,833.3333333333333,535.67875
2025-02-15,0.0,9.094947017729282e-13,1.8189894035458565e-12,3.979039320256561e-13,2126.4108786860374,10800.0,1200.0,10800.0,0.0,0,0,0,0,833.3333333333333,539.7783511043438
2025-02-16,2.2737367544323206e-13,9.094947017729282e-13,9.094947017729282e-13,4.547473508864641e-13,1983.224843230049,10800.0,1200.0,10800.000000000002,0.0,0,0,0,0,833.3333333333333,751.7468999999999
2025-02-17,1.1368683772161603e-13,9.094947017729282e-13,1.8189894035458565e-12,5.400124791776761e-13,1432.879858460764,10800.0,1200.0,10800.0,0.0,0,0,0,0,833.3333333333333,833.3333333333333
2025-02-18,2.2737367544323206e-13,9.094947017729282e-13,1.8189894035458565e-12,4.547473508864641e-13,1383.8124229511388,10800.0,1200.0,10800.0,0.0,0,0,0,0,833.3333333333333,821.9695284036162
2025-02-19,2.2737367544323206e-13,9.094947017729282e-13,1.4301804185379297e-10,3.979039320256561e-13,1382.3078376414583,10800.0,1200.0,10800.000000000002,0.0,0,0,0,0,833.3333333333333,833.3333333333333
2025-02-20,1.1368683772161603e-13,9.094947017729282e-13,3.296918293926865e-12,5.684341886080801e-13,1543.8473856724004,10800.0,1200.0,10800.0,0.0,0,0,0,0,833.3333333333333,833.3333333333333
2025-02-21,0.0,9.094947017729282e-13,2.0179413695586845e-12,2.8421709430404007e-13,2872.6299748408255,10800.0,1200.0,10800.0,0.0,0,0,0,0,833.3333333333333,505.1966666666666
2025-02-22,0.0,9.094947017729282e-13,1.5916157281026244e-12,3.979039320256561e-13,2510.485868717942,10800.0,1200.0,10800.0,0.0,0,0,0,0,833.3333333333333,530.305
2025-02-23,0.0,9.094947017729282e-13,1.8189894035458565e-12,3.979039320256561e-13,1960.6090235077918,10800.0,1200.0,10800.0,0.0,0,0,0,0,833.3333333333333,747.8178666666665
2025-02-24,1.1368683772161603e-13,9.094947017729282e-13,2.1600499167107046e-12,4.263256414560601e-13,1589.7765328513387,10800.0,1200.0,10800.000000000002,0.0,0,0,0,0,833.3333333333333,822.0928248465023
2025-02-25,2.2737367544323206e-13,9.094947017729282e-13,5.038600647822022e-10,5.684341886080801e-13,1580.0037279880712,10800.0,1200.0,10800.000000000002,0.0,0,0,0,0,833.3333333333333,833.3333333333333
2025-02-26,0.0,8.775202786637237e-13,1.6200374375330284e-12,5.400124791776761e-13,1506.017814915393,10800.0,1200.0,10800.0,0.0,0,0,0,0,833.3333333333333,812.133460420687
2025-02-27,2.2737367544323206e-13,9.094947017729282e-13,2.8990143619012088e-12,2.8421709430404007e-13,1500.387894831086,10800.0,1200.0,10800.0,0.0,0,0,0,0,833.3333333333333,825.5195763563707
2025-02-28,0.0,7.389644451905042e-13,1.8189894035458565e-12,3.3330498018611856e-13,2712.9987618829746,10800.0,1200.0,10800.0,0.0,0,0,0,0,833.3333333333333,520.9738
2025-03-01,0.0,8.526512829121202e-13,1.8189894035458565e-11,2.034994395216927e-11,2527.5950404729783,10800.0,1200.0,10800.0,0.0,0,0,0,0,833.3333333333333,478.9468333333333
2025-03-02,0.0,9.094947017729282e-13,1.5489831639570184e-12,3.694822225952521e-13,1573.9547931185627,10800.0,1200.0,10800.0,0.0,0,0,0,0,833.3333333333333,771.068070006613
2025-03-03,0.0,9.094947017729282e-13,1.5063505998114124e-12,1.2505552149377763e-12,1516.9782357815438,10800.0,1200.0,10800.0,0.0,0,0,0,0,833.3333333333333,787.0061507669128
2025-03-04,0.0,9.094947017729282e-13,1.5347723092418164e-12,4.547473508864641e-13,1441.4628093549068,10800.0,1200.0,10800.0,0.0,0,0,0,0,833.3333333333333,818.6249943723444
2025-03-05,2.2737367544323206e-13,9.094947017729282e-13,1.8189894035458565e-12,4.547473508864641e-13,1372.462660475217,10800.0,1199.9999999999998,10800.0,0.0,0,0,0,0,833.3333333333333,833.3333333333333
2025-03-06,2.2737367544323206e-13,8.881784197001252e-13,3.255763618907755e-11,4.547473508864641e-13,1773.275922697744,10800.0,1200.0,10800.0,0.0,0,0,0,0,833.3333333333333,772.0238326703345
2025-03-07,0.0,9.094947017729282e-13,4.149569576838985e-12,3.3661962106634746e-13,2534.172974190696,10800.0,1200.0,10800.0,0.0,0,0,0,0,833.3333333333333,456.53116666666665
2025-03-08,0.0,7.958078640513122e-13,1.5347723092418164e-12,3.410605131648481e-13,2133.7268417223627,10800.0,1200.0,10800.0,0.0,0,0,0,0,833.3333333333333,470.80355
2025-03-09,2.2737367544323206e-13,7.958078640513122e-13,1.8189894035458565e-12,4.547473508864641e-13,1314.5411059342237,10800.0,1200.0,10800.0,0.0,0,0,0,0,833.3333333333333,763.9772220748077
2025-03-10,0.0,9.094947017729282e-13,2.2168933355715126e-12,4.263256414560601e-13,1578.62812054151,10800.0,1200.0,10800.0,0.0,0,0,0,0,833.3333333333333,808.7733258520329
2025-03-11,2.2737367544323206e-13,9.094947017729282e-13,2.0463630789890885e-12,3.979039320256561e-13,1458.5879539140706,10800.0,1200.0,10800.0,0.0,0,0,0,0,833.3333333333333,788.2315166666667
2025-03-12,0.0,9.094947017729282e-13,1.3073986337985843e-12,5.684341886080801e-13,1521.7071656598139,10800.0,1200.0,10800.0,0.0,0,0,0,0,833.3333333333333,795.64
2025-03-13,0.0,9.094947017729282e-13,1.0231815394945443e-12,4.547473508864641e-13,1460.3675978773908,10800.0,1200.0,10800.0,0.0,0,0,0,0,833.3333333333333,794.1357198610388
2025-03-14,0.0,9.094947017729282e-13,1.9326762412674725e-12,2.8421709430404007e-13,2643.4915473622655,10800.0,1200.0,10800.000000000002,0.0,0,0,0,0,833.3333333333333,496.715
2025-03-15,0.0,8.526512829121202e-13,2.2168933355715126e-12,4.547473508864641e-13,1931.618948334863,10800.0,1200.0,10800.000000000002,0.0,0,0,0,0,833.3333333333333,487.4266666666666
2025-03-16,1.1368683772161603e-13,8.384404281969182e-13,1.5916157281026244e-12,3.979039320256561e-13,1432.87180146307,10800.0,1200.0,10800.0,0.0,0,0,0,0,833.3333333333333,751.4841751847681
2025-03-17,2.2737367544323206e-13,5.684341886080801e-13,2.9558577807620168e-12,4.547473508864641e-13,1472.3903472345805,10800.0,1200.0,10800.0,0.0,0,0,0,0,833.3333333333333,792.12985
2025-03-18,2.2737367544323206e-13,9.094947017729282e-13,2.1600499167107046e-12,5.684341886080801e-13,1620.8910505315266,10800.0,1200.0,10800.0,0.0,0,0,0,0,833.3333333333333,801.5304166666665
2025-03-19,2.2737367544323206e-13,9.094947017729282e-13,1.8189894035458565e-12,4.547473508864641e-13,1510.2222170262357,10800.0,1199.9999999999998,10800.000000000002,0.0,0,0,0,0,833.3333333333333,806.1999411167351
2025-03-20,0.0,9.094947017729282e-13,1.3642420526593924e-12,3.979039320256561e-13,1491.1828150662782,10800.0,1199.9999999999875,10800.0,0.0,0,0,0,0,833.3333333333333,827.0149999999999
2025-03-21,5.684341886080802e-14,9.094947017729282e-13,4.4565240386873484e-11,5.684341886080801e-13,2338.7927449004446,10800.0,1200.0,10800.0,0.0,0,0,0,0,833.3333333333333,494.82499999999993
2025-03-22,0.0,8.526512829121202e-13,2.6858515411731787e-12,3.979039320256561e-13,2610.359184550535,10800.0,1200.0,10800.0,0.0,0,0,0,0,833.3333333333333,468.04194999999993
2025-03-23,2.2737367544323206e-13,9.094947017729282e-13,1.8189894035458565e-12,5.684341886080801e-13,1205.454183342355,10800.0,1200.0,10800.0,0.0,0,0,0,0,833.3333333333333,817.5975
2025-03-24,0.0,9.094947017729282e-13,3.637978807091713e-12,3.979039320256561e-13,1644.682838458377,10800.0,1200.0,10800.000000000004,0.0,0,0,0,0,833.3333333333333,805.685
2025-03-25,2.2737367544323206e-13,8.242295734817162e-13,2.0179413695586845e-12,3.410605131648481e-13,1537.4193148784384,10800.0,1200.0,10800.0,0.0,0,0,0,0,833.3333333333333,800.1924999999999
2025-03-26,0.0,9.094947017729282e-13,4.547473508864641e-12,5.684341886080801e-13,1437.5771138994678,10800.0,1199.9999999999998,10800.0,0.0,0,0,0,0,833.3333333333333,787.93375
2025-03-27,1.1368683772161603e-13,9.094947017729282e-13,4.001776687800884e-11,2.8421709430404007e-13,1610.923805246964,10800.0,1200.0,10800.0,0.0,0,0,0,0,833.3333333333333,766.7254166666667
2025-03-28,0.0,6.821210263296962e-13,1.4779288903810084e-12,3.410605131648481e-13,2500.6059730375105,10800.0,1200.0,10800.0,0.0,0,0,0,0,833.3333333333333,483.8733333333333
2025-03-29,1.1368683772161603e-13,9.094947017729282e-13,1.5631940186722204e-12,3.979039320256561e-13,2430.258714243287,10800.0,1200.0,10800.0,0.0,0,0,0,0,833.3333333333333,482.24499999999995
2025-03-30,2.2737367544323206e-13,7.958078640513122e-13,1.8189894035458565e-12,3.979039320256561e-13,1413.8253728685984,10800.0,1200.0,10800.000000000002,0.0,0,0,0,0,833.3333333333333,761.5791333333332
2025-03-31,2.2737367544323206e-13,9.094947017729282e-13,1.9826984498649836e-10,9.733724937177612e-11,1416.1198508340835,10800.0,1200.0,10800.000000000002,0.0,0,0,0,0,833.3333333333333,796.0470833333333
2025-04-01,2.2737367544323206e-13,9.094947017729282e-13,3.7061909097246826e-11,3.694822225952521e-13,1370.4675010852068,10799.638901261416,1200.0,10800.000000000002,0.0,0,0,0,0,833.3333333333333,747.4150000000001
2025-04-02,1.1368683772161603e-13,9.094947017729282e-13,2.3092638912203256e-12,3.979039320256561e-13,1479.4440602760378,10777.82821100519,1200.0,10800.0,0.0,0,0,0,0,833.3333333333333,788.4129166666667
2025-04-03,1.1368683772161603e-13,7.958078640513122e-13,2.5011104298755527e-12,2.0463630789890885e-12,1412.7429438759223,10800.0,1199.9999999999998,10800.0,0.0,0,0,0,0,833.3333333333333,774.6343157181248
2025-04-04,5.684341886080802e-14,9.094947017729282e-13,2.9558577807620168e-12,2.2737367544323206e-13,2458.3615311039384,10800.0,1199.999999999997,10800.000000000002,0.0,0,0,0,0,833.3333333333333,503.50333333333333
2025-04-05,5.684341886080802e-14,6.252776074688882e-13,1.8189894035458565e-12,4.092726157978177e-12,2175.022618228635,10800.0,1199.9999999999973,10800.0,0.0,0,0,0,0,833.3333333333333,483.91773333333333
2025-04-06,1.1368683772161603e-13,9.094947017729282e-13,1.4551915228366852e-11,5.684341886080801e-13,1285.1273507087833,10800.0,1200.0,10800.000000000011,0.0,0,0,0,0,833.3333333333333,739.665
2025-04-07,0.0,9.094947017729282e-13,2.0463630789890885e-12,4.547473508864641e-13,1480.088521567122,10800.0,1200.0,10800.0,0.0,0,0,0,0,833.3333333333333,733.4268145648922
2025-04-08,2.2737367544323206e-13,9.094947017729282e-13,9.094947017729282e-13,2.2737367544323206e-13,1500.890013415799,10800.0,1200.0,10800.0,0.0,0,0,0,0,833.3333333333333,745.3716666666667
2025-04-09,0.0,9.094947017729282e-13,1.3358203432289883e-12,5.684341886080801e-13,1499.8045714963469,10800.0,1200.0,10800.0,0.0,0,0,0,0,833.3333333333333,748.3332325718868
2025-04-10,1.1368683772161603e-13,9.094947017729282e-13,1.7280399333685637e-11,4.547473508864641e-13,1568.3880461959266,10800.0,1199.9999999999986,10800.0,0.0,0,0,0,0,833.3333333333333,754.394666995352
2025-04-11,0.0,9.094947017729282e-13,1.1368683772161603e-12,2.2737367544323206e-13,2508.0889427137736,10800.0,1200.0,10800.0,0.0,0,0,0,0,833.3333333333333,493.1533333333333
2025-04-12,0.0,9.094947017729282e-13,2.8421709430404007e-12,4.547473508864641e-13,2307.241237453934,10800.0,1200.0,10800.0,0.0,0,0,0,0,833.3333333333333,476.1539333333333
2025-04-13,2.2737367544323206e-13,9.094947017729282e-13,2.8990143619012088e-12,4.547473508864641e-13,1385.965981818459,10800.0,1200.0,10800.0,0.0,0,0,0,0,833.3333333333333,723.4964833333333
2025-04-14,1.1368683772161603e-13,7.958078640513122e-13,2.1600499167107046e-12,6.821210263296962e-13,1417.811006729211,10800.0,1200.0,10800.000000000004,0.0,0,0,0,0,833.3333333333333,745.8654373034299
2025-04-15,0.0,9.094947017729282e-13,1.673470251262188e-10,4.547473508864641e-13,1529.4000417770353,10800.0,1200.0,10800.000000000002,0.0,0,0,0,0,833.3333333333333,741.5150314331388
2025-04-16,1.1368683772161603e-13,9.094947017729282e-13,2.1600499167107046e-12,4.547473508864641e-13,1605.3514491900664,10800.0,1200.0,10800.0,0.0,0,0,0,0,833.3333333333333,730.5316666666665
2025-04-17,1.1368683772161603e-13,9.094947017729282e-13,2.0179413695586845e-12,3.979039320256561e-13,1389.7455615162928,10800.0,1200.0,10800.0,0.0,0,0,0,0,833.3333333333333,750.8766666666667
2025-04-18,5.684341886080802e-14,9.094947017729282e-13,2.736442183959298e-10,2.6645352591003757e-13,2647.8122336138927,10800.0,1199.999999999999,10800.000000000002,0.0,0,0,0,0,833.3333333333333,475.26
2025-04-19,0.0,9.094947017729282e-13,1.3642420526593924e-12,4.547473508864641e-13,2198.5271481751906,10800.0,1200.0,10800.0,0.0,0,0,0,0,833.3333333333333,475.26865
2025-04-20,1.1368683772161603e-13,9.094947017729282e-13,2.9842794901924208e-12,3.979039320256561e-13,1341.221115638904,10800.0,1200.0,10800.0,0.0,0,0,0,0,833.3333333333333,721.538821907983
2025-04-21,0.0,9.094947017729282e-13,1.3713474800169934e-12,4.547473508864641e-13,1487.1662840664517,10800.0,1200.0,10800.0,0.0,0,0,0,0,833.3333333333333,740.0643833333334
2025-04-22,2.2737367544323206e-13,9.094947017729282e-13,1.8189894035458565e-12,3.410605131648481e-13,1486.3577252801574,10800.0,1200.0,10800.0,0.0,0,0,0,0,833.3333333333333,736.1570333333333
2025-04-23,0.0,9.094947017729282e-13,1.6439116734545678e-10,1.5051426771606202e-10,1590.8742581580702,10800.0,1200.0,10800.000000000002,0.0,0,0,0,0,833.3333333333333,741.819360388046
2025-04-24,0.0,9.094947017729282e-13,2.0463630789890885e-12,2.8421709430404007e-13,1465.2350442484426,10800.0,1200.0,10800.0,0.0,0,0,0,0,833.3333333333333,745.5016666666667
2025-04-25,5.684341886080802e-14,8.526512829121202e-13,9.094947017729282e-13,3.410605131648481e-13,2387.7045989329017,10800.0,1200.0,10800.0,0.0,0,0,0,0,833.3333333333333,490.2083333333333
2025-04-26,5.684341886080802e-14,9.094947017729282e-13,1.8189894035458565e-12,3.979039320256561e-13,1806.4133783898133,10800.0,1200.0,10800.0,0.0,0,0,0,0,833.3333333333333,484.0626179674649
2025-04-27,1.1368683772161603e-13,7.673861546209082e-13,1.8189894035458565e-12,4.547473508864641e-13,1252.4476729769585,10800.0,1200.0,10800.0,0.0,0,0,0,0,833.3333333333333,720.1666666666666
2025-04-28,0.0,9.094947017729282e-13,1.9326762412674725e-12,4.547473508864641e-13,1200.0,10800.0,1200.0,10800.0,0.0,0,0,0,0,833.3333333333333,730.8916666666667
2025-04-29,1.1368683772161603e-13,9.094947017729282e-13,1.5152323840084136e-12,5.115907697472721e-13,1324.4410897368407,10800.0,1200.0,10800.0,0.0,0,0,0,0,833.3333333333333,744.4015166666666
2025-04-30,1.1368683772161603e-13,9.094947017729282e-13,1.9042545318370685e-12,4.547473508864641e-13,1425.3669025973318,10800.0,1200.0,10800.0,0.0,0,0,0,0,833.3333333333333,746.8378333333334
2025-05-01,2.2737367544323206e-13,9.094947017729282e-13,1.8189894035458565e-12,3.410605131648481e-13,1200.0,10800.0,1200.0,10800.0,0.0,0,0,0,0,833.3333333333333,755.1530320479947
2025-05-02,1.1368683772161603e-13,9.094947017729282e-13,2.1600499167107046e-12,3.552713678800501e-13,1580.8082501992596,10800.0,1200.0,10800.0,0.0,0,0,0,0,833.3333333333333,544.9416666666666
2025-05-03,1.1368683772161603e-13,9.094947017729282e-13,1.8189894035458565e-12,5.684341886080801e-13,1535.7141985024846,10800.0,1200.0,10800.0,0.0,0,0,0,0,833.3333333333333,528.9416666666666
2025-05-04,0.0,9.094947017729282e-13,2.2737367544323206e-12,2.8421709430404007e-13,1200.0000000000005,10800.0,1200.0,10800.0,0.0,0,0,0,0,833.3333333333333,763.8047303858993
2025-05-05,0.0,9.094947017729282e-13,2.2737367544323206e-12,3.410605131648481e-13,1267.6596606026583,10800.0,1200.0,10800.0,0.0,0,0,0,0,833.3333333333333,777.090925141436
2025-05-06,0.0,8.952838470577262e-13,2.7000623958883807e-12,5.684341886080801e-13,1342.7518183550774,10800.0,1200.0,10800.0,0.0,0,0,0,0,833.3333333333333,783.5677999999999
2025-05-07,0.0,9.094947017729282e-13,1.2789769243681803e-12,3.979039320256561e-13,1305.1291723884322,10800.0,1199.9999999999998,10800.0,0.0,0,0,0,0,833.3333333333333,812.3016666666667
2025-05-08,0.0,6.821210263296962e-13,1.764097682994036e-12,1.2873426925651169e-12,2041.9828243075162,10800.0,1200.0,10800.0,0.0,0,0,0,0,833.3333333333333,807.8690492750853
2025-05-09,0.0,8.526512829121202e-13,1.8189894035458565e-12,2.2737367544323206e-13,2518.8183485591644,10800.0,1200.0,10800.0,0.0,0,0,0,0,833.3333333333333,560.7918
2025-05-10,0.0,7.389644451905042e-13,3.126388037344441e-12,2.3874235921539366e-12,2416.4995141008967,10800.0,1200.0,10800.0,0.0,0,0,0,0,833.3333333333333,554.0049499999999
2025-05-11,1.1368683772161603e-13,8.668621376273222e-13,1.9326762412674725e-12,5.684341886080801e-13,1521.276522397166,10800.0,1200.0,10800.0,0.0,0,0,0,0,833.3333333333333,833.3333333333333
2025-05-12,1.1368683772161603e-13,9.094947017729282e-13,1.0800249583553523e-11,6.342241182004195e-13,1902.589538328932,10800.0,1200.0,10800.0,0.0,0,0,0,0,833.3333333333333,803.7521358993216
2025-05-13,0.0,9.094947017729282e-13,1.8189894035458565e-12,5.684341886080801e-13,1408.4093343711868,10800.0,1200.0,10800.0,0.0,0,0,0,0,833.3333333333333,813.0359
2025-05-14,2.2737367544323206e-13,9.094947017729282e-13,4.845901457883883e-11,3.979039320256561e-13,1587.8532371293236,10800.0,1200.0,10800.0,0.0,0,0,0,0,833.3333333333333,809.5740999999999
2025-05-15,1.1368683772161603e-13,9.094947017729282e-13,1.4139800441625994e-12,9.379164112033322e-13,1998.1443625629977,10800.0,1200.0,10800.0,0.0,0,0,0,0,833.3333333333333,805.6216666666666
2025-05-16,5.684341886080802e-14,9.094947017729282e-13,1.9326762412674725e-12,1.1368683772161603e-12,2615.725350110296,10800.0,1199.9999999999977,10800.0,0.0,0,0,0,0,833.3333333333333,566.1133333333332
2025-05-17,0.0,8.526512829121202e-13,2.1174173525650986e-12,5.684341886080801e-13,1753.721366128763,10800.0,1200.0,10800.0,0.0,0,0,0,0,833.3333333333333,592.7233490617815
2025-05-18,1.1368683772161603e-13,8.668621376273222e-13,2.5556801119819283e-10,1.5347723092418164e-11,1625.4825205515374,10800.0,1200.0,10800.0,0.0,0,0,0,0,833.3333333333333,833.3333333333333
2025-05-19,0.0,9.094947017729282e-13,1.4779288903810084e-12,5.684341886080801e-13,1478.714930324813,10800.0,1200.0,10800.0,0.0,0,0,0,0,833.3333333333333,804.3447757841748
2025-05-20,0.0,7.105427357601002e-13,1.8474111129762605e-12,3.979039320256561e-13,1603.0183223333495,10800.0,1200.0,10800.0,0.0,0,0,0,0,833.3333333333333,831.5733333333333
2025-05-21,0.0,9.094947017729282e-13,3.055333763768431e-12,4.547473508864641e-13,1750.7432547811031,10800.0,1199.9999999999998,10800.0,0.0,0,0,0,0,833.3333333333333,811.0043333333333
2025-05-22,0.0,9.094947017729282e-13,2.2737367544323206e-12,3.979039320256561e-13,1631.6053522994316,10800.0,1200.0,10800.0,0.0,0,0,0,0,833.3333333333333,796.4948190277212
2025-05-23,0.0,7.958078640513122e-13,9.094947017729282e-13,4.547473508864641e-13,2244.7122704978287,10800.0,1199.9999999999989,10800.0,0.0,0,0,0,0,833.3333333333333,551.3140666666666
2025-05-24,0.0,7.389644451905042e-13,2.7000623958883807e-12,2.4158453015843406e-13,2148.689710617751,10800.0,1200.0,10800.0,0.0,0,0,0,0,833.3333333333333,551.4284333333334
2025-05-25,1.1368683772161603e-13,9.094947017729282e-13,1.8189894035458565e-12,3.410605131648481e-13,1429.1590488454456,10800.0,1200.0,10800.000000000002,0.0,0,0,0,0,833.3333333333333,798.9912333333333
2025-05-26,1.1368683772161603e-13,9.094947017729282e-13,1.9042545318370685e-12,1.4779288903810084e-12,1838.5490255603959,10800.0,1200.0,10800.0,0.0,0,0,0,0,833.3333333333333,824.9333333333334
2025-05-27,0.0,9.094947017729282e-13,8.697043085703626e-11,2.8261837314857985e-12,1386.3168090268878,10800.0,1200.0,10800.0,0.0,0,0,0,0,833.3333333333333,814.7522
2025-05-28,1.1368683772161603e-13,9.094947017729282e-13,9.094947017729282e-13,1.1155520951433573e-12,1607.5818587608053,10800.0,1200.0,10800.000000000002,0.0,0,0,0,0,833.3333333333333,817.9666112955974
2025-05-29,1.1368683772161603e-13,9.094947017729282e-13,1.8189894035458565e-12,4.547473508864641e-13,1597.1740692565509,10800.0,1200.0,10800.0,0.0,0,0,0,0,833.3333333333333,818.6596281534217
2025-05-30,0.0,8.526512829121202e-13,1.0231815394945443e-12,4.547473508864641e-13,2433.9247374168317,10800.0,1199.9999999999995,10800.0,0.0,0,0,0,0,833.3333333333333,532.5197666666666
2025-05-31,0.0,9.094947017729282e-13,3.637978807091713e-12,4.547473508864641e-13,1591.2305921987402,10800.0,1200.0,10800.0,0.0,0,0,0,0,833.3333333333333,550.4839192921329
2025-06-01,2.2737367544323206e-13,7.958078640513122e-13,2.1600499167107046e-12,4.547473508864641e-13,1200.0,10464.70356446793,1200.0,10800.0,0.0,0,0,0,0,833.3333333333333,833.3333333333333
2025-06-02,2.2737367544323206e-13,9.094947017729282e-13,4.357048055680934e-09,3.979039320256561e-13,1200.0,10800.0,1200.0,10800.000000000002,0.0,0,0,0,0,833.3333333333333,833.3333333333333
2025-06-03,2.2737367544323206e-13,7.958078640513122e-13,1.5347723092418164e-12,4.547473508864641e-13,1233.3740219477525,10800.0,1200.0,10800.0,0.0,0,0,0,0,833.3333333333333,833.3333333333333
2025-06-04,2.2737367544323206e-13,9.094947017729282e-13,1.8189894035458565e-12,3.979039320256561e-13,1218.1724425032628,10800.0,1200.0,10800.0,0.0,0,0,0,0,833.3333333333333,833.3333333333333
2025-06-05,1.1368683772161603e-13,8.810729923425242e-13,1.4210854715202004e-12,3.694822225952521e-13,1200.0,10800.0,1200.0,10800.0,0.0,0,0,0,0,833.3333333333333,833.3333333333333
2025-06-06,0.0,9.094947017729282e-13,2.3305801732931286e-12,2.2737367544323206e-13,1654.7842173945978,10800.0,1200.0,10800.0,0.0,0,0,0,0,833.3333333333333,662.1683333333333
2025-06-07,0.0,9.094947017729282e-13,1.8189894035458565e-12,4.547473508864641e-13,2066.5566799684225,10800.0,1200.0,10800.0,0.0,0,0,0,0,833.3333333333333,659.9410833333333
2025-06-08,2.2737367544323206e-13,8.810729923425242e-13,1.646103186341104e-11,4.547473508864641e-13,1435.7583239510557,10800.0,1200.0,10800.000000000002,0.0,0,0,0,0,833.3333333333333,833.3333333333333
2025-06-09,1.1368683772161603e-13,9.094947017729282e-13,3.2741809263825417e-10,4.547473508864641e-13,1570.5538803928123,10800.0,1199.9999999999998,10800.0,0.0,0,0,0,0,833.3333333333333,833.3333333333333
2025-06-10,1.1368683772161603e-13,9.094947017729282e-13,1.8189894035458565e-12,3.979039320256561e-13,1768.3728328677141,10800.0,1200.0,10800.000000000002,0.0,0,0,0,0,833.3333333333333,831.1552144988419
2025-06-11,2.2737367544323206e-13,9.094947017729282e-13,1.1368683772161603e-12,4.263256414560601e-13,2000.5629884884147,10800.0,1200.0,10800.0,0.0,0,0,0,0,833.3333333333333,826.108174979909
2025-06-12,2.2737367544323206e-13,9.094947017729282e-13,1.8189894035458565e-11,4.547473508864641e-13,1817.9537318898406,10800.0,1200.0,10800.0,0.0,0,0,0,0,833.3333333333333,819.8707010605075
2025-06-13,0.0,9.094947017729282e-13,1.8189894035458565e-12,2.2737367544323206e-13,2537.19876832665,10800.0,1199.9999999999998,10800.000000000002,0.0,0,0,0,0,833.3333333333333,637.9376166666666
2025-06-14,0.0,9.094947017729282e-13,1.8189894035458565e-12,3.410605131648481e-13,2561.416888888889,10800.0,1200.0,10800.0,0.0,0,0,0,0,833.3333333333333,655.4149666666666
2025-06-15,2.2737367544323206e-13,8.526512829121202e-13,2.3874235921539366e-12,4.547473508864641e-13,1454.7454282285455,10800.0,1200.0,10800.0,0.0,0,0,0,0,833.3333333333333,833.3333333333333
2025-06-16,0.0,9.094947017729282e-13,1.8189894035458565e-12,4.547473508864641e-13,1876.2760026866913,10800.0,1199.9999999999998,10800.000000000002,0.0,0,0,0,0,833.3333333333333,833.3333333333333
2025-06-17,1.1368683772161603e-13,9.094947017729282e-13,1.8189894035458565e-12,4.547473508864641e-13,1519.8393906066942,10800.0,1200.0,10800.0,0.0,0,0,0,0,833.3333333333333,833.3333333333333
2025-06-18,1.1368683772161603e-13,9.094947017729282e-13,1.9326762412674725e-12,7.176481631177012e-13,1837.9110034797532,10800.0,1200.0,10800.0,0.0,0,0,0,0,833.3333333333333,833.3333333333333
2025-06-19,1.1368683772161603e-13,8.242295734817162e-13,3.456079866737127e-11,3.126388037344441e-13,1544.3480349601086,10800.0,1200.0,10800.0,0.0,0,0,0,0,833.3333333333333,833.3333333333333
2025-06-20,0.0,9.094947017729282e-13,1.6370904631912708e-11,2.8421709430404007e-13,3391.032816719786,10800.0,1199.9999999999998,10800.0,0.0,0,0,0,0,833.3333333333333,636.115
2025-06-21,5.684341886080802e-14,9.094947017729282e-13,2.2737367544323206e-12,4.547473508864641e-13,2801.928378292797,10800.0,1200.0,10800.0,0.0,0,0,0,0,833.3333333333333,667.4907
2025-06-22,2.2737367544323206e-13,7.958078640513122e-13,5.366018740460277e-10,3.979039320256561e-13,1286.622488556059,10800.0,1199.9999999999998,10800.0,0.0,0,0,0,0,833.3333333333333,833.3333333333333
2025-06-23,1.1368683772161603e-13,9.094947017729282e-13,2.511114871595055e-09,5.920486323418572e-12,1549.462858990791,10800.0,1200.0,10800.0,0.0,0,0,0,0,833.3333333333333,833.3333333333333
2025-06-24,2.2737367544323206e-13,4.547473508864641e-13,3.069544618483633e-12,4.4586556668946287e-13,1848.108714629328,10800.0,1200.0,10800.0,0.0,0,0,0,0,833.3333333333333,816.4815388037387
2025-06-25,0.0,9.094947017729282e-13,1.8260948309034575e-12,6.821210263296962e-13,1483.9374897478401,10800.0,1200.0,10800.0,0.0,0,0,0,0,833.3333333333333,833.3333333333333
2025-06-26,1.1368683772161603e-13,9.094947017729282e-13,4.035882739117369e-12,4.547473508864641e-13,1403.1352331499404,10800.0,1200.0,10800.0,0.0,0,0,0,0,833.3333333333333,833.3333333333333
2025-06-27,0.0,9.094947017729282e-13,2.7853275241795927e-12,4.547473508864641e-13,2804.2464444444463,10800.0,1199.9999999999973,10800.000000000002,0.0,0,0,0,0,833.3333333333333,641.4883333333332
2025-06-28,1.1368683772161603e-13,9.094947017729282e-13,1.0231815394945443e-12,3.410605131648481e-13,2267.9935617002716,10800.0,1200.0,10800.0,0.0,0,0,0,0,833.3333333333333,628.0102833333333
2025-06-29,2.2737367544323206e-13,9.094947017729282e-13,3.3651303965598345e-11,3.979039320256561e-13,1293.152195387107,10800.0,1200.0,10800.000000000002,0.0,0,0,0,0,833.3333333333333,833.3333333333333
2025-06-30,1.1368683772161603e-13,9.094947017729282e-13,1.8189894035458565e-12,4.547473508864641e-13,1507.4436344650808,10800.0,1200.0,10800.0,0.0,0,0,0,0,833.3333333333333,833.3333333333333
2025-07-01,2.2737367544323206e-13,9.094947017729282e-13,1.8189894035458565e-12,4.547473508864641e-13,1200.0000000000011,10800.0,1199.9999999999993,10800.0,0.0,0,0,0,0,833.3333333333333,833.3333333333333
2025-07-02,2.2737367544323206e-13,9.094947017729282e-13,2.0725110516650602e-10,4.263256414560601e-13,1274.552241319505,10800.0,1200.0,10800.0,0.0,0,0,0,0,833.3333333333333,833.3333333333333
2025-07-03,1.1368683772161603e-13,9.094947017729282e-13,8.739675649849232e-13,4.547473508864641e-13,1801.476894754953,10800.0,1200.0,10800.0,0.0,0,0,0,0,833.3333333333333,833.3333333333333
2025-07-04,0.0,8.526512829121202e-13,2.637889906509372e-12,2.2737367544323206e-13,1642.3559630311765,10800.0,1200.0,10800.0,0.0,0,0,0,0,833.3333333333333,779.2083333333333
2025-07-05,1.1368683772161603e-13,9.094947017729282e-13,2.0961010704922955e-12,3.979039320256561e-13,1480.102078609494,10800.0,1200.0,10800.0,0.0,0,0,0,0,833.3333333333333,728.0928333333333
2025-07-06,2.2737367544323206e-13,9.094947017729282e-13,1.8189894035458565e-12,4.547473508864641e-13,1200.0,10800.0,1200.0,10800.0,0.0,0,0,0,0,833.3333333333333,833.3333333333333
2025-07-07,0.0,9.094947017729282e-13,1.6484591469634324e-12,4.547473508864641e-13,1345.7686744092732,10800.0,1200.0,10800.0,0.0,0,0,0,0,833.3333333333333,833.3333333333333
2025-07-08,0.0,9.094947017729282e-13,2.3874235921539366e-12,4.547473508864641e-13,1952.1965829631763,10800.0,1200.0,10800.0,0.0,0,0,0,0,833.3333333333333,833.3333333333333
2025-07-09,1.1368683772161603e-13,9.094947017729282e-13,2.4442670110147446e-12,3.979039320256561e-13,2879.832685800561,10800.0,1200.0,10800.0,0.0,0,0,0,0,833.3333333333333,798.9841239348208
2025-07-10,2.2737367544323206e-13,7.673861546209082e-13,2.7284841053187847e-12,9.094947017729282e-13,1476.8413556993683,10800.0,1200.0,10800.0,0.0,0,0,0,0,833.3333333333333,833.3333333333333
2025-07-11,0.0,9.094947017729282e-13,2.0463630789890885e-12,3.410605131648481e-13,2818.493621114567,10800.0,1200.0,10800.0,0.0,0,0,0,0,833.3333333333333,737.0813833333333
2025-07-12,0.0,9.094947017729282e-13,3.808509063674137e-12,4.547473508864641e-13,2447.8029376915592,10800.0,1200.0,10800.0,0.0,0,0,0,0,833.3333333333333,725.16835
2025-07-13,2.2737367544323206e-13,9.094947017729282e-13,1.8189894035458565e-12,4.263256414560601e-13,1428.6425764836752,10800.0,1200.0,10800.0,0.0,0,0,0,0,833.3333333333333,833.3333333333333
2025-07-14,0.0,9.094947017729282e-13,3.8198777474462986e-11,1.2221335055073723e-10,1836.9749320067617,10800.0,1199.9999999999995,10800.0,0.0,0,0,0,0,833.3333333333333,828.7498719562462
2025-07-15,0.0,9.094947017729282e-13,1.5774048733874224e-12,4.547473508864641e-13,1964.5806865068143,10800.0,1200.0,10800.0,0.0,0,0,0,0,833.3333333333333,822.2716283860944
2025-07-16,1.1368683772161603e-13,9.094947017729282e-13,2.3305801732931286e-12,3.979039320256561e-13,1653.78463685914,10800.0,1200.0,10800.00000000002,0.0,0,0,0,0,833.3333333333333,833.3333333333333
2025-07-17,2.2737367544323206e-13,9.094947017729282e-13,1.7905676941154525e-12,3.979039320256561e-13,1621.442959426725,10800.0,1200.0,10800.0,0.0,0,0,0,0,833.3333333333333,833.3333333333333
2025-07-18,1.1368683772161603e-13,9.094947017729282e-13,1.9610979506978765e-12,2.2737367544323206e-13,3530.663319694672,10800.0,1200.0,10800.0,0.0,0,0,0,0,833.3333333333333,725.6455265496883
2025-07-19,5.684341886080802e-14,8.810729923425242e-13,2.3234747459355276e-12,4.547473508864641e-13,2290.1787167166135,10800.0,1200.0,10800.0,0.0,0,0,0,0,833.3333333333333,741.6691333333333
2025-07-20,2.2737367544323206e-13,9.094947017729282e-13,1.5825207810848951e-10,4.547473508864641e-13,1407.930583965693,10800.0,1200.0,10800.0,0.0,0,0,0,0,833.3333333333333,833.3333333333333
2025-07-21,0.0,9.094947017729282e-13,1.8189894035458565e-12,4.547473508864641e-13,1922.8052694701407,10800.0,1200.0,10800.0,0.0,0,0,0,0,833.3333333333333,828.8122663553404
2025-07-22,0.0,9.094947017729282e-13,1.1368683772161603e-12,4.547473508864641e-13,1792.320944716409,10800.0,1200.0,10800.0,0.0,0,0,0,0,833.3333333333333,833.3333333333333
2025-07-23,2.2737367544323206e-13,7.958078640513122e-13,2.3590018827235326e-12,3.979039320256561e-13,1654.7243947782804,10800.0,1199.9999999999998,10800.0,0.0,0,0,0,0,833.3333333333333,833.3333333333333
2025-07-24,1.1368683772161603e-13,9.094947017729282e-13,2.7284841053187847e-12,3.979039320256561e-13,1660.0286045626588,10800.0,1200.0,10800.0,0.0,0,0,0,0,833.3333333333333,833.3333333333333
2025-07-25,0.0,8.526512829121202e-13,1.3460521586239338e-10,3.7481129311345285e-13,2763.6316398448494,10800.0,1199.9999999999995,10800.0,0.0,0,0,0,0,833.3333333333333,714.62075
2025-07-26,0.0,8.668621376273222e-13,7.921698852442205e-10,2.966360490574971e-11,2203.5942777777805,10800.0,1199.9999999991708,10800.0,0.0,0,0,0,0,833.3333333333333,730.4740333333332
2025-07-27,2.2737367544323206e-13,9.094947017729282e-13,3.724721864273306e-09,1.1479972528150029e-10,1200.0,10651.670715676017,1200.0,10800.0,0.0,0,0,0,0,833.3333333333333,833.3333333333333
2025-07-28,2.2737367544323206e-13,9.094947017729282e-13,2.1032064978498966e-12,4.547473508864641e-13,1375.9170126894705,10800.0,1200.0,10800.0,0.0,0,0,0,0,833.3333333333333,833.3333333333333
2025-07-29,0.0,9.094947017729282e-13,2.1032064978498966e-12,4.547473508864641e-13,1639.0320788219628,10800.0,1200.0,10800.000000000002,0.0,0,0,0,0,833.3333333333333,833.3333333333333
2025-07-30,1.1368683772161603e-13,9.094947017729282e-13,2.3874235921539366e-12,3.979039320256561e-13,2151.620036515492,10800.0,1200.0,10800.000000000002,0.0,0,0,0,0,833.3333333333333,788.5725167750943
2025-07-31,2.2737367544323206e-13,7.389644451905042e-13,2.2737367544323206e-12,4.547473508864641e-13,1266.28099232843,10800.0,1200.0,10800.0,0.0,0,0,0,0,833.3333333333333,833.3333333333333
2025-08-01,0.0,9.094947017729282e-13,4.177991286269389e-12,2.8421709430404007e-13,2279.528013440776,10800.0,1199.9999999999995,10800.0,0.0,0,0,0,0,833.3333333333333,725.0833333333333
2025-08-02,5.684341886080802e-14,7.958078640513122e-13,2.9558577807620168e-12,3.979039320256561e-13,2676.190185803088,10800.0,1200.0,10800.000000000002,0.0,0,0,0,0,833.3333333333333,720.14
2025-08-03,1.1368683772161603e-13,9.094947017729282e-13,1.8189894035458565e-12,4.547473508864641e-13,1307.79962800602,10800.0,1200.0,10800.0,0.0,0,0,0,0,833.3333333333333,833.3333333333333
2025-08-04,0.0,7.958078640513122e-13,1.0561507224338129e-10,4.547473508864641e-13,1706.2129538547097,10800.0,1200.0,10800.0,0.0,0,0,0,0,833.3333333333333,833.3333333333333
2025-08-05,0.0,9.094947017729282e-13,1.5205614545266144e-12,4.547473508864641e-13,1672.8553801117662,10800.0,1200.0,10800.0,0.0,0,0,0,0,833.3333333333333,833.3333333333333
2025-08-06,2.2737367544323206e-13,9.094947017729282e-13,1.432454155292362e-11,2.114575181622058e-11,1729.4798689408262,10800.0,1200.0,10800.0,0.0,0,0,0,0,833.3333333333333,833.3333333333333
2025-08-07,0.0,9.094947017729282e-13,1.9610979506978765e-12,5.115907697472721e-13,1518.0238251657752,10800.0,1200.0,10800.000000000002,0.0,0,0,0,0,833.3333333333333,833.3333333333333
2025-08-08,0.0,8.526512829121202e-13,4.001776687800884e-11,1.9895196601282805e-12,2053.2552145674035,10800.0,1200.0,10800.000000000002,0.0,0,0,0,0,833.3333333333333,706.2725166666665
2025-08-09,0.0,9.094947017729282e-13,1.4495071809506044e-12,3.410605131648481e-13,2146.6711036256097,10800.0,1200.0,10800.0,0.0,0,0,0,0,833.3333333333333,700.3216666666665
2025-08-10,2.2737367544323206e-13,9.094947017729282e-13,1.8189894035458565e-12,1.3642420526593924e-12,1465.1338212191115,10800.0,1200.0,10800.0,0.0,0,0,0,0,833.3333333333333,833.3333333333333
2025-08-11,0.0,9.094947017729282e-13,2.5934809855243657e-12,5.115907697472721e-13,1655.5020771686768,10800.0,1200.0,10800.0,0.0,0,0,0,0,833.3333333333333,833.3333333333333
2025-08-12,1.1368683772161603e-13,9.094947017729282e-13,1.5489831639570184e-12,4.547473508864641e-13,2386.340548742057,10800.0,1200.0,10800.0,0.0,0,0,0,0,833.3333333333333,809.7978032164203
2025-08-13,1.1368683772161603e-13,7.958078640513122e-13,1.7337242752546445e-12,5.684341886080801e-13,1592.2060249674644,10800.0,1200.0,10800.0,0.0,0,0,0,0,833.3333333333333,833.3333333333333
2025-08-14,2.2737367544323206e-13,9.094947017729282e-13,2.3305801732931286e-12,3.410605131648481e-13,1200.0,10772.314159994141,1200.0,10800.0,0.0,0,0,0,0,833.3333333333333,833.3333333333333
2025-08-15,0.0,6.821210263296962e-13,4.638422979041934e-11,3.126388037344441e-13,2553.7628278740667,10800.0,1200.0,10800.0,0.0,0,0,0,0,833.3333333333333,707.0260333333333
2025-08-16,5.684341886080802e-14,7.958078640513122e-13,1.4779288903810084e-12,3.410605131648481e-13,1952.354387976235,10800.0,1200.0,10800.0,0.0,0,0,0,0,833.3333333333333,724.9346999999999
2025-08-17,2.2737367544323206e-13,6.821210263296962e-13,3.9028691389830783e-10,5.115907697472721e-13,1319.101746860935,10800.0,1200.0,10800.0,0.0,0,0,0,0,833.3333333333333,833.3333333333333
2025-08-18,2.2737367544323206e-13,4.547473508864641e-13,2.0463630789890885e-12,4.547473508864641e-13,1509.7819048905515,10800.0,1200.0,10800.0,0.0,0,0,0,0,833.3333333333333,833.3333333333333
2025-08-19,0.0,9.094947017729282e-13,7.548806024715304e-11,9.549694368615746e-12,1486.9466704201723,10800.0,1199.9999999999998,10800.0,0.0,0,0,0,0,833.3333333333333,833.3333333333333
2025-08-20,2.2737367544323206e-13,9.094947017729282e-13,4.1509338188916445e-09,3.694822225952521e-13,1200.0,10735.742381344824,1200.0,10800.0,0.0,0,0,0,0,833.3333333333333,833.3333333333333
2025-08-21,0.0,7.958078640513122e-13,1.1368683772161603e-12,3.979039320256561e-13,1547.703209017437,10800.0,1200.0,10800.0,0.0,0,0,0,0,833.3333333333333,833.3333333333333
2025-08-22,5.684341886080802e-14,9.094947017729282e-13,1.1874945471390674e-12,2.8421709430404007e-13,2202.3144831676523,10800.0,1200.0,10800.0,0.0,0,0,0,0,833.3333333333333,751.1733333333333
2025-08-23,0.0,7.958078640513122e-13,4.774847184307873e-12,3.979039320256561e-13,2510.3243196944677,10800.0,1200.0,10800.0,0.0,0,0,0,0,833.3333333333333,698.8283333333334
2025-08-24,2.2737367544323206e-13,9.094947017729282e-13,1.5205614545266144e-12,3.979039320256561e-13,1582.189138872255,10800.0,1200.0,10800.0,0.0,0,0,0,0,833.3333333333333,833.3333333333333
2025-08-25,2.2737367544323206e-13,7.958078640513122e-13,1.5916157281026244e-12,4.547473508864641e-13,1591.5225798038798,10800.0,1199.9999999999998,10800.0,0.0,0,0,0,0,833.3333333333333,833.3333333333333
2025-08-26,2.2737367544323206e-13,9.094947017729282e-13,1.8189894035458565e-12,5.154987547939527e-12,1457.0078001313104,10800.0,1200.0,10800.0,0.0,0,0,0,0,833.3333333333333,833.3333333333333
2025-08-27,1.1368683772161603e-13,6.821210263296962e-13,1.8189894035458565e-12,4.547473508864641e-13,1501.5893644412465,10800.0,1200.0,10800.0,0.0,0,0,0,0,833.3333333333333,833.3333333333333
2025-08-28,0.0,6.821210263296962e-13,2.3874235921539366e-12,1.2846612662542611e-11,1565.3752241659145,10800.0,1200.0,10800.000000000002,0.0,0,0,0,0,833.3333333333333,833.3333333333333
2025-08-29,0.0,7.958078640513122e-13,9.094947017729282e-13,2.646771690706373e-13,2686.203252597353,10800.0,1199.9999999999998,10800.0,0.0,0,0,0,0,833.3333333333333,714.5885377411234
2025-08-30,0.0,7.958078640513122e-13,1.5347723092418164e-12,2.2737367544323206e-13,2059.1068401165817,10800.0,1200.0,10800.0,0.0,0,0,0,0,833.3333333333333,703.5511333333334
2025-08-31,2.2737367544323206e-13,8.597567102697212e-13,2.0747847884194925e-12,4.547473508864641e-13,1229.3455026482682,10800.0,1200.0,10800.0,0.0,0,0,0,0,833.3333333333333,833.3333333333333
2025-09-01,1.1368683772161603e-13,9.094947017729282e-13,2.0747847884194925e-12,1.6537882174816332e-12,2876.742180058075,10800.0,1200.0,10800.0,0.0,0,0,0,0,833.3333333333333,744.1015516889676
2025-09-02,0.0,7.958078640513122e-13,2.1600499167107046e-12,4.547473508864641e-13,2353.6443992859026,10800.0,1200.0,10800.0,0.0,0,0,0,0,833.3333333333333,788.34905968168
2025-09-03,2.2737367544323206e-13,9.094947017729282e-13,1.3073986337985843e-12,4.547473508864641e-13,2215.142705256155,10800.0,1200.0,10800.0,0.0,0,0,0,0,833.3333333333333,792.5766088788044
2025-09-04,1.1368683772161603e-13,9.094947017729282e-13,1.8332002582610585e-12,1.3642420526593924e-12,1859.7198783265117,10800.0,1200.0,10800.000000000002,0.0,0,0,0,0,833.3333333333333,833.3333333333333
2025-09-05,0.0,9.094947017729282e-13,1.8189894035458565e-12,2.2737367544323206e-13,3092.365262959293,10800.0,1200.0,10800.0,0.0,0,0,0,0,833.3333333333333,588.7583333333333
2025-09-06,0.0,8.810729923425242e-13,1.7337242752546445e-12,3.410605131648481e-13,2689.438394738339,10800.0,1200.0,10800.0,0.0,0,0,0,0,833.3333333333333,588.4176
2025-09-07,1.1368683772161603e-13,9.094947017729282e-13,6.539266905747354e-10,4.440892098500626e-12,1546.8621447245337,10800.0,1200.0,10800.0,0.0,0,0,0,0,833.3333333333333,813.1910921294764
2025-09-08,0.0,9.094947017729282e-13,1.8189894035458565e-12,2.8421709430404007e-13,1200.0,10732.99978865339,1200.0,10800.0,0.0,0,0,0,0,833.3333333333333,806.1080166666666
2025-09-09,2.2737367544323206e-13,6.821210263296962e-13,1.4139800441625994e-12,6.252776074688882e-13,1603.5862207388504,10800.0,1200.0,10800.0,0.0,0,0,0,0,833.3333333333333,833.3333333333333
2025-09-10,1.1368683772161603e-13,9.094947017729282e-13,2.3874235921539366e-12,4.547473508864641e-13,1200.0,10795.252994831097,1200.0,10800.0,0.0,0,0,0,0,833.3333333333333,819.7666666666667
2025-09-11,2.2737367544323206e-13,9.094947017729282e-13,1.5916157281026244e-12,3.410605131648481e-13,1583.5651221643134,10800.0,1200.0,10800.0,0.0,0,0,0,0,833.3333333333333,827.1333673043105
2025-09-12,0.0,9.094947017729282e-13,1.0231815394945443e-12,4.547473508864641e-13,2565.2255430965533,10800.0,1199.9999999999998,10800.0,0.0,0,0,0,0,833.3333333333333,583.2223166666666
2025-09-13,0.0,7.958078640513122e-13,8.810729923425242e-13,1.4708234630234074e-12,2177.0873519003026,10800.0,1199.9999999999998,10800.0,0.0,0,0,0,0,833.3333333333333,571.3068333333333
2025-09-14,2.2737367544323206e-13,9.094947017729282e-13,2.0463630789890885e-12,3.410605131648481e-13,1200.0,10794.158700013591,1200.0,10800.0,0.0,0,0,0,0,833.3333333333333,818.4880333333333
2025-09-15,1.1368683772161603e-13,9.094947017729282e-13,1.8189894035458565e-12,1.0231815394945443e-12,1270.1332233741432,10800.0,1200.0,10800.0,0.0,0,0,0,0,833.3333333333333,817.5170833333333
2025-09-16,1.1368683772161603e-13,9.094947017729282e-13,2.4158453015843406e-12,4.547473508864641e-13,1398.0729498823328,10800.0,1200.0,10800.0,0.0,0,0,0,0,833.3333333333333,817.2126166666667
2025-09-17,0.0,9.094947017729282e-13,1.2505552149377763e-12,3.979039320256561e-13,1513.503863475053,10800.0,1200.0,10800.0,0.0,0,0,0,0,833.3333333333333,833.3333333333333
2025-09-18,1.1368683772161603e-13,7.958078640513122e-13,1.0231815394945443e-12,4.547473508864641e-13,1438.4314713138947,10800.0,1200.0,10800.0,0.0,0,0,0,0,833.3333333333333,820.65630987833
2025-09-19,0.0,7.389644451905042e-13,1.0231815394945443e-12,9.094947017729282e-13,2874.7983774358026,10800.0,1200.0,10800.0,0.0,0,0,0,0,833.3333333333333,545.1881666666666
2025-09-20,0.0,8.526512829121202e-13,1.8189894035458565e-12,5.115907697472721e-13,2434.5496312888354,10800.0,1199.999999999996,10800.0,0.0,0,0,0,0,833.3333333333333,572.0883333333334
2025-09-21,1.1368683772161603e-13,9.094947017729282e-13,2.7284841053187847e-12,2.0202839401406436e-11,1213.7178771256836,10800.0,1200.0,10800.0,0.0,0,0,0,0,833.3333333333333,795.7716666666666
2025-09-22,2.2737367544323206e-13,9.094947017729282e-13,1.9326762412674725e-12,4.547473508864641e-13,1470.5004207214556,10800.0,1200.0,10800.0,0.0,0,0,0,0,833.3333333333333,830.6076826568438
2025-09-23,1.1368683772161603e-13,9.094947017729282e-13,1.8189894035458565e-12,4.547473508864641e-13,1507.4109624416108,10800.0,1200.0,10800.0,0.0,0,0,0,0,833.3333333333333,827.1781166666666
2025-09-24,0.0,9.094947017729282e-13,4.3655745685100555e-11,9.094947017729282e-13,1570.2134663941813,10800.0,1199.9999999999998,10800.0,0.0,0,0,0,0,833.3333333333333,809.8714340055092
2025-09-25,0.0,9.094947017729282e-13,1.808331262509455e-12,4.547473508864641e-13,1555.9309500302659,10800.0,1199.9999999999989,10800.0,0.0,0,0,0,0,833.3333333333333,817.285
2025-09-26,0.0,7.958078640513122e-13,9.094947017729282e-13,2.2737367544323206e-13,2809.911083068685,10800.0,1199.9999999999993,10800.0,0.0,0,0,0,0,833.3333333333333,562.1766666666666
2025-09-27,1.1368683772161603e-13,9.094947017729282e-13,2.773958840407431e-11,5.684341886080801e-13,1956.3035045345566,10800.0,1199.9999999999993,10800.0,0.0,0,0,0,0,833.3333333333333,547.3333333333333
2025-09-28,0.0,9.094947017729282e-13,1.8189894035458565e-12,3.979039320256561e-13,1200.0,10779.450144496022,1199.9999999999998,10800.0,0.0,0,0,0,0,833.3333333333333,832.6415344473759
2025-09-29,0.0,9.094947017729282e-13,1.0231815394945443e-12,5.115907697472721e-13,1460.891348965376,10800.0,1200.0,10800.0,0.0,0,0,0,0,833.3333333333333,824.6774514762402
2025-09-30,2.2737367544323206e-13,8.668621376273222e-13,1.5279510989785194e-10,3.5715430612981436e-11,1581.4366975774662,10800.0,1200.0,10800.0,0.0,0,0,0,0,833.3333333333333,833.3333333333333
2025-10-01,0.0,9.094947017729282e-13,1.8189894035458565e-12,4.547473508864641e-13,2288.2348704638252,10800.0,1200.0,10800.0,0.0,0,0,0,0,833.3333333333333,816.4716666666666
2025-10-02,0.0,4.547473508864641e-13,1.4551915228366852e-11,4.547473508864641e-13,2296.889761575064,10800.0,1200.0,10800.0,0.0,0,0,0,0,833.3333333333333,825.2356427627541
2025-10-03,0.0,9.094947017729282e-13,2.0463630789890885e-12,2.1600499167107046e-12,3446.260941065861,10800.0,1200.0,10800.0,0.0,0,0,0,0,833.3333333333333,498.67564999999996
2025-10-04,5.684341886080802e-14,9.094947017729282e-13,2.7284841053187847e-12,4.547473508864641e-13,2629.6643634719976,10800.0,1200.0,10800.0,0.0,0,0,0,0,833.3333333333333,501.82
2025-10-05,1.1368683772161603e-13,9.094947017729282e-13,9.094947017729282e-13,4.547473508864641e-13,1806.9306355430076,10800.0,1200.0,10800.0,0.0,0,0,0,0,833.3333333333333,769.1396583958787
2025-10-06,0.0,9.094947017729282e-13,1.8189894035458565e-12,1.5916157281026244e-12,1861.9991320724855,10800.0,1200.0,10800.0,0.0,0,0,0,0,833.3333333333333,789.2292166666666
2025-10-07,0.0,9.094947017729282e-13,2.6574298317427747e-12,5.684341886080801e-13,2146.46781636424,10800.0,1199.9999999999998,10800.0,0.0,0,0,0,0,833.3333333333333,810.2468
2025-10-08,2.2737367544323206e-13,9.094947017729282e-13,2.7284841053187847e-12,4.547473508864641e-13,1265.0700417402331,10800.0,1199.9999999999998,10800.0,0.0,0,0,0,0,833.3333333333333,811.9084717102097
2025-10-09,0.0,9.094947017729282e-13,1.8189894035458565e-12,3.979039320256561e-13,1316.590467845439,10800.0,1200.0,10800.000000000002,0.0,0,0,0,0,833.3333333333333,820.1652
2025-10-10,0.0,9.094947017729282e-13,1.4779288903810084e-12,4.547473508864641e-13,2697.2678909985157,10800.0,1200.0,10800.0,0.0,0,0,0,0,833.3333333333333,471.35151666666667
2025-10-11,0.0,7.389644451905042e-13,1.8189894035458565e-12,7.673861546209082e-13,2275.2476158954014,10800.0,1200.0,10800.0,0.0,0,0,0,0,833.3333333333333,496.5483333333333
2025-10-12,1.1368683772161603e-13,7.958078640513122e-13,1.5418777365994174e-12,5.684341886080801e-13,1227.5325700597646,10800.0,1199.9999999999982,10800.0,0.0,0,0,0,0,833.3333333333333,805.4455310075837
2025-10-13,0.0,7.389644451905042e-13,2.6147972675971687e-12,4.547473508864641e-13,1331.4743187571617,10800.0,1200.0,10800.0,0.0,0,0,0,0,833.3333333333333,806.2616666666665
2025-10-14,1.1368683772161603e-13,9.094947017729282e-13,2.5138433557003736e-09,2.4028636858020036e-09,1422.5143465626488,10800.0,1200.0,10800.000000000111,0.0,0,0,0,0,833.3333333333333,814.6924166666665
2025-10-15,0.0,6.821210263296962e-13,1.8189894035458565e-12,7.647216193618078e-13,1487.846874493517,10800.0,1200.0,10800.0,0.0,0,0,0,0,833.3333333333333,808.0090833333334
2025-10-16,1.1368683772161603e-13,9.094947017729282e-13,4.547473508864641e-12,1.467270749344607e-11,1330.338105930918,10800.0,1200.0,10800.0,0.0,0,0,0,0,833.3333333333333,814.5196333333333
2025-10-17,0.0,9.094947017729282e-13,1.8189894035458565e-12,3.410605131648481e-13,2729.862044338023,10800.0,1200.0,10800.0,0.0,0,0,0,0,833.3333333333333,486.10231666666664
2025-10-18,0.0,8.526512829121202e-13,7.275957614183426e-12,5.205791353546374e-11,2558.649995424953,10800.0,1200.0,10800.000000000002,0.0,0,0,0,0,833.3333333333333,466.40003333333334
2025-10-19,1.1368683772161603e-13,9.094947017729282e-13,2.3874235921539366e-12,9.663381206337363e-13,1200.0,10800.0,1200.0,10800.000000000002,0.0,0,0,0,0,833.3333333333333,813.1946200227827
2025-10-20,2.2737367544323206e-13,8.242295734817162e-13,1.5916157281026244e-12,3.979039320256561e-13,1332.9973063407,10800.0,1200.0,10800.0,0.0,0,0,0,0,833.3333333333333,807.089360499365
2025-10-21,1.1368683772161603e-13,9.094947017729282e-13,5.669789970852435e-09,5.229594535194337e-12,1860.3749029913424,10800.0,1200.0,10800.000000000002,0.0,0,0,0,0,833.3333333333333,823.8490339376319
2025-10-22,2.2737367544323206e-13,9.094947017729282e-13,8.242295734817162e-13,4.547473508864641e-13,1482.4150715010346,10800.0,1200.0,10800.0,0.0,0,0,0,0,833.3333333333333,824.1296269657603
2025-10-23,2.2737367544323206e-13,7.958078640513122e-13,9.094947017729282e-13,5.684341886080801e-13,1506.0820678844184,10800.0,1200.0,10800.0,0.0,0,0,0,0,833.3333333333333,818.0559833333333
2025-10-24,5.684341886080802e-14,9.094947017729282e-13,1.3926637620897964e-12,2.2737367544323206e-13,2388.356191640286,10800.0,1200.0,10800.0,0.0,0,0,0,0,833.3333333333333,509.03313333333335
2025-10-25,0.0,9.094947017729282e-13,1.1937117960769683e-12,4.547473508864641e-13,2042.8850145114927,10800.0,1200.0,10800.0,0.0,0,0,0,0,833.3333333333333,485.56499999999994
2025-10-26,2.2737367544323206e-13,8.881784197001252e-13,1.0231815394945443e-12,5.400124791776761e-13,1323.2254726171554,10800.0,1200.0,10800.0,0.0,0,0,0,0,833.3333333333333,797.7838396865295
2025-10-27,2.2737367544323206e-13,9.094947017729282e-13,1.8189894035458565e-12,4.547473508864641e-13,1446.77305193552,10800.0,1200.0,10800.0,0.0,0,0,0,0,833.3333333333333,819.1756416671742
2025-10-28,2.2737367544323206e-13,7.958078640513122e-13,1.3642420526593924e-12,6.59383658785373e-11,1368.0253735404394,10800.0,1200.0,10800.0,0.0,0,0,0,0,833.3333333333333,813.1687999999999
2025-10-29,1.1368683772161603e-13,9.094947017729282e-13,1.8189894035458565e-12,5.684341886080801e-13,1382.4953335293303,10800.0,1200.0,10800.0,0.0,0,0,0,0,833.3333333333333,816.23045
2025-10-30,2.2737367544323206e-13,9.094947017729282e-13,1.8189894035458565e-12,5.151434834260726e-13,1529.0920287596246,10800.0,1200.0,10800.0,0.0,0,0,0,0,833.3333333333333,824.6907437747442
2025-10-31,0.0,9.094947017729282e-13,1.7053025658242404e-12,2.6290081223123707e-13,2516.5461920332073,10800.0,1200.0,10800.0,0.0,0,0,0,0,833.3333333333333,487.62166666666667
2025-11-01,0.0,8.526512829121202e-13,1.8189894035458565e-12,5.684341886080801e-13,2493.2094353669218,10800.0,1200.0,10800.0,0.0,0,0,0,0,833.3333333333333,465.2955833333333
2025-11-02,2.2737367544323206e-13,9.094947017729282e-13,1.8189894035458565e-12,6.252776074688882e-13,1245.0354206432835,10800.0,1200.0,10800.0,0.0,0,0,0,0,833.3333333333333,816.4891166666665
2025-11-03,0.0,9.094947017729282e-13,1.8189894035458565e-12,9.094947017729282e-13,1765.3656262891732,10800.0,1200.0,10800.0,0.0,0,0,0,0,833.3333333333333,799.5476670015903
2025-11-04,2.2737367544323206e-13,9.094947017729282e-13,7.275957614183426e-12,4.547473508864641e-13,1288.022060347505,10800.0,1200.0,10800.0,0.0,0,0,0,0,833.3333333333333,833.3333333333333
2025-11-05,1.1368683772161603e-13,9.094947017729282e-13,8.526512829121202e-13,5.115907697472721e-13,1588.251817485791,10800.0,1200.0,10800.000000000004,0.0,0,0,0,0,833.3333333333333,823.3283333333334
2025-11-06,1.1368683772161603e-13,6.821210263296962e-13,1.8189894035458565e-12,2.2595258997171186e-12,1602.8440221940027,10800.0,1200.0,10800.0,0.0,0,0,0,0,833.3333333333333,800.8814626121051
2025-11-07,0.0,9.094947017729282e-13,9.094947017729282e-13,5.115907697472721e-13,2385.015719052763,10800.0,1200.0,10800.0,0.0,0,0,0,0,833.3333333333333,491.60833333333335
2025-11-08,0.0,9.094947017729282e-13,2.660982545421575e-12,3.410605131648481e-13,2068.874221699132,10800.0,1200.0,10800.0,0.0,0,0,0,0,833.3333333333333,481.41166666666663
2025-11-09,0.0,9.094947017729282e-13,1.8189894035458565e-12,3.410605131648481e-13,1575.7643544764226,10800.0,1200.0,10800.000000000002,0.0,0,0,0,0,833.3333333333333,807.0933333333334
2025-11-10,1.1368683772161603e-13,9.094947017729282e-13,1.4779288903810084e-12,4.547473508864641e-13,1459.8420449406258,10800.0,1200.0,10800.0,0.0,0,0,0,0,833.3333333333333,817.6947029673403
2025-11-11,1.1368683772161603e-13,7.958078640513122e-13,1.5631940186722204e-12,3.694822225952521e-13,1672.7464920938692,10800.0,1200.0,10800.0,0.0,0,0,0,0,833.3333333333333,799.3095196398822
2025-11-12,0.0,9.094947017729282e-13,9.094947017729282e-13,1.1937117960769683e-11,1401.5044146454845,10800.0,1200.0,10800.0,0.0,0,0,0,0,833.3333333333333,817.6585166666666
2025-11-13,0.0,7.958078640513122e-13,1.8189894035458565e-11,3.9334757673259446e-11,1258.8370691014798,10800.0,1200.0,10800.0,0.0,0,0,0,0,833.3333333333333,833.3333333333333
2025-11-14,0.0,9.094947017729282e-13,2.1032064978498966e-11,8.901768211444505e-13,2533.991271914936,10800.0,1200.0,10800.0,0.0,0,0,0,0,833.3333333333333,474.0410499999999
2025-11-15,0.0,9.094947017729282e-13,1.6484591469634324e-12,5.684341886080801e-13,2240.834047473577,10800.0,1199.9999999999998,10800.0,0.0,0,0,0,0,833.3333333333333,486.88499999999993
2025-11-16,0.0,9.094947017729282e-13,1.1912186437257333e-07,1.482587137502378e-07,1364.5656524769197,10800.0,1200.0,10800.0,0.0,0,0,0,0,833.3333333333333,819.3285945955123
2025-11-17,2.2737367544323206e-13,7.958078640513122e-13,3.637978807091713e-12,4.433786671143025e-12,1456.389629954435,10800.0,1199.9999999999998,10800.000000000005,0.0,0,0,0,0,833.3333333333333,788.5726500000001
2025-11-18,2.2737367544323206e-13,9.094947017729282e-13,1.9895196601282805e-12,4.547473508864641e-13,1529.8229001455197,10800.0,1200.0,10800.0,0.0,0,0,0,0,833.3333333333333,817.5675666666666
2025-11-19,2.2737367544323206e-13,9.094947017729282e-13,1.8189894035458565e-12,3.979039320256561e-13,1541.42402341893,10800.0,1200.0,10800.0,0.0,0,0,0,0,833.3333333333333,813.1670653533972
2025-11-20,0.0,7.958078640513122e-13,2.1032064978498966e-12,3.979039320256561e-13,1511.1321046246567,10800.0,1200.0,10800.0,0.0,0,0,0,0,833.3333333333333,804.2099702815019
2025-11-21,0.0,9.094947017729282e-13,7.275957614183426e-12,2.7284841053187847e-12,2708.464341427317,10800.0,1200.0,10800.0,0.0,0,0,0,0,833.3333333333333,489.4308333333332
2025-11-22,0.0,8.526512829121202e-13,5.638867150992155e-11,3.7061909097246826e-11,1961.3359846244653,10800.0,1200.0,10800.0,0.0,0,0,0,0,833.3333333333333,537.3437499999999
2025-11-23,2.2737367544323206e-13,9.094947017729282e-13,2.637534635141492e-11,2.4513724383723456e-12,1293.4043024034486,10800.0,1200.0,10800.000000000002,0.0,0,0,0,0,833.3333333333333,805.66
2025-11-24,1.1368683772161603e-13,9.094947017729282e-13,1.7053025658242404e-12,4.263256414560601e-13,1326.000882014654,10800.0,1200.0,10800.0,0.0,0,0,0,0,833.3333333333333,807.1498828692316
2025-11-25,0.0,9.094947017729282e-13,3.637978807091713e-12,1.5916157281026244e-12,1512.3252622494113,10800.0,1200.0,10800.000000000004,0.0,0,0,0,0,833.3333333333333,808.33755
2025-11-26,0.0,9.094947017729282e-13,1.8189894035458565e-12,8.249401162174763e-12,1571.808984503581,10800.0,1200.0,10800.0,0.0,0,0,0,0,833.3333333333333,833.3333333333333
2025-11-27,0.0,9.094947017729282e-13,9.094947017729282e-13,3.410605131648481e-13,1651.8837597542579,10800.0,1200.0,10800.0,0.0,0,0,0,0,833.3333333333333,783.1004166666667
2025-11-28,0.0,9.094947017729282e-13,2.5409008230781183e-11,6.821210263296962e-13,2300.063914275368,10800.0,1200.0,10800.0,0.0,0,0,0,0,833.3333333333333,511.01249999999993
2025-11-29,0.0,9.094947017729282e-13,7.16227077646181e-12,4.547473508864641e-13,2334.912925925928,10800.0,1200.0,10800.0,0.0,0,0,0,0,833.3333333333333,499.8883333333333
2025-11-30,0.0,7.958078640513122e-13,1.0231815394945443e-12,3.694822225952521e-13,1275.28971178909,10800.0,1200.0,10800.0,0.0,0,0,0,0,833.3333333333333,799.4673333532874
2025-12-01,2.2737367544323206e-13,7.958078640513122e-13,1.4551915228366852e-11,2.2737367544323206e-11,1471.8703900847154,10790.104414124218,1200.0,10800.00000000001,0.0,0,0,0,0,833.3333333333333,829.2696530928915
2025-12-02,2.2737367544323206e-13,9.094947017729282e-13,1.8189894035458565e-12,3.694822225952521e-13,1352.6197636720258,10763.712431271242,1200.0,10800.000000000002,0.0,0,0,0,0,833.3333333333333,833.3333333333333
2025-12-03,0.0,9.094947017729282e-13,1.8189894035458565e-12,1.7053025658242404e-12,1729.0357351766233,10800.0,1200.0,10800.0,0.0,0,0,0,0,833.3333333333333,792.9371535097746
2025-12-04,2.2737367544323206e-13,6.821210263296962e-13,1.8189894035458565e-12,3.979039320256561e-13,1280.6576294814506,10800.0,1200.0,10800.0,0.0,0,0,0,0,833.3333333333333,833.3333333333333
2025-12-05,0.0,8.526512829121202e-13,3.456079866737127e-11,2.5579538487363607e-13,2624.8704312770788,10800.0,1200.0,10800.0,0.0,0,0,0,0,833.3333333333333,656.0621499810497
2025-12-06,0.0,9.094947017729282e-13,3.183231456205249e-12,3.410605131648481e-13,1855.088335290071,10800.0,1200.0,10800.0,0.0,0,0,0,0,833.3333333333333,644.2464644211348
2025-12-07,2.2737367544323206e-13,9.094947017729282e-13,1.8189894035458565e-12,6.821210263296962e-13,1264.9616888041855,10800.0,1200.0,10800.000000000002,0.0,0,0,0,0,833.3333333333333,833.3333333333333
2025-12-08,2.2737367544323206e-13,9.094947017729282e-13,5.4569682106375694e-11,4.547473508864641e-13,1418.2638177280123,10800.0,1200.0,10800.0,0.0,0,0,0,0,833.3333333333333,813.8103748754634
2025-12-09,2.2737367544323206e-13,9.094947017729282e-13,1.1368683772161603e-12,3.979039320256561e-13,1392.394259281647,10800.0,1200.0,10800.0,0.0,0,0,0,0,833.3333333333333,833.3333333333333
2025-12-10,0.0,9.094947017729282e-13,1.1368683772161603e-12,3.865352482534945e-12,1534.9321230844052,10800.0,1200.0,10800.0,0.0,0,0,0,0,833.3333333333333,741.6526395126723
2025-12-11,0.0,9.094947017729282e-13,1.8189894035458565e-12,3.979039320256561e-13,1691.3783364459227,10800.0,1200.0,10800.0,0.0,0,0,0,0,833.3333333333333,801.8674368197092
2025-12-12,0.0,9.094947017729282e-13,2.3874235921539366e-12,2.5579538487363607e-13,2658.7591296296305,10800.0,1200.0,10800.0,0.0,0,0,0,0,833.3333333333333,568.6416666666667
2025-12-13,0.0,9.094947017729282e-13,1.6200374375330284e-12,4.547473508864641e-13,2259.701021493801,10800.0,1200.0,10800.0,0.0,0,0,0,0,833.3333333333333,601.4983333333332
2025-12-14,2.2737367544323206e-13,9.094947017729282e-13,1.1937117960769683e-12,4.547473508864641e-13,1366.3263752307623,10800.0,1200.0,10800.0,0.0,0,0,0,0,833.3333333333333,833.3333333333333
2025-12-15,0.0,6.821210263296962e-13,1.5916157281026244e-12,4.547473508864641e-13,1300.7691730765082,10800.0,1199.9999999999993,10800.0,0.0,0,0,0,0,833.3333333333333,829.6937679948007
2025-12-16,0.0,9.094947017729282e-13,1.8189894035458565e-12,4.547473508864641e-13,1461.5696418765365,10800.0,1200.0,10800.000000000002,0.0,0,0,0,0,833.3333333333333,788.4091666666668
2025-12-17,0.0,9.094947017729282e-13,1.4779288903810084e-12,3.694822225952521e-13,1661.0893208984867,10800.0,1200.0,10800.0,0.0,0,0,0,0,833.3333333333333,785.0155123458608
2025-12-18,1.1368683772161603e-13,9.094947017729282e-13,1.8189894035458565e-12,2.7114310796605423e-11,1594.1773189807186,10800.0,1200.0,10800.0,0.0,0,0,0,0,833.3333333333333,810.5679679333024
2025-12-19,0.0,9.094947017729282e-13,1.8189894035458565e-12,3.410605131648481e-13,2740.4903091648675,10800.0,1200.0,10800.0,0.0,0,0,0,0,833.3333333333333,558.3166666666666
2025-12-20,0.0,9.094947017729282e-13,1.8758328224066645e-12,1.8769696907838807e-10,2084.1144422670363,10800.0,1200.0,10800.0,0.0,0,0,0,0,833.3333333333333,619.5816666666666
2025-12-21,1.1368683772161603e-13,9.094947017729282e-13,1.3642420526593924e-12,4.121147867408581e-13,1427.5257598622115,10800.0,1200.0,10800.0,0.0,0,0,0,0,833.3333333333333,810.1840248178031
2025-12-22,1.1368683772161603e-13,9.094947017729282e-13,1.8189894035458565e-12,3.979039320256561e-13,1422.8783535126681,10800.0,1199.9999999999998,10800.0,0.0,0,0,0,0,833.3333333333333,833.3333333333333
2025-12-23,0.0,9.094947017729282e-13,2.355591277591884e-09,4.3431924723336124e-13,1545.364301195893,10800.0,1200.0,10800.0,0.0,0,0,0,0,833.3333333333333,764.0764833333333
2025-12-24,2.2737367544323206e-13,9.094947017729282e-13,9.390532795805484e-11,4.263256414560601e-13,1266.0357018428294,10800.0,1200.0,10800.0,0.0,0,0,0,0,833.3333333333333,833.3333333333333
2025-12-25,2.2737367544323206e-13,9.094947017729282e-13,1.8189894035458565e-12,6.821210263296962e-13,1348.5724335480938,10800.0,1200.0,10800.0,0.0,0,0,0,0,833.3333333333333,820.0168049043018
2025-12-26,0.0,9.094947017729282e-13,1.0231815394945443e-12,3.126388037344441e-13,2867.509555555556,10800.0,1200.0,10800.0,0.0,0,0,0,0,833.3333333333333,576.7301166666666
2025-12-27,0.0,9.094947017729282e-13,1.2505552149377763e-12,3.410605131648481e-13,2235.189696248685,10800.0,1200.0,10800.0,0.0,0,0,0,0,833.3333333333333,531.81
2025-12-28,0.0,8.526512829121202e-13,1.291482476517558e-10,3.979039320256561e-13,1388.8548490040582,10800.0,1200.0,10800.0,0.0,0,0,0,0,833.3333333333333,833.3333333333333
2025-12-29,0.0,9.094947017729282e-13,1.7053025658242404e-12,4.263256414560601e-13,1450.6173509405953,10800.0,1200.0,10800.0,0.0,0,0,0,0,833.3333333333333,763.9054006851
2025-12-30,0.0,9.094947017729282e-13,1.0686562745831907e-11,1.6825651982799172e-10,1594.6411470116764,10800.0,1200.0,10800.0,0.0,0,0,0,0,833.3333333333333,824.9773269735388
2025-12-31,2.2737367544323206e-13,9.094947017729282e-13,1.7053025658242404e-12,3.979039320256561e-13,1441.339139142439,10800.0,1200.0,10800.0,0.0,0,0,0,0,833.3333333333333,833.3333333333333
