date,load_kWh,pv_kWh,positive_net_kWh,surplus_pv_kWh,price_mean,month
2025-01-01,127286.15238333335,35250.98236666666,92035.17001666666,0.0,0.9265215277777776,1
2025-01-02,127657.07848333333,34771.83921666667,92885.23926666666,0.0,0.9266027777777778,1
2025-01-03,81883.55671666666,36378.61535,50979.255849999994,5474.314483333333,0.7386236111111111,1
2025-01-04,81891.73006666666,37126.127700000005,50776.28808333334,6010.685716666667,0.7303166666666667,1
2025-01-05,127674.11883333333,36638.408533333335,91035.71029999999,0.0,0.9252319444444446,1
2025-01-06,126826.69011666668,36194.20901666667,90632.48109999999,0.0,0.9289923611111112,1
2025-01-07,126927.46214999999,34360.561200000004,92566.90095,0.0,0.9234222222222223,1
2025-01-08,126695.94394999999,37169.94263333333,89526.00131666668,0.0,0.917373611111111,1
2025-01-09,127066.61819999998,35975.06208333333,91091.55611666669,0.0,0.9205923611111112,1
2025-01-10,81486.63841666667,35995.9717,50117.26973333334,4626.603016666667,0.7293041666666666,1
2025-01-11,81610.19496666666,36744.30835,50476.303933333336,5610.417316666666,0.7342124999999999,1
2025-01-12,126519.32696666666,35653.438566666664,90865.8884,0.0,0.9254215277777776,1
2025-01-13,126980.35978333333,38706.40281666666,88273.95696666666,0.0,0.9149201388888889,1
2025-01-14,127109.49061666666,37829.177683333335,89280.31293333333,0.0,0.916901388888889,1
2025-01-15,126963.89896666666,36893.556033333334,90070.34293333332,0.0,0.9231027777777778,1
2025-01-16,126807.76418333333,37733.612733333335,89074.15145,0.0,0.9150513888888889,1
2025-01-17,80876.0762,38186.96273333334,48967.433183333334,6278.319716666666,0.7245361111111112,1
2025-01-18,81208.0575,37965.54848333334,49229.72451666667,5987.215499999999,0.722370138888889,1
2025-01-19,126210.84621666667,37527.706750000005,88683.13946666666,0.0,0.9176687500000001,1
2025-01-20,126565.66615,38498.5896,88067.07655,0.0,0.9134951388888888,1
2025-01-21,125750.14588333333,42274.2412,84258.40456666666,782.4998833333333,0.8955743055555554,1
2025-01-22,126679.58855000003,37780.82418333334,88898.76436666667,0.0,0.9191166666666667,1
2025-01-23,126355.43115,36789.505549999994,89565.9256,0.0,0.9220041666666666,1
2025-01-24,80339.53570000001,40510.12255000001,48391.698533333336,8562.285383333334,0.7098805555555556,1
2025-01-25,80632.06428333333,42192.48881666667,48296.865966666664,9857.290500000001,0.7049715277777778,1
2025-01-26,126385.04865000001,38686.05861666667,87698.99003333332,0.0,0.916217361111111,1
2025-01-27,125642.95023333334,41448.033449999995,84393.41106666667,198.4942833333333,0.8984333333333334,1
2025-01-28,126496.61093333333,39516.211566666665,86980.39936666666,0.0,0.9057340277777778,1
2025-01-29,125425.44486666667,44040.243816666676,81515.20405,130.00299999999984,0.8898159722222222,1
2025-01-30,126011.04995,42268.46716666667,83970.14405,227.56126666666646,0.900129861111111,1
2025-01-31,80009.91998333334,41245.596933333334,47079.72001666666,8315.396966666667,0.7113951388888888,1
2025-02-01,76305.20628333333,41927.03034999999,44850.17781666667,10472.001883333332,0.6514930555555556,2
2025-02-02,121705.97265000001,43349.6947,78793.4705,437.19255000000004,0.8363881944444445,2
2025-02-03,122603.76900000001,42386.8525,80297.58298333334,80.66648333333342,0.8447902777777778,2
2025-02-04,121578.09885,40383.2349,81513.9123,319.0483500000002,0.8491895833333333,2
2025-02-05,121991.08443333332,41242.65745,80789.60933333333,41.18235000000004,0.8482541666666665,2
2025-02-06,122252.1627,41981.10548333334,80272.45803333334,1.400816666666742,0.8439645833333334,2
2025-02-07,76168.59693333333,44362.91726666666,44205.0829,12399.403233333336,0.6440388888888888,2
2025-02-08,75746.78751666666,44169.62480000001,43232.71175,11655.549033333335,0.642351388888889,2
2025-02-09,121547.90356666665,41992.4876,79607.84538333333,52.42941666666669,0.8413840277777778,2
2025-02-10,121477.56451666665,47150.926933333336,75778.36535,1451.7277666666669,0.8180638888888889,2
2025-02-11,121441.28161666666,46220.68448333334,76202.93678333334,982.3396500000003,0.8284923611111111,2
2025-02-12,121363.85288333333,46097.116749999994,76631.57463333332,1364.8385,0.8264243055555556,2
2025-02-13,121310.28371666667,49980.8047,73521.42235000001,2191.9433333333336,0.8147909722222221,2
2025-02-14,75872.63795,46070.83613333333,42609.102133333334,12807.300316666666,0.6311,2
2025-02-15,76054.55225,46774.46115000001,42635.89363333333,13355.802533333333,0.6378472222222222,2
2025-02-16,121276.97728333333,45899.59818333333,75948.42713333333,571.0480333333331,0.8303222222222222,2
2025-02-17,120960.37281666666,49776.50965,73082.76455,1898.9013833333331,0.8173527777777777,2
2025-02-18,121331.27123333333,49239.88345,73288.42195,1197.0341666666664,0.8145215277777778,2
2025-02-19,121866.79411666666,48987.46673333333,75154.35691666667,2275.029533333333,0.8164298611111112,2
2025-02-20,121105.25703333334,50112.1233,72792.92208333334,1799.7883499999998,0.8168069444444445,2
2025-02-21,75802.00203333332,50241.74,41472.251033333334,15911.989000000001,0.62085,2
2025-02-22,75682.24226666667,47837.47938333333,41634.6347,13789.871816666668,0.6352840277777778,2
2025-02-23,121142.14093333331,49610.287249999994,72896.99576666667,1365.1420833333336,0.8153784722222223,2
2025-02-24,120628.98855000001,52425.95493333333,71333.93281666667,3130.8992000000003,0.8082493055555555,2
2025-02-25,121093.33288333332,55272.00965,70550.58276666667,4729.259533333334,0.7940965277777778,2
2025-02-26,121060.73411666666,52245.886083333324,71523.06521666667,2708.2171833333337,0.8055381944444444,2
2025-02-27,120599.48893333333,53642.90473333334,71643.15313333333,4686.568933333335,0.7979118055555556,2
2025-02-28,75385.10794999999,52092.51440000001,40462.45056666667,17169.85701666667,0.6166784722222222,2
2025-03-01,72244.16015,48585.39421666666,39313.385266666664,15654.619333333334,0.6142222222222222,3
2025-03-02,117860.41708333335,45502.110016666666,72595.20049999999,236.89343333333318,0.8122930555555556,3
2025-03-03,117958.74559999998,45941.59896666667,73189.57896666667,1172.4323333333332,0.81185,3
2025-03-04,118139.02498333335,48939.56704999999,70914.67113333334,1715.2132000000001,0.8006277777777778,3
2025-03-05,118073.44383333332,51942.971816666664,68767.90856666667,2637.4365500000004,0.7945006944444444,3
2025-03-06,117673.59855,51732.94441666667,68907.43651666667,2966.782383333333,0.7918569444444444,3
2025-03-07,71680.36145000001,50758.07591666666,38142.223999999995,17219.938466666666,0.6085013888888889,3
2025-03-08,72344.71158333334,53281.572066666675,38475.91366666667,19412.77415,0.5972631944444444,3
2025-03-09,117692.9865,54359.46145,67661.33005,4327.805,0.7838090277777777,3
2025-03-10,117943.06436666667,49900.99291666667,68972.2149,930.14345,0.802451388888889,3
2025-03-11,117499.55295,53560.63415,67540.96113333333,3602.0423333333333,0.7893930555555556,3
2025-03-12,118112.23683333334,55676.70215,67323.01068333333,4887.476,0.7801680555555556,3
2025-03-13,118237.27704999999,50691.65903333333,68272.85921666666,727.2411999999999,0.7996374999999999,3
2025-03-14,72108.86895,56079.44296666668,37424.63611666667,21395.21013333333,0.5913868055555556,3
2025-03-15,72724.98178333334,51800.85663333334,38207.63546666667,17283.510316666667,0.6047722222222222,3
2025-03-16,117983.21598333334,54632.169050000004,66922.08571666667,3571.0387833333334,0.784895138888889,3
2025-03-17,117693.62180000001,59835.49036666667,64277.59396666667,6419.462533333334,0.7601756944444445,3
2025-03-18,117253.42358333334,56127.46521666667,66005.03358333332,4879.075216666667,0.7760166666666666,3
2025-03-19,117281.558,57816.08755,65489.434733333335,6023.964283333332,0.7718381944444445,3
2025-03-20,117648.38173333334,55439.41991666667,66119.8385,3910.8766833333334,0.7786381944444444,3
2025-03-21,72593.53221666667,60560.06770000001,36968.94995,24935.485433333335,0.5702902777777777,3
2025-03-22,71936.92953333333,56055.729799999994,36745.1311,20863.931366666668,0.5873881944444445,3
2025-03-23,117739.97726666667,58970.25715,64423.697049999995,5653.976933333332,0.7671784722222222,3
2025-03-24,117425.17061666667,59426.67353333333,64983.40586666667,6984.908783333333,0.7674861111111111,3
2025-03-25,118053.16781666667,57103.04310000001,65738.09268333334,4787.967966666666,0.7712756944444445,3
2025-03-26,117704.62780000002,62112.07293333332,63767.07139999999,8174.516533333334,0.7566111111111112,3
2025-03-27,117952.59836666666,59235.60896666666,64449.9248,5732.935400000001,0.7664159722222222,3
2025-03-28,71891.76726666668,61069.8865,36217.220916666665,25395.340150000004,0.5747680555555555,3
2025-03-29,72118.27746666667,64411.06828333333,36391.040733333335,28683.831550000003,0.5630868055555556,3
2025-03-30,117994.70585000001,62649.086149999996,63156.19126666667,7810.571566666668,0.7520270833333333,3
2025-03-31,117075.66561666667,60124.27613333333,62629.74600000001,5678.356516666667,0.7607041666666667,3
2025-04-01,117967.14630000001,57758.29478333334,63278.99666666667,3070.1451500000003,0.7731090277777778,4
2025-04-02,117986.62945000001,57551.29405,64232.82499999999,3797.4896000000003,0.772320138888889,4
2025-04-03,117884.4561,62020.925833333335,63767.760083333334,7904.229816666666,0.7644638888888888,4
2025-04-04,71735.75181666667,65304.94956666667,35225.74093333333,28794.93868333333,0.5595027777777778,4
2025-04-05,72602.74256666667,60558.62758333333,35634.943316666664,23590.828333333327,0.5755284722222221,4
2025-04-06,117205.43058333332,62795.354316666664,62308.395683333336,7898.319416666665,0.7556868055555556,4
2025-04-07,117015.14203333335,63772.422750000005,61239.47338333334,7996.754100000001,0.7517159722222222,4
2025-04-08,117713.29026666666,63360.09665,63275.16041666667,8921.9668,0.7519159722222222,4
2025-04-09,117677.52253333334,58543.21151666667,63209.33521666667,4075.0242,0.7662708333333333,4
2025-04-10,117668.70068333333,63208.062783333335,62629.06575,8168.42785,0.7580270833333334,4
2025-04-11,72091.99675,66775.34658333333,34977.685566666674,29661.035400000004,0.5514784722222222,4
2025-04-12,71957.17576666667,62932.015216666674,34387.49596666666,25362.33541666667,0.5638673611111111,4
2025-04-13,117283.0622,63006.70371666667,61213.74331666667,6937.3848333333335,0.7562548611111111,4
2025-04-14,117901.37268333333,65373.34088333333,60261.84811666667,7733.816316666667,0.7465972222222221,4
2025-04-15,117056.90516666666,66917.47633333334,59767.99498333334,9628.566149999999,0.738532638888889,4
2025-04-16,117924.88506666668,62145.29311666667,61259.50155000001,5479.9096,0.7623541666666667,4
2025-04-17,117487.04263333335,64618.70028333333,60428.6936,7560.35125,0.7477673611111111,4
2025-04-18,71490.16935,65136.05216666667,33809.68675,27455.56956666667,0.5594201388888889,4
2025-04-19,71905.41535000001,65120.7361,33756.508383333334,26971.829133333333,0.5579763888888889,4
2025-04-20,117197.81635000002,65240.07146666667,60224.369333333336,8266.624450000001,0.7454388888888889,4
2025-04-21,118481.63788333333,69964.7275,59067.6362,10550.725816666667,0.7339520833333333,4
2025-04-22,117811.00101666669,65658.0717,59612.31510000001,7459.385783333334,0.7509583333333334,4
2025-04-23,118030.51476666667,66630.59805000002,58967.73508333333,7567.818366666666,0.7479125,4
2025-04-24,117497.77966666665,70407.67296666668,58038.56606666667,10948.459366666668,0.7361847222222223,4
2025-04-25,71763.32119999999,69762.96355,32989.68418333334,30989.32653333333,0.5406916666666667,4
2025-04-26,72100.92436666666,72030.73073333333,33485.732866666665,33415.53923333334,0.5378048611111111,4
2025-04-27,117032.52253333332,68459.05135000001,59589.03588333334,11015.5647,0.7337826388888888,4
2025-04-28,117537.30080000001,60915.33348333333,60437.560399999995,3815.5930833333337,0.7660520833333333,4
2025-04-29,117252.75871666666,69819.545,58240.49951666667,10807.2858,0.7303826388888888,4
2025-04-30,117682.88071666665,69426.02628333333,57032.848366666665,8775.993933333333,0.7294423611111112,4
2025-05-01,120364.58391666667,69353.20511666666,62268.91393333334,11257.535133333333,0.7473263888888889,5
2025-05-02,74761.02673333335,60470.70665000001,36812.2361,22521.916016666666,0.5869513888888889,5
2025-05-03,74894.84928333333,66027.67763333333,35954.40625,27087.234600000007,0.5698243055555555,5
2025-05-04,120670.08423333334,68935.4169,60023.49866666666,8288.831333333334,0.7461284722222222,5
2025-05-05,120612.16386666667,65536.15706666667,62605.940383333334,7529.933583333334,0.7604611111111113,5
2025-05-06,121017.1901,68147.10773333334,62619.3534,9749.271033333333,0.7532361111111112,5
2025-05-07,121160.21501666667,66092.36906666667,63256.459566666665,8188.6136166666665,0.7587291666666667,5
2025-05-08,120445.47738333333,64618.96498333333,61436.52783333333,5610.015433333333,0.7616590277777777,5
2025-05-09,74253.82545,65754.4396,35550.55773333333,27051.171883333333,0.5667381944444444,5
2025-05-10,74647.98705,62526.94176666666,35635.61063333334,23514.56535,0.5753076388888889,5
2025-05-11,120743.09041666666,65259.01133333333,61357.396400000005,5873.3173166666675,0.7607819444444445,5
2025-05-12,120448.60361666667,68517.40838333334,59196.45891666666,7265.263683333334,0.7517881944444444,5
2025-05-13,120269.63160000001,67140.41883333334,60032.25418333333,6903.041416666667,0.7564458333333334,5
2025-05-14,120592.00526666669,67577.85648333334,60100.38998333333,7086.241200000001,0.747551388888889,5
2025-05-15,119598.30981666666,66833.25153333333,60761.21736666667,7996.159083333333,0.7527770833333334,5
2025-05-16,74681.34475,71965.83821666667,34564.5663,31849.05976666667,0.5453854166666666,5
2025-05-17,75274.53043333335,64825.731349999995,35508.19875,25059.399666666664,0.5734159722222222,5
2025-05-18,120687.03700000001,67010.8689,60069.27995,6393.11185,0.75068125,5
2025-05-19,120072.38798333332,72557.17143333334,58731.65725,11216.4407,0.7317597222222223,5
2025-05-20,120437.57771666668,65910.1829,59974.841283333335,5447.446466666665,0.7565819444444445,5
2025-05-21,120283.05128333333,68920.436,59960.26363333334,8597.64835,0.7458243055555555,5
2025-05-22,119729.68001666667,68913.0492,59131.75305,8315.122233333333,0.7461930555555555,5
2025-05-23,74983.38438333334,68562.43549999999,34474.98308333333,28054.034200000006,0.5569743055555555,5
2025-05-24,74693.81781666668,70939.31643333334,34373.462583333334,30618.9612,0.553204861111111,5
2025-05-25,120319.8776,71774.86741666666,58581.407483333336,10036.397299999999,0.7379618055555556,5
2025-05-26,119407.96936666667,64828.13641666667,59881.76523333334,5301.932283333333,0.7524722222222222,5
2025-05-27,120046.82734999999,70656.46005,58423.55568333333,9033.188383333334,0.7429215277777778,5
2025-05-28,119921.84721666668,67648.02311666666,59615.69503333333,7341.8709333333345,0.7512673611111111,5
2025-05-29,120439.31426666665,66329.19076666667,60704.46505,6594.34155,0.7595125,5
2025-05-30,74612.22448333334,68015.99121666668,34628.71036666667,28032.4771,0.5609930555555556,5
2025-05-31,74778.33258333334,66389.15103333333,34655.005750000004,26265.824200000003,0.5663548611111112,5
2025-06-01,128248.56003333333,57023.733733333334,71783.85753333334,559.0312333333333,0.8191805555555556,6
2025-06-02,128080.53698333334,59439.72953333333,72574.25300000001,3933.44555,0.8099458333333333,6
2025-06-03,128076.84056666668,59884.473733333325,71309.91296666667,3117.5461333333333,0.806282638888889,6
2025-06-04,128539.84358333335,58894.58276666667,71016.93364999999,1371.6728333333333,0.8136590277777778,6
2025-06-05,128455.92066666666,57306.60264999999,73034.46285,1885.144833333333,0.8220694444444444,6
2025-06-06,82747.415,51892.4196,43688.081399999995,12833.086000000001,0.6492826388888889,6
2025-06-07,83156.75975000001,52030.24658333333,42513.6582,11387.145033333334,0.6502881944444445,6
2025-06-08,128266.94665,63082.02338333334,68798.46563333333,3613.542366666666,0.7970791666666668,6
2025-06-09,128169.18798333335,57236.475249999996,72898.13276666666,1965.420033333333,0.81925625,6
2025-06-10,127414.49178333332,55796.047549999996,72991.72328333334,1373.2790499999999,0.8168180555555556,6
2025-06-11,128236.67731666665,52152.231,77108.2415,1023.7951833333331,0.8316965277777778,6
2025-06-12,127721.81298333332,55269.42155,73573.8846,1121.4931666666669,0.8219833333333333,6
2025-06-13,81889.5904,53544.27670000001,42078.504883333335,13733.191183333334,0.6400291666666666,6
2025-06-14,82253.15711666667,56059.814366666666,42171.847416666664,15978.504666666668,0.6368673611111111,6
2025-06-15,127368.88451666669,56741.910183333326,71341.95015,714.9758166666669,0.8178270833333333,6
2025-06-16,127618.63201666666,54924.5792,73880.85633333333,1186.8035166666666,0.8232416666666666,6
2025-06-17,127311.7546,52674.74338333334,75038.94765,401.9364333333333,0.8286263888888888,6
2025-06-18,126909.07891666668,55980.688016666674,71316.05611666666,387.66521666666677,0.82005,6
2025-06-19,127349.06689999999,59089.5627,71107.39088333333,2847.886683333334,0.8079104166666666,6
2025-06-20,81137.07971666666,58736.49886666667,40371.6677,17971.086850000003,0.6213069444444445,6
2025-06-21,81408.0648,62073.324400000005,40294.026450000005,20959.286050000002,0.6095256944444445,6
2025-06-22,126539.46191666667,59082.12081666667,69328.11858333333,1870.7774833333333,0.8074916666666668,6
2025-06-23,126690.87308333332,59629.587083333325,70408.85521666666,3347.569216666667,0.8048722222222222,6
2025-06-24,127112.84501666667,50844.05276666667,76438.0751,169.2828499999999,0.8405347222222221,6
2025-06-25,126310.40843333333,55872.987066666676,71238.16965000001,800.7482833333337,0.8163465277777777,6
2025-06-26,126697.44536666665,59150.061533333326,69907.7716,2360.3877666666663,0.8059743055555556,6
2025-06-27,79563.255,59791.60913333334,39671.321899999995,19899.676033333333,0.6051201388888889,6
2025-06-28,80661.57280000001,58884.64668333333,40203.927350000005,18427.001233333332,0.6229888888888888,6
2025-06-29,126384.80871666667,57117.04018333333,70513.8637,1246.095166666667,0.8118270833333334,6
2025-06-30,125947.32058333333,56069.636600000005,71110.56381666666,1232.8798333333332,0.8101881944444445,6
2025-07-01,141546.85106666666,62680.30703333332,80294.3796,1427.8355666666669,0.8907618055555555,7
2025-07-02,141198.65821666666,68293.89185,76775.89256666666,3871.1262000000006,0.8753215277777778,7
2025-07-03,141565.53863333332,61805.1197,81179.88468333334,1419.46575,0.9014361111111112,7
2025-07-04,95795.06575,66914.19828333333,49308.52366666667,20427.6562,0.6903083333333333,7
2025-07-05,95872.83489999997,67082.75493333333,49820.43659999999,21030.356633333333,0.68431875,7
2025-07-06,141244.57465,61450.5931,82083.70813333332,2289.7265833333336,0.8986708333333334,7
2025-07-07,141495.39414999998,68085.91138333334,76766.88905,3357.4062833333332,0.8773902777777778,7
2025-07-08,141285.22699999998,65713.83998333332,80694.59885,5123.211833333334,0.8836034722222222,7
2025-07-09,140590.70496666667,66531.97995000001,77753.26461666667,3694.5396,0.8791770833333333,7
2025-07-10,140463.54224999997,67609.91886666666,78148.55506666667,5294.931683333333,0.8775076388888888,7
2025-07-11,94741.08840000001,62222.31125,49467.08228333333,16948.30513333333,0.7069465277777778,7
2025-07-12,95318.37109999999,64234.12776666667,49767.1575,18682.914166666666,0.6942819444444444,7
2025-07-13,139893.36648333332,70625.64608333334,76623.76595,7356.04555,0.8542875,7
2025-07-14,141062.4234666667,69254.74425,76145.37486666667,4337.69565,0.8722152777777779,7
2025-07-15,139545.16266666667,66796.11208333333,75795.90461666667,3046.8540333333344,0.8721083333333334,7
2025-07-16,140365.26538333335,68230.70199999999,76881.3465,4746.783116666667,0.8758020833333333,7
2025-07-17,139569.15928333334,66848.74321666667,78184.85710000001,5464.441033333333,0.8748208333333334,7
2025-07-18,93698.0732,62423.825099999995,48192.44993333333,16918.201833333336,0.6942027777777777,7
2025-07-19,94564.5224,67381.70335000001,48853.698066666664,21670.879016666666,0.6802993055555555,7
2025-07-20,138750.53876666666,66660.56055,75708.25031666666,3618.2721,0.8676124999999999,7
2025-07-21,138442.81980000003,64453.07045,77551.18291666667,3561.4335666666666,0.8791791666666667,7
2025-07-22,139514.85881666667,65719.7142,77131.44821666666,3336.3035999999997,0.8751333333333333,7
2025-07-23,139450.03365,65233.48653333334,78489.76571666666,4273.218599999999,0.8755840277777778,7
2025-07-24,138902.21751666666,65285.74551666667,77244.59883333334,3628.1268333333337,0.8774458333333334,7
2025-07-25,92354.83968333334,65849.52011666667,47724.33483333333,21219.01526666667,0.67696875,7
2025-07-26,93187.68993333333,64718.598366666665,48174.37768333333,19705.286116666666,0.6880090277777778,7
2025-07-27,138110.19628333332,64425.00648333333,78473.11241666667,4787.922616666667,0.87713125,7
2025-07-28,138228.99843333333,60274.121199999994,79139.17681666666,1184.2995833333337,0.8862368055555556,7
2025-07-29,138314.74511666666,62245.49916666667,77369.4341,1300.1881500000002,0.8846277777777778,7
2025-07-30,138424.36443333334,64321.11038333334,78112.97475000001,4009.7207,0.8796965277777778,7
2025-07-31,137423.31371666666,62728.31745,77728.41961666667,3033.4233500000005,0.8814312499999999,7
2025-08-01,92719.42409999999,71468.06443333333,47030.71046666667,25779.3508,0.6663972222222222,8
2025-08-02,91562.24421666667,70635.21928333334,46717.61266666666,25790.587733333334,0.6621874999999999,8
2025-08-03,138062.48614999998,75223.00616666667,72984.17445,10144.694466666666,0.83336875,8
2025-08-04,138312.10695000002,72896.45186666667,73595.64668333333,8179.9915999999985,0.8447847222222222,8
2025-08-05,136458.49728333333,71306.18754999999,73103.0122,7950.702466666667,0.8445958333333334,8
2025-08-06,136716.0878,68601.68853333333,75122.61121666667,7008.21195,0.8577486111111111,8
2025-08-07,136850.75446666667,73462.76921666667,73620.06345,10232.078199999998,0.8411048611111112,8
2025-08-08,90703.21611666668,74928.04486666666,46340.631333333324,30565.460083333328,0.6379520833333333,8
2025-08-09,90303.83175,71381.90275000001,46709.42038333334,27787.49138333333,0.6529750000000001,8
2025-08-10,136535.44471666668,71230.82566666666,72633.95871666668,7329.339666666667,0.8486909722222223,8
2025-08-11,136422.2635166667,71861.01018333333,73727.19203333333,9165.9387,0.8396298611111112,8
2025-08-12,136637.5967,68877.05305,74024.67726666667,6264.133616666666,0.8573708333333333,8
2025-08-13,136547.99718333333,70427.01773333333,72301.00966666666,6180.030216666666,0.8531652777777778,8
2025-08-14,135936.05536666667,70009.76438333334,74261.59485,8335.303866666665,0.8501201388888889,8
2025-08-15,89968.05776666668,72808.33088333333,46882.975849999995,29723.248966666666,0.6512152777777778,8
2025-08-16,90183.53035,73254.24998333333,46733.093466666665,29803.8131,0.6473409722222221,8
2025-08-17,135369.1165,72203.72288333334,73155.96861666667,9990.574999999999,0.8399,8
2025-08-18,135710.17471666666,71316.0591,73634.20205,9240.086433333334,0.8475611111111111,8
2025-08-19,135364.48288333334,71046.82283333334,73040.2341,8722.57405,0.8429152777777777,8
2025-08-20,135048.05366666664,64397.3626,75815.91528333334,5165.2242166666665,0.866348611111111,8
2025-08-21,134971.79890000002,69127.38041666667,72411.42293333334,6567.00445,0.8472069444444443,8
2025-08-22,90531.7304,69301.16100000001,47708.84375,26478.274350000003,0.6604708333333333,8
2025-08-23,89697.14623333335,67167.14008333335,47049.408983333335,24519.40283333333,0.6591965277777778,8
2025-08-24,135068.0714,71334.48191666667,74663.79548333334,10930.206,0.8410215277777777,8
2025-08-25,134511.61375000002,63738.52673333334,75740.08533333334,4966.998316666667,0.8601569444444443,8
2025-08-26,134368.96393333332,68840.14555,74007.82576666666,8479.007383333334,0.8444180555555555,8
2025-08-27,133788.3821,65874.23323333333,75526.76941666666,7612.620550000001,0.8533875,8
2025-08-28,134543.81656666668,63776.02158333333,74880.89586666667,4113.1008833333335,0.863504861111111,8
2025-08-29,88328.33255,65773.11219999999,47596.403816666665,25041.183466666665,0.6645076388888889,8
2025-08-30,89025.08758333333,70512.36774999999,47482.19013333333,28969.470299999997,0.6546625,8
2025-08-31,133365.35983333332,66718.73675,73840.56133333333,7193.938249999999,0.846538888888889,8
2025-09-01,121263.61926666666,67689.48473333333,62315.89771666667,8741.763183333334,0.7517326388888889,9
2025-09-02,121532.82415,67475.0683,63883.95788333332,9826.202033333333,0.7539930555555555,9
2025-09-03,121433.71643333335,65885.99918333333,64367.63158333333,8819.914333333332,0.7609944444444445,9
2025-09-04,121061.17303333334,67135.60748333333,64796.140349999994,10870.5748,0.7569979166666667,9
2025-09-05,75132.98044999999,68308.71878333333,38006.96445,31182.70278333333,0.5586402777777777,9
2025-09-06,75826.37416666666,68105.29046666667,38415.467800000006,30694.3841,0.5657111111111112,9
2025-09-07,120781.00903333334,65820.02541666666,63456.20859999999,8495.224983333334,0.7593138888888888,9
2025-09-08,121400.59243333334,62005.0229,66008.27321666667,6612.703683333333,0.7735236111111111,9
2025-09-09,121082.23558333334,67979.40131666667,65065.644649999995,11962.810383333332,0.7518833333333333,9
2025-09-10,121274.78848333335,59958.78983333332,66996.85206666666,5680.853416666668,0.7818236111111112,9
2025-09-11,120746.77835,67250.69256666668,65031.3261,11535.240316666665,0.7530638888888889,9
2025-09-12,75687.22711666666,64135.57091666667,39290.65116666667,27738.994966666665,0.5750854166666666,9
2025-09-13,75063.58311666666,67056.48163333333,39228.59725,31221.495766666663,0.5665159722222222,9
2025-09-14,121237.69566666665,61138.370916666674,66457.37356666666,6358.048816666666,0.7759062499999999,9
2025-09-15,120760.02988333335,65692.99925,66492.90795000001,11425.877316666667,0.761726388888889,9
2025-09-16,121843.35746666667,62351.58748333333,66949.99543333333,7458.225450000001,0.7779465277777776,9
2025-09-17,120924.795,60964.6766,66996.25155,7036.133149999999,0.778054861111111,9
2025-09-18,120804.11636666667,61848.06525000001,66753.47768333333,7797.426566666666,0.7698256944444445,9
2025-09-19,75287.12646666665,59185.77414999999,39692.7738,23591.421483333335,0.5932520833333333,9
2025-09-20,75330.72763333333,59685.29390000001,39862.6611,24217.22736666667,0.5874611111111112,9
2025-09-21,120862.28298333334,62574.7955,65447.7218,7160.234316666668,0.7738493055555556,9
2025-09-22,121218.04173333333,60604.02185,67792.02398333333,7178.004100000001,0.7821659722222223,9
2025-09-23,121182.28133333335,59065.66574999999,68594.91105,6478.2954666666665,0.7817520833333333,9
2025-09-24,121014.19341666666,59950.968316666665,68132.78738333333,7069.562283333333,0.7761097222222222,9
2025-09-25,120546.34715,60210.89825,67927.03196666668,7591.583066666666,0.7776076388888888,9
2025-09-26,74194.35371666668,56500.110216666675,39350.18343333333,21655.939933333335,0.5928138888888889,9
2025-09-27,75945.77175,58144.4695,41168.36466666667,23367.062416666668,0.5996840277777777,9
2025-09-28,120389.61958333333,56901.99041666667,68584.17951666667,5096.55035,0.7893881944444444,9
2025-09-29,121111.41479999998,58351.523199999996,68989.65473333333,6229.763133333334,0.7877583333333333,9
2025-09-30,120916.45506666666,55494.280300000006,70865.78916666667,5443.6143999999995,0.7938243055555556,9
2025-10-01,117218.45471666666,67556.93318333334,62992.1256,13330.604066666667,0.7381555555555556,10
2025-10-02,117231.70978333334,65500.926666666666,63020.88366666667,11290.100550000001,0.7419722222222223,10
2025-10-03,71524.19113333333,63707.03743333334,36517.01085,28699.857149999996,0.5579645833333333,10
2025-10-04,72397.41483333333,59301.4324,38001.11571666667,24905.13328333333,0.5858305555555555,10
2025-10-05,117604.42089999998,62868.459833333334,64415.481016666665,9679.51995,0.752561111111111,10
2025-10-06,117896.13613333332,60163.02688333333,65456.0298,7722.92055,0.7684895833333333,10
2025-10-07,117357.17863333331,59585.615633333335,65689.18089999999,7917.6179,0.7657534722222222,10
2025-10-08,117391.06235000001,60912.56668333334,64942.01413333334,8463.518466666666,0.7606854166666666,10
2025-10-09,117432.98973333335,61673.008050000004,65581.37106666666,9821.389383333335,0.7578034722222222,10
2025-10-10,72371.53011666668,63027.919200000004,38334.00893333333,28990.39801666667,0.5595319444444445,10
2025-10-11,71790.96475,57684.65116666667,38358.93883333333,24252.62525,0.5845513888888889,10
2025-10-12,117709.38418333333,59194.4282,65679.1568,7164.200816666667,0.76634375,10
2025-10-13,117677.75383333334,60650.358533333325,65973.83906666667,8946.443766666665,0.764651388888889,10
2025-10-14,118032.22918333334,57258.3999,68004.41751666667,7230.588233333335,0.7730666666666666,10
2025-10-15,117342.48076666666,55422.457116666665,67222.8306,5302.80695,0.7760555555555556,10
2025-10-16,117733.27633333334,54766.80338333334,69379.53595,6413.063000000001,0.7822208333333331,10
2025-10-17,71943.17253333333,55938.973216666665,38542.99136666666,22538.79205,0.58880625,10
2025-10-18,71656.70145000001,55580.10818333334,38804.589166666665,22727.995899999998,0.5830680555555555,10
2025-10-19,117991.24738333334,54105.524849999994,69920.68156666667,6034.959033333333,0.7893604166666667,10
2025-10-20,117903.31864999999,53462.53628333334,69502.70515,5061.9227833333325,0.7871270833333333,10
2025-10-21,117800.84898333333,51338.26763333334,69751.18228333333,3288.600933333333,0.79530625,10
2025-10-22,117671.98653333333,52117.08983333333,70269.22625,4714.3295499999995,0.7929506944444444,10
2025-10-23,117212.01551666665,53832.51848333334,69159.37555,5779.878516666667,0.7813361111111112,10
2025-10-24,72135.51853333334,53715.46781666666,40017.41795,21597.36723333333,0.5963583333333333,10
2025-10-25,72042.787,52644.35426666667,39595.94248333333,20197.50975,0.5985090277777778,10
2025-10-26,117422.34435000001,52878.032333333336,69173.80648333333,4629.494466666666,0.7873305555555555,10
2025-10-27,117790.56431666667,54237.98265,70531.46800000001,6978.886333333333,0.7828958333333333,10
2025-10-28,117514.1448,51541.7231,70532.98495,4560.56325,0.7930666666666668,10
2025-10-29,117721.61451666667,48409.35771666667,71974.31910000001,2662.0623,0.8069569444444444,10
2025-10-30,116916.07056666666,52128.25291666667,70245.7216,5457.90395,0.7919604166666666,10
2025-10-31,71748.98903333333,47844.69696666667,40450.52553333333,16546.23346666667,0.6177326388888889,10
2025-11-01,71974.20948333332,49430.171050000004,40293.52953333333,17749.4911,0.6046034722222222,11
2025-11-02,117843.23631666666,49046.85238333334,72229.32363333333,3432.9397000000004,0.8022444444444444,11
2025-11-03,117808.91503333335,48303.98475,71713.48978333334,2208.5595000000003,0.8054708333333334,11
2025-11-04,117396.61073333333,49816.5387,71653.78745,4073.7154166666674,0.7975826388888889,11
2025-11-05,117764.40761666668,48086.38755000001,72775.54613333334,3097.526066666667,0.8089555555555555,11
2025-11-06,117713.09413333335,46343.50958333333,73309.5227,1939.9381500000006,0.8150673611111112,11
2025-11-07,72212.37866666667,48893.916883333346,41237.32223333333,17918.860450000004,0.6155340277777778,11
2025-11-08,72034.86681666666,48243.65971666667,40561.78883333333,16770.581733333336,0.6173409722222222,11
2025-11-09,117877.67016666666,46530.85298333332,73837.96445,2491.147266666667,0.8103173611111111,11
2025-11-10,118420.10276666668,44561.65966666667,74991.64793333334,1133.2048333333335,0.8189729166666666,11
2025-11-11,117957.86745000002,46398.84778333333,74131.41225,2572.3925833333337,0.8138590277777777,11
2025-11-12,117416.71383333334,46460.726083333335,73931.49851666666,2975.5107666666668,0.8123951388888888,11
2025-11-13,117780.10726666666,45384.23595,73866.95758333332,1471.0862666666665,0.8185361111111111,11
2025-11-14,71737.8931,44139.43779999999,41445.73386666667,13847.278566666666,0.6290784722222222,11
2025-11-15,72466.97681666668,44255.0899,41887.592450000004,13675.705533333334,0.6287680555555555,11
2025-11-16,118360.27023333334,43925.72585000001,76223.72015000001,1789.1757666666665,0.8205798611111111,11
2025-11-17,117269.71065000001,44573.956316666656,74681.84706666665,1986.0927333333339,0.815854861111111,11
2025-11-18,117783.68650000001,42893.134666666665,75478.3253,587.7734666666664,0.8219124999999999,11
2025-11-19,118179.70134999999,42811.38975,76772.89356666668,1404.5819666666666,0.8290138888888889,11
2025-11-20,117846.45723333333,43053.3812,75808.48121666668,1015.4051833333334,0.8211791666666666,11
2025-11-21,71999.17709999999,43134.793033333335,42312.27291666666,13447.888849999998,0.6326340277777778,11
2025-11-22,72549.91013333334,42330.080649999996,42804.866416666664,12585.036933333335,0.636675,11
2025-11-23,117782.6922,42550.595916666665,76947.85211666668,1715.755833333333,0.8264944444444444,11
2025-11-24,117975.68781666667,43813.74411666667,75898.33721666667,1736.393516666667,0.8210506944444445,11
2025-11-25,117682.39221666666,41513.73175,77002.42851666667,833.7680500000002,0.8241243055555556,11
2025-11-26,117686.43673333334,40928.769850000004,77135.76621666667,378.0993333333333,0.8299340277777778,11
2025-11-27,117198.14165,41417.248916666664,76682.73811666667,901.8453833333332,0.8285638888888889,11
2025-11-28,72239.02128333332,41317.78273333333,42813.36308333333,11892.124533333334,0.6340243055555557,11
2025-11-29,72156.19988333333,37226.74978333333,43145.465599999996,8216.0155,0.6504381944444445,11
2025-11-30,118008.83443333332,37764.006316666666,80255.53603333334,10.707916666666582,0.8395993055555555,11
2025-12-01,125291.39163333333,38992.4639,86340.35501666667,41.427283333333285,0.9076055555555556,12
2025-12-02,125400.62359999999,36762.81365,88637.80995000001,0.0,0.9153138888888888,12
2025-12-03,124622.93113333332,37460.18256666666,87162.74856666668,0.0,0.9120326388888889,12
2025-12-04,125336.25095,38565.0422,86809.95815,38.7494,0.9050854166666666,12
2025-12-05,78868.07108333333,37556.4434,48339.95076666667,7028.323083333334,0.7171770833333333,12
2025-12-06,79470.82114999999,35806.19033333333,49096.53905,5431.908233333334,0.7271965277777777,12
2025-12-07,125067.46291666666,37414.78166666667,87665.25383333334,12.572583333333418,0.9101083333333333,12
2025-12-08,124410.35393333335,36563.14281666667,87847.21111666667,0.0,0.9085152777777777,12
2025-12-09,124694.68108333333,37306.22681666667,87395.55988333334,7.1056166666667195,0.9057770833333332,12
2025-12-10,124378.76451666666,35991.14605,88387.61846666667,0.0,0.9161590277777777,12
2025-12-11,123787.79896666667,37826.544266666664,85961.2547,0.0,0.8976340277777778,12
2025-12-12,78661.70368333333,34947.2902,48263.31276666666,4548.899283333333,0.7237798611111111,12
2025-12-13,78840.15754999999,35041.62416666667,48571.03085,4772.497466666668,0.7296965277777777,12
2025-12-14,124522.58584999999,35743.86405,88778.7218,0.0,0.9207375000000001,12
2025-12-15,124305.22548333334,34835.66751666667,89469.55796666666,0.0,0.9144402777777779,12
2025-12-16,124646.94338333333,35228.852049999994,89418.09133333333,0.0,0.9109138888888888,12
2025-12-17,124466.55464999999,36274.70758333333,88191.84706666665,0.0,0.9088097222222221,12
2025-12-18,124315.35926666665,36949.0923,87452.4507,86.18373333333314,0.9094777777777777,12
2025-12-19,78593.32543333333,35684.934133333336,48831.63013333333,5923.238833333333,0.7250944444444445,12
2025-12-20,78668.52011666667,35812.16786666666,49177.05495,6320.702700000001,0.7189708333333333,12
2025-12-21,124376.44096666668,35338.6591,89037.78186666667,0.0,0.9100763888888888,12
2025-12-22,124718.45381666666,35781.02673333333,88937.42708333333,0.0,0.9192854166666665,12
2025-12-23,123956.65456666665,36698.56203333333,87258.09253333333,0.0,0.9126888888888889,12
2025-12-24,123954.37128333334,36099.81196666667,87854.55931666668,0.0,0.9082652777777778,12
2025-12-25,123789.85789999999,35977.40936666667,87812.44853333333,0.0,0.9102520833333334,12
2025-12-26,78270.30765,35262.685216666665,48715.39105,5707.768616666668,0.7237750000000001,12
2025-12-27,78409.18393333333,35070.37486666667,48316.8559,4978.046833333333,0.7212277777777778,12
2025-12-28,123511.26975000002,36702.01500000001,86809.25475000001,0.0,0.9058916666666667,12
2025-12-29,123677.30638333333,36153.54011666667,87523.76626666666,0.0,0.90653125,12
2025-12-30,123526.50905,37302.10645,86243.38968333334,18.98708333333313,0.9004583333333334,12
2025-12-31,123791.70508333335,35145.28214999999,88646.42293333332,0.0,0.9102437499999999,12
