date,cost_plan,cost_adjust_up,cost_adjust_down,cost_emergency,cost_total,energy_g0,energy_final_commitment,energy_up,energy_down,adjustment_churn,energy_emergency,energy_waste,charge_energy,discharge_energy,soc_0000,soc_0600,soc_1200,soc_1800,soc_2400,terminal_proxy_soc_0000,terminal_proxy_soc_0600,terminal_proxy_soc_1200,terminal_proxy_soc_1800
2025-02-01,39428.679374543965,0.0,0.0,0.0,39428.679374543965,65671.5475334008,65671.5475334008,0.0,0.0,0.0,0.0,31327.697735087393,9941.525605158238,9975.851740178176,6000.0,10232.24074074074,10800.0,10800.0,3863.093333333336,1200.0,,,
2025-02-02,67725.01902421581,0.0,0.0,2.885553002208969,67727.90457721803,102559.23106761785,102559.23106761785,0.0,0.0,0.0,1.3245595603438005,22405.765620576687,16473.60460876764,14675.092552166134,3863.093333333336,10799.999999999969,9682.281730178445,10800.0,2383.679089928512,1200.0,,,
2025-02-03,60919.754628498646,0.0,0.0,404.85930640284533,61324.61393490149,95528.96313662658,95528.96313662658,0.0,0.0,0.0,114.50841856484853,12404.642662104918,19899.669694393488,16877.757301306967,2383.679089928512,10794.732357355679,8425.01481539551,10800.0,1540.3181467638026,1200.0,,,
2025-02-04,62859.54921681113,0.0,0.0,413.53457504885864,63273.08379185999,98336.31502530299,98336.31502530299,0.0,0.0,0.0,163.39106658707155,13008.204025752666,22109.06661993155,17812.428503794144,1540.3181467638026,10799.999999999565,7737.220458713633,10800.0,1646.8908782642598,1200.0,,,
2025-02-05,58215.60306221001,0.0,0.0,1532.0588412147345,59747.66190342474,92025.99236448464,92025.99236448464,0.0,0.0,0.0,332.4430248908516,7560.190799293299,22536.16777425254,18486.35016750367,1646.8908782642598,10781.234174903891,7264.555234420494,10800.0,1389.0528000874683,1200.0,,,
2025-02-06,62748.30900513772,0.0,0.0,468.37948728366405,63216.68849242139,98292.99608571603,98292.99608571603,0.0,0.0,0.0,124.55852847395977,13818.187777739868,21839.10294991097,17510.793330127497,1389.0528000874683,10800.0,7904.228862794205,10800.0,1587.8084215323474,1200.0,,,
2025-02-07,31415.211037407986,0.0,0.0,0.0,31415.211037407986,56971.552430218435,56971.552430218435,0.0,0.0,0.0,0.0,21053.922636298805,17363.525251795334,13251.575124542369,1587.8084215323474,10250.770370370368,10252.122897402645,10546.280602360332,2491.008787545515,1200.0,,,
2025-02-08,33595.86104034135,0.0,0.0,0.0,33595.86104034135,58777.94147877983,58777.94147877983,0.0,0.0,0.0,0.0,23387.186251930973,15059.140590197856,11245.54808001567,2491.008787545515,10238.80555555452,10800.0,10800.0,3549.18189648395,1200.0,,,
2025-02-09,66511.79052101239,0.0,0.0,233.2435982831463,66745.03411929554,100968.58885970767,100968.58885970767,0.0,0.0,0.0,52.36427099508262,19348.055220748793,16903.823389138102,14786.34144585081,3549.18189648395,10800.0,9901.603473839747,10800.0,2333.354673540681,1200.0,,,
2025-02-10,54432.575388718746,0.0,0.0,1320.2952445032868,55752.87063322203,86329.79755444583,86329.79755444583,0.0,0.0,0.0,412.9549631218719,9354.888434285167,20113.38753508741,17052.161035138208,2333.354673540681,9882.935753399308,8608.71363747324,10800.0,1488.557860521344,1200.0,,,
2025-02-11,54793.77188900273,0.0,0.0,2580.90072708529,57374.67261608802,86943.13858119497,86943.13858119497,0.0,0.0,0.0,553.6093737153079,8189.3183174140495,22306.437188852855,18219.604684689963,1488.557860521344,9926.986811864099,7284.782076918492,10800.0,1320.3461252778486,1200.0,,,
2025-02-12,54824.65657975852,0.0,0.0,815.1118920552398,55639.76847181376,87326.32430487123,87326.32430487123,0.0,0.0,0.0,222.3378068436828,7984.3007063236,22019.223212381115,17721.59794032314,1320.3461252778486,10025.897559453902,8193.864192525156,10800.0,1446.9826382840297,1200.0,,,
2025-02-13,49470.738840774095,0.0,0.0,3404.2680116652355,52875.00685243933,80036.43472389925,80036.43472389925,0.0,0.0,0.0,822.1161939319854,5705.170283703073,20271.65332198161,16447.751704520124,1446.9826382840297,9847.162847963042,8541.147364808992,10800.0,1416.1909563784518,1200.0,,,
2025-02-14,24506.40518885426,0.0,0.0,88.25449277141117,24594.65968162567,45846.52883265262,45846.52883265262,0.0,0.0,0.0,24.280846185717166,11697.098774769005,17893.66033101896,13521.751243616296,1416.1909563784518,9938.180134591552,5768.716018265381,10519.956113240374,2496.3172058329656,1200.0,,,
2025-02-15,30811.016924817646,0.0,0.0,0.0,30811.016924817646,55318.067047097065,55318.067047097065,0.0,0.0,0.0,0.0,22554.22438303416,15687.316726029216,12203.565161966315,2496.3172058329656,10191.87037037037,10457.977282887998,10800.0,3055.3854126300203,1200.0,,,
2025-02-16,59969.31280236958,0.0,0.0,146.83699167531984,60116.149794044904,92935.19798179963,92935.19798179963,0.0,0.0,0.0,67.24655987724248,15415.807769510604,17552.72380986838,15343.466137702113,3055.3854126300203,10800.0,9232.442001059333,10800.0,1804.5411329536578,1200.0,,,
2025-02-17,52821.30722497628,0.0,0.0,1886.9885175599875,54708.29574253626,85278.19394565486,85278.19394565486,0.0,0.0,0.0,467.77754492681606,11361.471112866902,18858.062731821858,15657.425520773755,1804.5411329536578,9846.155967745193,9536.113357633345,10800.0,1379.6581240669384,1200.0,,,
2025-02-18,47592.272021900506,0.0,0.0,5734.233466435033,53326.50548833554,77007.28191598528,77007.28191598528,0.0,0.0,0.0,1293.6580021751442,2110.211590425183,21168.95906798065,17069.61852357874,1379.6581240669384,9878.390969856242,7504.813245352423,10800.0,1465.4784812731386,1200.0,,,
2025-02-19,48792.29755623819,0.0,0.0,3465.3090041295873,52257.60656036778,78828.09205666378,78828.09205666378,0.0,0.0,0.0,946.4670391815553,2694.0929387469578,22567.27279796023,18366.13402419518,1465.4784812731386,9863.254528679412,6937.111228561676,10800.0,1369.2084169982595,1200.0,,,
2025-02-20,50421.62888659729,0.0,0.0,2290.932689947278,52712.56157654457,81918.91457322345,81918.91457322345,0.0,0.0,0.0,529.7354260591453,7297.309561360856,20756.266919814232,16598.06021522585,1369.2084169982595,9881.206603269082,7901.256335893866,10800.0,1607.5595168023506,1200.0,,,
2025-02-21,23797.013427102785,0.0,0.0,0.0,23797.013427102785,44626.05271434078,44626.05271434078,0.0,0.0,0.0,0.0,14795.7574215983,17430.16625705089,13160.132997641742,1607.5595168023506,9644.183703703702,6856.827491243014,10541.287132249918,2672.3391507684364,1200.0,,,
2025-02-22,26016.805776198526,0.0,0.0,40.52677932438936,26057.332555522917,47911.35734688793,47911.35734688793,0.0,0.0,0.0,18.94118032347535,17146.02524350022,15296.807095854,12357.29669547614,2672.3391507684364,10210.772222222215,8732.780801566198,10692.918690211696,2709.1358753968834,1200.0,,,
2025-02-23,50637.415575531355,0.0,0.0,2962.7179487496114,53600.133524280966,81472.56343954537,81472.56343954537,0.0,0.0,0.0,703.5058918077978,7964.83461295335,20056.803746925292,17377.422711858813,2709.1358753968834,9898.83362407206,7271.889819404463,10800.0,1452.0117900087462,1200.0,,,
2025-02-24,48757.069089564495,0.0,0.0,1078.523146631282,49835.59223619578,78563.07811254168,78563.07811254168,0.0,0.0,0.0,212.93591964307137,6515.606087092685,20836.111506383837,16778.737177958435,1452.0117900087462,9925.303491187777,7913.123171151137,10800.0,1561.4708369114933,1200.0,,,
2025-02-25,49949.65997829062,0.0,0.0,1250.1505738135165,51199.810552104136,80958.95334866227,80958.95334866227,0.0,0.0,0.0,309.69304054611405,11880.183918908746,18936.786845590057,15369.64760862376,1561.4708369114933,9858.40905558954,9401.041020609962,10800.0,1527.192766138362,1200.0,,,
2025-02-26,45441.36472001012,0.0,0.0,5348.681349821627,50790.04606983175,74580.17361086284,74580.17361086284,0.0,0.0,0.0,1192.1675821369174,2976.8375314219393,21323.033433539014,17342.377805294534,1527.192766138362,9897.15411798972,6894.124836924122,10753.82518311665,1448.6141837739947,1200.0,,,
2025-02-27,46876.37884854521,0.0,0.0,3194.411858803288,50070.7907073485,76467.77334456837,76467.77334456837,0.0,0.0,0.0,671.2759880030402,6057.158404017406,22108.69236766901,17983.385639115004,1448.6141837739947,9902.439456896745,6835.641182548145,10800.0,1364.8977156594335,1200.0,,,
2025-02-28,22168.435728175074,0.0,0.0,36.84510351114163,22205.280831686217,40698.557295732986,40698.557295732986,0.0,0.0,0.0,12.2611173822589,13244.925555613398,17023.89337475432,12850.594067252474,1364.8977156594335,7285.603134854517,7573.712194982362,10400.660363398534,2407.963900435572,1200.0,,,
2025-03-01,25032.25780111955,0.0,0.0,0.0,25032.25780111955,46612.73316396626,46612.73316396626,0.0,0.0,0.0,0.0,20156.739628571915,14567.455522149774,11770.227920088768,2407.963900435572,10281.785185185185,9729.07849937388,10573.826866568037,2440.642848049517,1200.0,,,
2025-03-02,49980.125848373114,0.0,0.0,2453.7821783839076,52433.908026757024,80348.22119908241,80348.22119908241,0.0,0.0,0.0,515.5641736175901,5374.235000206772,21310.16866772631,18178.92536189973,2440.642848049517,9959.823977767386,7831.886011898627,10800.0,1420.9886913368275,1200.0,,,
2025-03-03,54175.69863641966,0.0,0.0,2305.5790843917694,56481.27772081143,87059.88078711389,87059.88078711389,0.0,0.0,0.0,548.7742128814501,11651.684356012553,20696.764918358753,16756.940907709315,1420.9886913368275,10348.176303529865,8927.167784065285,10800.0,1429.253887071582,1200.0,,,
2025-03-04,48206.513852049145,0.0,0.0,2037.4905587603341,50244.00441080948,77973.21476368935,77973.21476368935,0.0,0.0,0.0,481.4109428769973,5286.659719792263,20789.79342116897,16821.28536772823,1429.253887071582,9970.549449090207,7148.682165352103,10800.0,1449.7508908700734,1200.0,,,
2025-03-05,50245.50778299044,0.0,0.0,444.65258434687684,50690.16036733732,81352.39948700753,81352.39948700753,0.0,0.0,0.0,92.32120939200544,11696.287533013356,19455.223034233994,15837.26188751448,1449.7508908700734,9880.86253089809,8764.228612904411,10800.0,1362.4939688868017,1200.0,,,
2025-03-06,46636.13143901275,0.0,0.0,1575.6668737808066,48211.79831279356,76058.74453867681,76058.74453867681,0.0,0.0,0.0,359.7533514522104,6329.613120996391,21120.55958913729,16972.328953338,1362.4939688868017,9909.842593371255,7644.68946353046,10800.0,1512.8543176237006,1200.0,,,
2025-03-07,24816.575407436256,0.0,0.0,0.0,24816.575407436256,45353.69789198615,45353.69789198615,0.0,0.0,0.0,0.0,20508.43351844433,15427.299749965432,11504.320909756943,1512.8543176237006,9827.056314814814,10414.919053141817,10472.6121373071,2614.8453039737647,1200.0,,,
2025-03-08,19422.866673682794,0.0,0.0,12.449900538696427,19435.31657422149,35065.26543518903,35065.26543518903,0.0,0.0,0.0,5.668316137465808,13353.006094816727,14259.193756901575,11604.40561705847,2614.8453039737647,5931.496925610724,6636.956326337329,10509.864832897994,2554.335666231329,1200.0,,,
2025-03-09,44812.37430097019,0.0,0.0,4328.958937166168,49141.33323813636,73271.23326819116,73271.23326819116,0.0,0.0,0.0,997.3258844338452,8411.194962033567,18781.168894086324,16257.329753494872,2554.335666231329,9932.409259259253,7740.651810572454,10800.0,1393.6879448036052,1200.0,,,
2025-03-10,45649.89985646693,0.0,0.0,7493.860258706716,53143.760115173645,75368.88651665332,75368.88651665332,0.0,0.0,0.0,1606.1038692151642,4979.900069925854,20705.764267972067,16752.74540202944,1393.6879448036052,9865.320973834172,7261.800482034257,10800.0,1414.7142281679712,1200.0,,,
2025-03-11,41378.435574630814,0.0,0.0,12410.447494783475,53788.88306941429,67878.63512355907,67878.63512355907,0.0,0.0,0.0,2107.6673915068295,2479.699728438628,19794.35153672865,16226.667550101381,1414.7142281679712,9904.32191933939,5465.521926619269,9169.102710807343,1200.0,1200.0,,,
2025-03-12,48376.54561410439,0.0,0.0,1102.1834895153324,49478.72910361972,78973.87374898663,78973.87374898663,0.0,0.0,0.0,366.940862475011,13001.850217751602,19655.758734817857,15752.329024441146,1200.0,9915.955555555556,8405.983157182447,10800.0,1387.5950564014645,1200.0,,,
2025-03-13,47598.977273612516,0.0,0.0,2735.6253922492915,50334.60266586181,78386.34838446778,78386.34838446778,0.0,0.0,0.0,586.8177319702929,7730.288447152462,19793.622840923446,16096.363188304498,1387.5950564014645,9903.929619545042,8737.719211429529,10800.0,1317.007626227566,1200.0,,,
2025-03-14,20298.70834122786,0.0,0.0,0.0,20298.70834122786,37068.85746651037,37068.85746651037,0.0,0.0,0.0,0.0,17037.76461036598,15188.923666331513,11187.25679352045,1317.007626227566,5970.344965968099,6565.948492530746,10560.09213682913,2556.7535997920936,1200.0,,,
2025-03-15,19106.920581069484,0.0,0.0,172.95395256281665,19279.8745336323,35370.37741550674,35370.37741550674,0.0,0.0,0.0,69.14864777623853,12074.249123214546,13990.359415868865,11549.207625800434,2556.7535997920936,6231.4484586670305,6694.585766317337,10478.810045406924,2315.6241565180353,1200.0,,,
2025-03-16,42467.07001836441,0.0,0.0,1507.4205199330654,43974.490538297476,69227.83565217796,69227.83565217796,0.0,0.0,0.0,414.5609269304646,3104.815615587687,20008.139980404107,16821.605950216697,2315.6241565180353,9905.077986684953,7395.888080561678,10800.0,1632.2768608631827,1200.0,,,
2025-03-17,42650.82797015626,0.0,0.0,4168.8730154945215,46819.70098565078,71361.07960020239,71361.07960020239,0.0,0.0,0.0,963.1814020080723,10808.239730828143,19395.830943625257,15737.941105576274,1632.2768608631827,9927.218518518494,7804.787863948135,10800.0,1601.923481707836,1200.0,,,
2025-03-18,49163.23661028316,0.0,0.0,713.5710055890672,49876.807615872225,79845.73798329523,79845.73798329523,0.0,0.0,0.0,239.4960899534235,15597.924259630398,17528.984193300228,14167.63274634863,1601.923481707836,9931.722849183107,10522.857429507141,10800.0,1636.195093068453,1200.0,,,
2025-03-19,40991.62506411229,0.0,0.0,2807.193747938432,43798.81881205072,67386.64381911802,67386.64381911802,0.0,0.0,0.0,636.3983157708226,4672.850917807426,20148.24988215355,16263.529115072131,1636.195093068453,9900.690506340592,7059.554408155989,10800.0,1699.0320813709477,1200.0,,,
2025-03-20,46579.59159025529,0.0,0.0,2406.889088511926,48986.48067876721,75810.7246603187,75810.7246603187,0.0,0.0,0.0,556.2510473885523,10462.6504003429,20147.823870134165,16452.460379436496,1699.0320813709477,9873.789604957457,7415.690322456761,10800.0,1551.5620317844828,1200.0,,,
2025-03-21,20062.807846751683,0.0,0.0,0.0,20062.807846751683,36586.13457227322,36586.13457227322,0.0,0.0,0.0,0.0,20947.505628259336,14612.56012929296,11007.395701945734,1551.5620317844828,5329.582399438624,8505.667655325988,10662.609497838075,2472.426479319557,1200.0,,,
2025-03-22,19523.906118227365,0.0,0.0,5.476141453239532,19529.382259680606,35380.31341861492,35380.31341861492,0.0,0.0,0.0,2.527644335674836,16823.63709182235,13354.383027093496,10676.378789298586,2472.426479319557,5731.979983261479,6989.621632846214,10587.79438226083,2628.7281044830506,1200.0,,,
2025-03-23,42697.078324841605,0.0,0.0,1565.4378626750577,44262.51618751666,69992.26477751292,69992.26477751292,0.0,0.0,0.0,376.657349731031,9479.659591484653,17531.971655215963,15412.429236123331,2628.7281044830506,9903.618756803417,8440.265008954582,10800.0,1282.5812207070492,1200.0,,,
2025-03-24,44728.81697903256,0.0,0.0,694.9269680221831,45423.74394705475,73982.86111627058,73982.86111627058,0.0,0.0,0.0,218.54911812952238,12073.237877757567,19547.682697156783,15418.007423847579,1282.5812207070492,9882.240356684366,8838.132622335674,10800.0,1744.376288317508,1200.0,,,
2025-03-25,48940.90918017942,0.0,0.0,1193.9802257970127,50134.889405976435,80016.11364004304,80016.11364004304,0.0,0.0,0.0,326.6497716283853,16412.760601776972,17789.191680947108,14809.31358771932,1744.376288317508,9841.170719754176,9941.816011176863,10800.0,1299.855925926216,1200.0,,,
2025-03-26,41551.44079890361,0.0,0.0,2123.9925426144314,43675.433341518044,68813.17248209083,68813.17248209083,0.0,0.0,0.0,478.1760330248259,9709.165353533843,20716.66650710297,16727.03821218784,1299.855925926216,9922.601015173068,7797.052977875254,10800.0,1359.2577687768444,1200.0,,,
2025-03-27,44092.15116896957,0.0,0.0,734.9931574102451,44827.144326379814,72265.52674040283,72265.52674040283,0.0,0.0,0.0,251.8004032329481,10236.86824753446,18087.77077326467,14524.30127716335,1359.2577687768444,9893.677830743609,9223.298664313394,10800.0,1500.1389345335542,1200.0,,,
2025-03-28,19542.962701493812,0.0,0.0,0.0,19542.962701493812,36566.30528551322,36566.30528551322,0.0,0.0,0.0,0.0,22101.88254072117,14475.155299077942,10832.613320952556,1500.1389345335542,6616.470774586917,4885.153137371924,10499.12151375642,2491.541680423085,1200.0,,,
2025-03-29,17380.928072039613,0.0,0.0,994.8341312725034,18375.762203312115,32556.439521159828,32556.439521159828,0.0,0.0,0.0,231.46659416053933,22801.611357703143,12865.394079365296,10586.308505081408,2491.541680423085,5166.096568027331,2795.7357346939984,10409.751642502139,2307.8313462058454,1200.0,,,
2025-03-30,39973.65599577893,0.0,0.0,3278.1089106765776,43251.76490645551,66550.76202293526,66550.76202293526,0.0,0.0,0.0,844.5739550655429,9346.611581254776,17946.69762963471,15243.592932888678,2307.8313462058454,9909.706231750668,8345.569704058767,10800.0,1522.5337318896686,1200.0,,,
2025-03-31,37649.69505548853,0.0,0.0,2925.1317604341,40574.826815922635,62868.55500890556,62868.55500890556,0.0,0.0,0.0,677.4000464894843,2967.370863828286,19624.474218681542,15997.279510448108,1522.5337318896686,9912.275461033083,7580.306531990403,10788.41818711652,1409.8055170940484,1200.0,,,
2025-04-01,45545.30865546288,0.0,0.0,2083.94551203548,47629.254167498366,76242.41140141687,76242.41140141687,0.0,0.0,0.0,525.8519231531619,13369.909854072335,16959.349271583495,13769.84731775246,1409.8055170940484,9940.268999406977,10357.77876751741,10800.0,1373.3895084609119,1200.0,,,
2025-04-02,43672.11622749588,0.0,0.0,2261.7067101156667,45933.82293761154,72925.25742865939,72925.25742865939,0.0,0.0,0.0,453.42000507320574,9344.42725940251,18562.56341440449,14963.648640074396,1373.3895084609119,9892.778002014116,9488.093501332849,10800.0,1453.4203146756186,1200.0,,,
2025-04-03,44514.35379275996,0.0,0.0,952.1194662567862,45466.47325901675,73114.06862114152,73114.06862114152,0.0,0.0,0.0,232.9068400961191,14071.356670528545,18051.940170711816,14639.851646669402,1453.4203146756186,9926.769288800877,9338.809733341117,10800.0,1433.6646386835828,1200.0,,,
2025-04-04,17933.91881635714,0.0,0.0,0.0,17933.91881635714,33862.59662632589,33862.59662632589,0.0,0.0,0.0,0.0,23927.82933251904,13914.063261544994,10410.09821773814,1433.6646386835828,4883.640515074769,2628.145292852546,10398.485628439106,2389.5457765872534,1200.0,,,
2025-04-05,16606.259749715973,0.0,0.0,46.774563205722,16653.034312921696,31203.22147493624,31203.22147493624,0.0,0.0,0.0,21.511354329015603,17631.48295548676,11778.940198644672,10229.805308199513,2389.5457765872534,4167.852445326135,2266.6555008816913,9728.13795536746,1624.1416129235554,1200.0,,,
2025-04-06,39119.33441767531,0.0,0.0,2747.3997106784773,41866.73412835378,66541.81561981188,66541.81561981188,0.0,0.0,0.0,620.3623259313504,9292.298292212461,19705.903385599824,16246.099998735728,1624.1416129235554,9966.784547330686,7553.012763580415,10800.0,1308.232439145923,1200.0,,,
2025-04-07,36177.401816691825,0.0,0.0,4594.84206210766,40772.24387879948,61589.91946404164,61589.91946404164,0.0,0.0,0.0,1147.3710374670418,5530.843250065711,19665.795890660906,15702.067922551263,1308.232439145923,9984.505828853853,7530.2611661945175,10800.0,1560.7066045726729,1200.0,,,
2025-04-08,42631.52491326335,0.0,0.0,1506.2778753395494,44137.802788602894,70919.974544808,70919.974544808,0.0,0.0,0.0,290.39643742741475,13252.070281189915,19317.5335660426,15712.426481663773,1560.7066045726729,9971.809259259258,8253.320625733664,10800.0,1488.2351677179365,1200.0,,,
2025-04-09,41560.55044332973,0.0,0.0,1999.5340631016716,43560.084506431405,69568.99189116506,69568.99189116506,0.0,0.0,0.0,462.1800433857568,7054.456962304523,20382.00351963451,16539.599564054883,1488.2351677179365,9995.302777777777,7663.46400341045,10800.0,1454.7054864391243,1200.0,,,
2025-04-10,40825.48175552413,0.0,0.0,1087.9213465875382,41913.40310211167,67692.43336916136,67692.43336916136,0.0,0.0,0.0,234.17881212136282,9612.908657660057,20161.29830424327,16308.232680620615,1454.7054864391243,9951.577050240323,7438.84394911532,10800.0,1479.6154262351622,1200.0,,,
2025-04-11,16511.31246521337,0.0,0.0,4.317610015269736,16515.63007522864,31379.466893134064,31379.466893134064,0.0,0.0,0.0,2.0569842855024945,22743.86769751439,13434.656562369266,10113.650549130753,1479.6154262351622,3527.371556830624,1708.8090938676612,10362.81388888889,2333.416833333332,1200.0,,,
2025-04-12,17388.51902651353,0.0,0.0,22.407770905723392,17410.926797419255,32004.277509590727,32004.277509590727,0.0,0.0,0.0,10.516460438713466,20688.63154761771,11887.554403292179,9586.552530880454,2333.416833333332,3870.588813918683,8114.170506963674,10323.781944444445,2380.4907619846817,1200.0,,,
2025-04-13,36127.59363123593,0.0,0.0,3745.2631373408385,39872.85676857677,60860.57909500242,60860.57909500242,0.0,0.0,0.0,896.5986318453376,4634.918557237845,18971.52594716002,16125.625260883442,2380.4907619846817,9966.753814182064,6731.415911592835,10800.0,1537.5027134470997,1200.0,,,
2025-04-14,40983.26853799063,0.0,0.0,1220.8729620816653,42204.1415000723,68342.34924330805,68342.34924330805,0.0,0.0,0.0,236.7024629138334,12753.785510005673,18256.587743948025,14959.353347731803,1537.5027134470997,9930.028007688434,9020.61531772127,10800.0,1346.9279632983194,1200.0,,,
2025-04-15,35104.617629186854,0.0,0.0,4032.074584793619,39136.692213980474,59326.68602020514,59326.68602020514,0.0,0.0,0.0,996.94911114488,6566.749324643252,18646.19606707885,15028.739093705417,1346.9279632983194,10004.478544137264,7909.241430314001,10800.0,1429.9054306632702,1200.0,,,
2025-04-16,38593.42431328282,0.0,0.0,936.4779152195724,39529.90222850239,65799.03539790752,65799.03539790752,0.0,0.0,0.0,207.32053390411718,6404.881955308107,19564.91432369461,15743.032297191074,1429.9054306632702,9918.250037562919,7858.746911084387,10800.0,1546.0702139983337,1200.0,,,
2025-04-17,36271.12719429446,0.0,0.0,3604.0551042333286,39875.18229852779,59746.66320632964,59746.66320632964,0.0,0.0,0.0,715.2863592275737,4188.978491179633,18869.78365713101,15465.154932753423,1546.0702139983337,9618.655068363576,6322.701146409575,10769.490728028968,1345.3700245791083,1200.0,,,
2025-04-18,16914.004430460776,0.0,0.0,47.65247444924633,16961.65690491002,31874.705312101218,31874.705312101218,0.0,0.0,0.0,21.940316929721746,22062.27721747255,13035.580672278355,9555.329444053299,1345.3700245791083,3637.4622257885976,2224.4004294923016,10438.64245105189,2460.3599140148517,1200.0,,,
2025-04-19,15145.024146969186,0.0,0.0,171.91440796848156,15316.938554937668,29352.591232664287,29352.591232664287,0.0,0.0,0.0,73.14988462498142,20607.864760525543,11812.519334222183,9779.322227458459,2460.3599140148517,3886.2197277283353,2640.6365387838096,10415.093518518519,2225.7137287498567,1200.0,,,
2025-04-20,34579.861070372295,0.0,0.0,4025.245987367385,38605.10705773968,57828.74877681577,57828.74877681577,0.0,0.0,0.0,958.4184087701362,4315.695787307314,18088.78353063228,15575.057015687018,2225.7137287498567,9984.976767059406,5452.06796346742,10355.06134082318,1200.0,1200.0,,,
2025-04-21,39090.80186677408,0.0,0.0,2539.354571405326,41630.15643817941,65987.16232204073,65987.16232204073,0.0,0.0,0.0,592.280909070962,14331.816631113337,18184.30503394569,14453.588817280663,1200.0,9991.957120956398,8099.587477588277,10800.0,1506.33140023927,1200.0,,,
2025-04-22,34465.220040004744,0.0,0.0,2901.7552715416164,37366.97531154636,58027.44713111306,58027.44713111306,0.0,0.0,0.0,765.6829407064756,3043.1662650976805,18423.017116131756,14825.98262607656,1506.33140023927,10010.512960290827,7337.538896705893,10799.999999999998,1613.7327757838962,1200.0,,,
2025-04-23,34187.0676639196,0.0,0.0,2290.8703669812485,36477.93803090085,57977.88926205211,57977.88926205211,0.0,0.0,0.0,503.8072038111661,3527.9078436154937,18648.837953073235,15094.966047492122,1613.7327757838962,9458.43717989001,6509.862200909994,10800.0,1625.5024363363382,1200.0,,,
2025-04-24,35489.81891832553,0.0,0.0,582.3551274621377,36072.174045787666,59907.306994790015,59907.306994790015,0.0,0.0,0.0,126.28710960199444,9613.642170419585,17928.23557051232,14598.390336539895,1625.5024363363382,10035.695370370371,7804.387635553192,10800.0,1540.4807425308786,1200.0,,,
2025-04-25,16407.15983896781,0.0,0.0,13.932277567212838,16421.092116535023,30725.040468937525,30725.040468937525,0.0,0.0,0.0,6.57182904113813,25546.923986387457,12330.146911591204,9145.81625,1540.4807425308786,2976.7249428471287,3263.271570404082,10443.538425925926,2475.5949074074088,1200.0,,,
2025-04-26,15123.077729055145,0.0,0.0,229.9321988071098,15353.009927862255,28748.338669340632,28748.338669340632,0.0,0.0,0.0,63.28465682789795,26850.401041611738,11196.443600823042,9305.414949599584,2475.5949074074088,2920.6505091788767,2219.808228462771,10469.957407407408,2213.044204148613,1200.0,,,
2025-04-27,31572.425893757187,0.0,0.0,14716.027567777955,46288.453461535144,52453.34638329843,52453.34638329843,0.0,0.0,0.0,2567.8648989459552,4239.077148165079,16423.172286735353,14214.509335989384,2213.044204148613,7747.728718174958,6664.371816210911,9582.03936038136,1200.0,1200.0,,,
2025-04-28,41548.75264551993,0.0,0.0,2745.0871936723584,44293.83983919229,70552.58176216681,70552.58176216681,0.0,0.0,0.0,599.1398568385893,10514.387544048814,19302.0568903408,15286.690132050888,1200.0,9974.08051719456,8270.531935972118,10800.0,1586.6399434723971,1200.0,,,
2025-04-29,35688.66590543685,0.0,0.0,3082.548153253351,38771.2140586902,60428.283839455544,60428.283839455544,0.0,0.0,0.0,648.0872470403779,10616.272778807946,17210.474548046455,14183.589957025144,1586.6399434723971,9521.69186183556,8146.015869835049,10800.0,1316.5226400196077,1200.0,,,
2025-04-30,34318.459758371726,0.0,0.0,3574.5097260943567,37892.969484466084,57676.13580504418,57676.13580504418,0.0,0.0,0.0,896.1682430685256,6907.118211630146,17552.935306438834,14144.60390328961,1316.5226400196077,9435.451944444438,7773.696650732426,10800.0,1397.9378566038836,1200.0,,,
2025-05-01,36325.23889736975,0.0,0.0,11460.316692009748,47785.5555893795,60775.824763977645,60775.824763977645,0.0,0.0,0.0,2464.637363051306,8865.947796566139,18638.313691612148,15275.178161149333,1397.9378566038836,10068.98989716604,7553.366340984485,10800.0,1200.0000000000011,1200.0,,,
2025-05-02,18993.713086942753,0.0,0.0,808.0711294639225,19801.784216406675,34723.90369566294,34723.90369566294,0.0,0.0,0.0,186.9527949511106,17474.85929661131,13179.334917695474,10033.657807026068,1200.0000000000011,4125.000191486425,7051.971636595872,10754.857594298834,1912.8927514525194,1200.0,,,
2025-05-03,16709.602431798492,0.0,0.0,2299.5206102557368,19009.123042054227,31323.366840164857,31323.366840164857,0.0,0.0,0.0,447.9434260206204,20940.659421541495,12013.361263818191,10049.882069174211,1912.8927514525194,3635.649300833541,7741.953048354646,10444.340740740741,1558.382256473101,1200.0,,,
2025-05-04,36523.88021669975,0.0,0.0,6993.803076793079,43517.683293492824,61070.16574566321,61070.16574566321,0.0,0.0,0.0,1607.6771305920968,8100.100176272419,16661.154723554406,13818.079356904858,1558.382256473101,10071.428044890648,8787.411312904178,10800.0,1200.0000000000018,1200.0,,,
2025-05-05,41411.618805333695,0.0,0.0,2138.5343997385603,43550.15320507225,68083.46739109055,68083.46739109055,0.0,0.0,0.0,467.66942709694797,9817.080365472328,18655.1538331761,14997.104180460918,1200.0000000000018,9984.227097311797,8903.166743364804,10800.0,1326.1893604574707,1200.0,,,
2025-05-06,35883.9564549084,0.0,0.0,9519.64033012832,45403.59678503672,59565.73286779935,59565.73286779935,0.0,0.0,0.0,2141.0070594834306,5326.234150530563,18990.20363742687,15479.780227341314,1326.1893604574707,9419.541394944023,5963.037929497791,10626.11634426712,1217.6168259846388,1200.0,,,
2025-05-07,38597.888704103556,0.0,0.0,2246.510184183158,40844.39888828671,63382.26248972951,63382.26248972951,0.0,0.0,0.0,455.02718792494,5048.73337337265,19177.568089968045,15456.857735686244,1217.6168259846388,10056.774302320493,7132.014609588296,10800.0,1303.1417339711625,1200.0,,,
2025-05-08,42243.26927994939,0.0,0.0,2448.7022456169434,44691.97152556633,70325.09806340346,70325.09806340346,0.0,0.0,0.0,540.44548500718,11143.62423679873,18400.87036894846,14505.463457336555,1303.1417339711625,10043.62939356761,9167.134799916475,10800.0,1746.7434467619441,1200.0,,,
2025-05-09,21120.297837534796,0.0,0.0,0.0,21120.297837534796,36761.91139504373,36761.91139504373,0.0,0.0,0.0,0.0,24844.696721532076,12335.251869852982,8917.42304634133,1746.7434467619441,3956.8128708570694,7242.356640817261,10800.0,2940.2223003614845,1200.0,,,
2025-05-10,18098.772610117212,0.0,0.0,235.5709884356448,18334.343598552856,32036.73350572234,32036.73350572234,0.0,0.0,0.0,59.3772001205316,18205.968140849956,10754.34260865185,8985.24532699227,2940.2223003614845,3818.768363407262,6714.458468319968,10800.0,2635.524729267846,1200.0,,,
2025-05-11,37407.76089110729,0.0,0.0,4597.168342686622,42004.92923379391,61746.651013124756,61746.651013124756,0.0,0.0,0.0,1005.6855300735845,5156.1140264155665,16661.059378279704,14548.91594483026,2635.524729267846,10092.943951171033,7355.932804451807,10800.0,1465.0160087970712,1200.0,,,
2025-05-12,37582.53903663925,0.0,0.0,2737.3286048497403,40319.86764148899,61508.45059236318,61508.45059236318,0.0,0.0,0.0,667.714254868784,6623.435345003627,16720.670884926323,13099.136616031315,1465.0160087970712,9467.713642653096,7691.709332635994,10800.0,1959.0235651959686,1200.0,,,
2025-05-13,42749.89802086817,0.0,0.0,500.34574349796094,43250.243764366125,70408.73440942507,70408.73440942507,0.0,0.0,0.0,119.08838901304378,14653.436058870473,15532.587131096343,12787.413158195373,1959.0235651959686,10100.812885167763,10800.0,10800.0,1730.115140743378,1200.0,,,
2025-05-14,42373.612910264426,0.0,0.0,235.0513350503148,42608.66424531474,68663.44926481755,68663.44926481755,0.0,0.0,0.0,107.61769487895891,12167.528204146252,17500.316572013526,13910.926599796612,1730.115140743378,10060.803555289604,8790.347005274629,10800.0,2023.81494467043,1200.0,,,
2025-05-15,41492.50455427128,0.0,0.0,450.40852006555406,41942.91307433684,65886.9331847229,65886.9331847229,0.0,0.0,0.0,149.37225946225865,9686.391072120978,17428.472764782702,13843.61667605184,2023.81494467043,10027.70443721711,8086.349634146656,10800.0,2327.644126250595,1200.0,,,
2025-05-16,19499.891424113834,0.0,0.0,112.4069596848469,19612.29838379868,33199.594215969555,33199.594215969555,0.0,0.0,0.0,47.201368874412125,27927.98947232649,10838.189410508325,8234.889831324184,2327.644126250595,2511.5730894457947,3592.711538086105,10800.0,2932.1370053478813,1200.0,,,
2025-05-17,18234.635267720812,0.0,0.0,90.71415166804007,18325.34941938885,31561.33441466697,31561.33441466697,0.0,0.0,0.0,42.124189439515476,19848.021004519505,10131.944850024991,8825.306333771343,2932.1370053478813,2570.69574990847,7684.314449359018,10800.0,2244.991443957764,1200.0,,,
2025-05-18,39838.260986209556,0.0,0.0,774.0155852224468,40612.276571432005,65885.91758068357,65885.91758068357,0.0,0.0,0.0,301.52515852653414,9596.129882710648,17394.8428542177,14479.698097718228,2244.991443957764,10106.427314812474,8625.607061555591,10800.0,1811.7965708445486,1200.0,,,
2025-05-19,38444.145115661,0.0,0.0,1244.4862429190584,39688.63135858006,63725.06909534359,63725.06909534359,0.0,0.0,0.0,238.5815903771701,13470.01044080563,16677.22891865547,13698.805223740332,1811.7965708445486,10115.994444444445,8578.388981325483,10800.0,1600.4079045896603,1200.0,,,
2025-05-20,38234.20307042918,0.0,0.0,2442.824966870393,40677.02803729958,62894.691339443336,62894.691339443336,0.0,0.0,0.0,636.4737145403642,5718.758471069703,17173.26945239508,13888.25768614776,1600.4079045896603,10119.068677940475,7617.095008482051,10800.0,1624.9529826921694,1200.0,,,
2025-05-21,36315.58081292905,0.0,0.0,3857.7290365009712,40173.30984943002,58931.01803730022,58931.01803730022,0.0,0.0,0.0,977.4694794475406,5236.945351545538,16643.328460416094,13334.4015785472,1624.9529826921694,9555.750999999918,7266.647311025124,10800.0,1787.9468431253213,1200.0,,,
2025-05-22,37412.9532849142,0.0,0.0,1089.7353020736941,38502.68858698789,60976.570700054464,60976.570700054464,0.0,0.0,0.0,220.20242340603198,7436.362145658208,16758.877375951288,13815.097214815665,1787.9468431253213,10097.24139440346,7858.132944304992,10800.0,1520.8284650196338,1200.0,,,
2025-05-23,17732.900074840843,0.0,0.0,24.780509142933507,17757.680583983776,32094.110676476634,32094.110676476634,0.0,0.0,0.0,11.377644234588388,22622.87471764662,11785.705903064603,8724.041183333333,1520.8284650196338,2964.5279293668555,6505.767623035422,10800.0,2434.584685185188,1200.0,,,
2025-05-24,18329.225911291483,0.0,0.0,0.0,18329.225911291483,31910.86068165201,31910.86068165201,0.0,0.0,0.0,0.0,25724.071480501036,10644.38888888889,8212.101071071247,2434.584685185188,2418.8480705837865,2386.6906748432593,10800.0,2889.977939550464,1200.0,,,
2025-05-25,35599.69651605157,0.0,0.0,3031.1925720295567,38630.88908808112,58853.26447779544,58853.26447779544,0.0,0.0,0.0,667.4799079559697,9375.952180106,14768.761108506447,13168.979086194366,2889.977939550464,10114.67500941765,8034.741035551524,10800.0,1549.6639525458584,1200.0,,,
2025-05-26,37482.18231769392,0.0,0.0,3081.387188271256,40563.56950596518,61531.45560994072,61531.45560994072,0.0,0.0,0.0,711.5747581470415,4449.807161098125,17230.78032083392,14017.390063844281,1549.6639525458584,10061.81445149087,6335.753331662617,10549.767689811508,1482.488392580522,1200.0,,,
2025-05-27,35618.78005162318,0.0,0.0,2930.3281714194068,38549.10822304259,58411.16355382743,58411.16355382743,0.0,0.0,0.0,680.1477469362617,6594.819424795689,16735.562735289386,13629.438159321391,1482.488392580522,9595.857672079623,8317.811109430684,10800.0,1400.6746773172047,1200.0,,,
2025-05-28,39752.01358076499,0.0,0.0,2448.5224276452545,42200.53600841025,67114.38719957345,67114.38719957345,0.0,0.0,0.0,572.2463891866834,11934.183366775625,17586.58829138882,14107.96216940431,1400.6746773172047,10026.652159082381,9481.870028451065,10800.0,1553.090618006801,1200.0,,,
2025-05-29,39283.505363054,0.0,0.0,3027.9027279098236,42311.40809096382,65931.88278087295,65931.88278087295,0.0,0.0,0.0,702.9902158952873,9110.242312350845,18122.376990260633,14707.86980584323,1553.090618006801,10117.141018410162,8859.478162699867,10800.0,1521.1523471933433,1200.0,,,
2025-05-30,18964.267982740457,0.0,0.0,51.88623553633557,19016.15421827679,33507.735558967324,33507.735558967324,0.0,0.0,0.0,23.839299580213908,23484.373906787652,12008.72661011439,8557.75892502118,1521.1523471933433,3070.490552575412,7809.157593317446,10800.0,2820.385268494984,1200.0,,,
2025-05-31,20024.41495348986,0.0,0.0,258.1348464165764,20282.549799906436,34356.73415860905,34356.73415860905,0.0,0.0,0.0,120.74791743668192,24229.952469206015,10631.63725311257,8773.289196272852,2820.385268494984,3709.813036385478,6267.676608884196,10800.0,2640.7596893264567,1200.0,,,
2025-06-01,45229.873085679596,0.0,0.0,15895.249488540589,61125.122574220186,73891.01409315961,73891.01409315961,0.0,0.0,0.0,3855.008147892324,4212.118064129451,18977.69261745417,16668.614740531688,2640.7596893264567,9636.643728207187,7459.760363200169,10800.0,1200.0000000000011,1200.0,,,
2025-06-02,52913.69322810734,0.0,0.0,9834.23833449444,62747.93156260178,85105.45714161404,85105.45714161404,0.0,0.0,0.0,2376.6381788890076,15272.567537232488,18666.929915585362,15098.209582314797,1200.0000000000011,9623.128342346503,9242.29605237629,10800.0,1224.4484992326109,1200.0,,,
2025-06-03,49811.20985206573,0.0,0.0,7852.465893811615,57663.67574587735,80659.55523023338,80659.55523023338,0.0,0.0,0.0,1825.7506340856826,10659.271180546566,18711.909715430018,15078.241864990849,1224.4484992326109,9973.969213774133,10057.92598033377,10800.0,1311.565170907572,1200.0,,,
2025-06-04,57523.49557813273,0.0,0.0,3131.3617751373727,60654.857353270105,91762.69001273203,91762.69001273203,0.0,0.0,0.0,856.7576234246981,19899.185065313355,16340.0584328088,13265.0566786321,1311.565170907572,9989.142336041014,10800.0,10800.0,1278.6658952887158,1200.0,,,
2025-06-05,49644.76024618582,0.0,0.0,6540.661044590992,56185.42129077681,81307.06475102963,81307.06475102963,0.0,0.0,0.0,1497.6474567755513,7815.545210488242,19995.11980394679,16155.270823296527,1278.6658952887158,10092.461049099402,8774.56530619216,10800.0,1323.972804066908,1200.0,,,
2025-06-06,29666.93758488274,0.0,0.0,38.79400445132137,29705.73158933406,51579.21970499645,51579.21970499645,0.0,0.0,0.0,11.90155692518033,17653.588589964238,13029.607007826886,9947.06973586949,1323.972804066908,10084.229536962594,10604.89138211076,10800.0,1998.3194045894547,1200.0,,,
2025-06-07,27713.87206919549,0.0,0.0,200.41193876358926,27914.284007959082,49005.48365465552,49005.48365465552,0.0,0.0,0.0,84.43687634417938,15592.345639570494,12280.250496958222,9909.188772195677,1998.3194045894547,10012.040907407409,10565.21959599853,10800.0,2040.3351049677672,1200.0,,,
2025-06-08,46622.45982360152,0.0,0.0,5397.200689865878,52019.6605134674,75025.27670571435,75025.27670571435,0.0,0.0,0.0,1305.0666032573638,8087.863759954122,17208.724843561715,14151.168561210776,2040.3351049677672,10110.948148148149,9321.812535826688,10680.959165570483,1804.666840605786,1200.0,,,
2025-06-09,58710.09006604549,0.0,0.0,593.0797218991974,59303.16978794469,91910.2392524824,91910.2392524824,0.0,0.0,0.0,198.734696100159,17647.393423530084,17954.841868812917,14425.974077093768,1804.666840605786,10087.099074074074,9885.403884869993,10800.0,1935.1644368776701,1200.0,,,
2025-06-10,52207.263194897925,0.0,0.0,3137.8601843443776,55345.1233792423,82884.12312585846,82884.12312585846,0.0,0.0,0.0,646.9756281747482,7893.736912539429,20480.606117906183,16461.68850974574,1935.1644368776701,10118.29444444444,7481.887571516114,10800.0,2076.944932164633,1200.0,,,
2025-06-11,56066.76378731971,0.0,0.0,8594.651828950413,64661.415616270126,87305.28467368566,87305.28467368566,0.0,0.0,0.0,1790.8486398880991,8837.46104796436,21662.71091147497,17488.484962532242,2076.944932164633,10075.911574073116,6515.224995320498,10800.0,2141.734794122952,1200.0,,,
2025-06-12,55345.99499912212,0.0,0.0,1296.1033918075805,56642.0983909297,86798.97421713515,86798.97421713515,0.0,0.0,0.0,289.03717357186315,10742.560834218235,19732.544469204495,15839.485346049045,2141.734794122952,10053.164659802671,8806.977811480272,10800.0,2301.5966541302823,1200.0,,,
2025-06-13,31737.830517595252,0.0,0.0,0.0,31737.830517595252,52433.130436049425,52433.130436049425,0.0,0.0,0.0,0.0,21099.053692923415,11999.181248497218,9010.418205371203,2301.5966541302823,8171.961482027436,9216.855410311146,10800.0,3089.2839940319946,1200.0,,,
2025-06-14,27911.76210043701,0.0,0.0,9.406667695633518,27921.16876813264,46338.80634892643,46338.80634892643,0.0,0.0,0.0,4.428751269130657,18590.025986362794,10710.2460971661,9150.379733333335,3089.2839940319946,7305.570549077112,9761.65915153858,10800.0,2561.416888888889,1200.0,,,
2025-06-15,46784.5602157548,0.0,0.0,16740.83554857599,63525.39576433079,74388.7056486631,74388.7056486631,0.0,0.0,0.0,3117.6056266987353,4784.033539538742,17476.72948678825,15381.42608429848,2561.416888888889,10114.9,6084.545631829111,9226.716956062188,1200.0,1200.0,,,
2025-06-16,53622.32338825932,0.0,0.0,4035.9253296433635,57658.24871790268,84927.69456396131,84927.69456396131,0.0,0.0,0.0,855.4070429648973,7974.909950568319,22472.388512594,17358.249672902777,1200.0,10027.914236824226,7036.187675126244,10800.0,2138.205580331509,1200.0,,,
2025-06-17,53746.45592300019,0.0,0.0,4382.1361533415275,58128.592076341716,85015.79117618018,85015.79117618018,0.0,0.0,0.0,909.9979216269053,7623.024842916269,20759.550452909047,17093.797414684886,2138.205580331509,10105.709259193965,7966.9837256292685,10800.0,1828.6927494108859,1200.0,,,
2025-06-18,53698.85347431408,0.0,0.0,1305.6917027740592,55004.545177088134,85434.80697461977,85434.80697461977,0.0,0.0,0.0,350.036467311826,11136.211288742137,19050.093416304135,15329.852163114665,1828.6927494108859,10143.802536090678,8712.676767561625,10800.0,1940.6077539572047,1200.0,,,
2025-06-19,49699.547200314904,0.0,0.0,5425.542360032035,55125.08956034694,79607.39238580252,79607.39238580252,0.0,0.0,0.0,1235.4291890053246,9630.343559086936,17007.57731449063,14054.603498769717,1940.6077539572047,10072.091131196841,10038.58380092498,10800.0,1631.2012272546453,1200.0,,,
2025-06-20,27623.063355277747,0.0,0.0,0.0,27623.063355277747,46426.28408061134,46426.28408061134,0.0,0.0,0.0,0.0,20710.999061594026,12000.233718688256,8685.52954967095,1631.2012272546453,7135.61855748649,8992.475691420743,10800.0,2780.8231855507966,1200.0,,,
2025-06-21,24770.556009099735,0.0,0.0,9.83057472578689,24780.386583825522,40942.56078546461,40942.56078546461,0.0,0.0,0.0,4.594800058792657,19765.08006736938,11033.596419346857,9186.261301192839,2780.8231855507966,3747.456242005959,6910.313374854305,10800.0,2504.1029616375877,1200.0,,,
2025-06-22,45479.45097848436,0.0,0.0,8043.079731719517,53522.53071020388,74371.76171508903,74371.76171508903,0.0,0.0,0.0,1842.0006305129973,6293.206653683605,18200.28300900745,15737.068417089009,2504.1029616375877,10147.471782597511,8711.045594334699,10800.0,1398.7260952009508,1200.0,,,
2025-06-23,48853.282523237955,0.0,0.0,2609.6244114149094,51462.90693465286,77963.19837978513,77963.19837978513,0.0,0.0,0.0,757.892299456802,7823.582843875134,19264.669068354284,15428.447232987492,1398.7260952009508,10108.193055555554,9499.258279209776,10800.0,1594.2091089559299,1200.0,,,
2025-06-24,56917.32391878108,0.0,0.0,1157.3708552766122,58074.694774057694,89679.53747174266,89679.53747174266,0.0,0.0,0.0,298.86678529713475,9783.637433441687,20885.118625305964,16959.144051707866,1594.2091089559299,9921.350443949555,8111.029869756385,10800.0,1547.3224809447793,1200.0,,,
2025-06-25,49478.654762540464,0.0,0.0,8419.363156777075,57898.01791931754,80292.72669517732,80292.72669517732,0.0,0.0,0.0,1879.6074217348164,8333.91039920197,17950.060947273378,14549.05859622988,1547.3224809447793,10128.783796296295,10572.38304666155,10800.0,1536.7566710131757,1200.0,,,
2025-06-26,48588.50400087593,0.0,0.0,3506.238506111584,52094.74250698752,77368.17102592271,77368.17102592271,0.0,0.0,0.0,839.5142595334498,7259.063318450137,18107.710005102854,14706.471871430158,1536.7566710131757,10106.174999932977,9297.025650610021,10800.0,1493.1713740166788,1200.0,,,
2025-06-27,27019.670290305396,0.0,0.0,0.0,27019.670290305396,45402.31418295335,45402.31418295335,0.0,0.0,0.0,0.0,22435.646486860023,12395.1380823683,9200.116252941636,1493.1713740166788,5933.5955483167545,10685.18376887048,10800.0,2426.4442559907757,1200.0,,,
2025-06-28,25601.129915615158,0.0,0.0,119.05379939987937,25720.18371501504,42851.55461174493,42851.55461174493,0.0,0.0,0.0,50.99694808977099,18707.24535282446,11346.952954050925,8928.57286370735,2426.4442559907757,5331.524471424602,8052.534174215019,10800.0,2718.065399406223,1200.0,,,
2025-06-29,45404.76338265787,0.0,0.0,9752.072940427432,55156.8363230853,73944.02566646333,73944.02566646333,0.0,0.0,0.0,2379.3775302761833,4766.804246491773,17625.37822133191,15336.547804417507,2718.065399406223,10117.772222222222,8209.63577670402,10765.598308049288,1540.2971270299352,1200.0,,,
2025-06-30,51565.445687686326,0.0,0.0,2265.8089166624377,53831.25460434877,82509.56700072323,82509.56700072323,0.0,0.0,0.0,589.642495362408,9610.95336395597,18819.289598914358,15208.717450118025,1540.2971270299352,10084.588254818636,9044.43632209911,10800.0,1579.0828214772775,1200.0,,,
2025-07-01,44396.38308989718,0.0,0.0,43583.39206149726,87979.77515139444,72530.79835255304,72530.79835255304,0.0,0.0,0.0,9695.453948957547,117.27405202021123,18861.098713087347,15618.664496930307,1579.0828214772775,9220.358767245454,5813.302917891342,9212.205459753954,1200.0,1200.0,,,
2025-07-02,48518.000073680334,0.0,0.0,10116.000572220575,58634.00064590091,78323.444785954,78323.444785954,0.0,0.0,0.0,2616.3317898230216,4308.674521815179,19612.273860730427,15885.938173435265,1200.0,9992.275136865153,8332.961650958137,10800.0,1200.004059729312,1200.0,,,
2025-07-03,56742.606075111835,0.0,0.0,5984.33508589437,62726.94116100621,90194.71001135831,90194.71001135831,0.0,0.0,0.0,1316.326258985436,7543.06416262106,20181.994767578988,15974.44159318964,1200.004059729312,9983.983753645245,8401.126768007374,10800.0,1614.4198025619137,1200.0,,,
2025-07-04,28341.606449966534,0.0,0.0,676.9463731161331,29018.552823082668,46021.056151659366,46021.056151659366,0.0,0.0,0.0,316.030141773492,14471.567954946591,12821.923779046434,9837.272907226836,1614.4198025619137,3689.3476387953483,6554.2253074082155,10800.0,2223.847973451664,1200.0,,,
2025-07-05,26514.982464063916,0.0,0.0,1850.1668640445816,28365.1493281085,43829.52719902956,43829.52719902956,0.0,0.0,0.0,702.0575449315008,13887.170869380327,12257.616181761525,10403.282273847457,2223.847973451664,3924.2901392417753,5876.239879686096,10800.0,1696.500010539863,1200.0,,,
2025-07-06,50068.12150529075,0.0,0.0,24135.844010465204,74203.96551575596,79605.98232198042,79605.98232198042,0.0,0.0,0.0,5347.842113286961,1789.4767702461168,20014.44157244565,16644.075457424373,1696.500010539863,10050.496823957554,7347.1010776611565,10789.848469260907,1216.0802508249756,1200.0,,,
2025-07-07,55302.61528597819,0.0,0.0,4054.5875296350814,59357.202815613266,87682.71989248686,87682.71989248686,0.0,0.0,0.0,864.5834576828883,11162.497491274287,18642.18233580732,14666.859243578529,1216.0802508249756,10077.734982042437,8201.631377970267,10800.0,1697.5340824087555,1200.0,,,
2025-07-08,63441.155716184745,0.0,0.0,56.2449425134621,63497.40065869821,98816.19394986238,98816.19394986238,0.0,0.0,0.0,25.81819716018458,19160.580288159046,18164.179103065202,14054.134260868357,1697.5340824087555,10045.1875,9511.756576684416,10800.0,2429.5905408692615,1200.0,,,
2025-07-09,62206.37992623027,0.0,0.0,366.77474434145375,62573.15467057173,97636.07096209511,97636.07096209511,0.0,0.0,0.0,65.80511221279905,20109.365765978324,17967.05781849027,14433.272526827355,2429.5905408692615,10077.123148148148,8926.460715113928,10800.0,2562.9731032578875,1200.0,,,
2025-07-10,57630.787011987166,0.0,0.0,1582.343911258764,59213.13092324593,90069.3865829947,90069.3865829947,0.0,0.0,0.0,355.62776944626256,14307.873152255186,18912.834441746156,15649.316624893718,2562.9731032578875,10067.50925925926,8235.985780799625,10800.0,2196.394517614186,1200.0,,,
2025-07-11,40734.904983732835,0.0,0.0,0.0,40734.904983732835,67428.95042463539,67428.95042463539,0.0,0.0,0.0,0.0,31479.82858889611,12712.000926930737,9281.656241191453,2196.394517614186,9984.425851851842,10800.0,10800.0,3324.2439727502406,1200.0,,,
2025-07-12,31097.564745964028,0.0,0.0,0.0,31097.564745964028,50070.95882715561,50070.95882715561,0.0,0.0,0.0,0.0,17892.108297643645,11024.721017931832,9930.113821753193,3324.2439727502406,4515.940945110954,7640.561231749507,10800.0,2213.0330869408954,1200.0,,,
2025-07-13,57916.75953001937,0.0,0.0,795.7116836472445,58712.47121366661,89893.98152827942,89893.98152827942,0.0,0.0,0.0,191.35502120572556,18020.899242794436,17662.94663616712,14866.229729476418,2213.0330869408954,10064.354166666666,9142.184051619804,10800.0,1591.6520267397282,1200.0,,,
2025-07-14,57563.278341880155,0.0,0.0,988.2350246496883,58551.51336652984,91388.98422783457,91388.98422783457,0.0,0.0,0.0,215.07089316836158,15853.100315116331,17991.668316595526,14048.392727375578,1591.6520267397282,10029.172685185185,9180.65696980578,10800.0,2174.828259036169,1200.0,,,
2025-07-15,59808.25293087975,0.0,0.0,241.2015442987416,60049.45447517849,94130.88218479173,94130.88218479173,0.0,0.0,0.0,51.35849693247627,17729.882254697568,18038.366327893265,14335.058484199953,2174.828259036169,10036.193055555379,8774.382597623797,10800.0,2481.515193917937,1200.0,,,
2025-07-16,55633.08389319801,0.0,0.0,762.1819954590649,56395.26588865708,86716.99171124435,86716.99171124435,0.0,0.0,0.0,190.57925450023592,11921.064606892916,17416.811722093746,14564.868746575403,2481.515193917937,10004.76760353166,9287.852903719719,10800.0,1973.4582476074165,1200.0,,,
2025-07-17,52922.20619905008,0.0,0.0,5576.778896720269,58498.985095770346,83779.11145834453,83779.11145834453,0.0,0.0,0.0,1267.3082874672477,8826.926039851292,18952.550980716533,15453.473341422707,1973.4582476074165,10019.576851851853,8205.465692436284,10792.969870371691,1860.2281953381787,1200.0,,,
2025-07-18,37399.009277011006,0.0,0.0,0.0,37399.009277011006,61583.3575648237,61583.3575648237,0.0,0.0,0.0,0.0,27323.201938248843,12373.798877607784,9387.891351032917,1860.2281953381787,8561.205102745596,10800.0,10800.0,2565.6567951486104,1200.0,,,
2025-07-19,36389.80803087013,0.0,0.0,0.0,36389.80803087013,59343.77549431344,59343.77549431344,0.0,0.0,0.0,0.0,30348.186306804666,11014.55944571965,9201.789308210873,2565.6567951486104,8419.196762765454,10800.0,10800.0,2254.549953839771,1200.0,,,
2025-07-20,55304.61616819485,0.0,0.0,2257.3641067524513,57561.9802749473,88282.96714598167,88282.96714598167,0.0,0.0,0.0,519.4945932011938,13961.002893803834,17606.654368747266,14855.173740034894,2254.549953839771,10054.930313870522,9125.260854084136,10800.0,1594.7902856735416,1200.0,,,
2025-07-21,55894.20819875113,0.0,0.0,989.834626296313,56884.042825047436,88483.63330302763,88483.63330302763,0.0,0.0,0.0,248.31262783617493,10796.480937645032,19754.36829725692,15808.652654038147,1594.7902856735416,10011.165867437394,8131.660343180288,10800.0,1808.552137606827,1200.0,,,
2025-07-22,51510.17714173938,0.0,0.0,5828.676059994384,57338.853201733764,81466.17003950455,81466.17003950455,0.0,0.0,0.0,1397.9879270018582,5806.361433427408,18842.50788378813,15579.85596737581,1808.552137606827,9918.431288270807,8114.464587605678,10800.0,1455.858158154134,1200.0,,,
2025-07-23,59463.91069022543,0.0,0.0,895.722352814857,60359.63304304029,93447.68285048875,93447.68285048875,0.0,0.0,0.0,241.71854249130286,15832.31071455275,18719.956161721744,15079.412599961099,1455.858158154134,10031.021957101966,9489.422827472335,10800.0,1548.9158148580377,1200.0,,,
2025-07-24,58839.88433704848,0.0,0.0,676.9305208395082,59516.81485788799,92177.25676365363,92177.25676365363,0.0,0.0,0.0,189.04032870368894,15118.335698657113,18536.786385997562,14905.296992297372,1548.9158148580377,9981.111894954192,9267.293605587494,10800.0,1670.5824597032145,1200.0,,,
2025-07-25,31160.850190300996,0.0,0.0,21.791081673548046,31182.641271974546,50407.46388571543,50407.46388571543,0.0,0.0,0.0,7.576370967594279,20784.494771808826,12532.083463962648,9406.857545755121,1670.5824597032145,4096.873324057587,8588.807398773193,10800.0,2497.393637541685,1200.0,,,
2025-07-26,34354.27729982193,0.0,0.0,29.699467459304167,34383.97676728123,57614.48104499309,57614.48104499309,0.0,0.0,0.0,13.567595915625475,27122.77659661407,11777.130855406358,9740.950377778378,2497.393637541685,9916.503193097242,10800.0,10800.0,2273.5332098758804,1200.0,,,
2025-07-27,53023.25606574311,0.0,0.0,5629.095659681273,58652.351725424385,84484.60898799138,84484.60898799138,0.0,0.0,0.0,1358.938472916816,9343.278500790319,18390.652156614982,15575.572996497101,2273.5332098758804,9919.71582189611,8532.389755457492,10800.0,1518.927932499253,1200.0,,,
2025-07-28,54421.94200270738,0.0,0.0,5913.903305023633,60335.84530773101,86778.33709339052,86778.33709339052,0.0,0.0,0.0,1276.4892114289023,5911.018391346487,21252.90847741778,17063.977797278174,1518.927932499253,10042.373807556249,7009.313693960636,10800.0,1686.5702318661715,1200.0,,,
2025-07-29,52555.108890847456,0.0,0.0,6961.892355890238,59517.001246737695,83972.96589325923,83972.96589325923,0.0,0.0,0.0,1400.6804713837441,5709.048838069548,19877.898780088683,16282.547203515269,1686.5702318661715,10044.494260715917,7582.348759111436,10800.0,1484.9600189290197,1200.0,,,
2025-07-30,49348.71771331011,0.0,0.0,9065.932458551943,58414.65017186205,78697.35972005225,78697.35972005225,0.0,0.0,0.0,2238.215894182591,2750.5919315711044,20347.20443233628,16265.47479967255,1484.9600189290197,10122.796296271741,6612.700527494601,10800.0,1724.6942306177293,1200.0,,,
2025-07-31,52683.52839376329,0.0,0.0,4531.261768122029,57214.79016188532,84061.69187881275,84061.69187881275,0.0,0.0,0.0,1125.678007412839,7008.238478563353,20256.321775145436,16772.18663414986,1724.6942306177293,10043.608333333334,7976.062996247618,10800.0,1319.6209014154433,1200.0,,,
2025-08-01,31069.93961307908,0.0,0.0,133.24774428969673,31203.187357368777,49972.54126924445,49972.54126924445,0.0,0.0,0.0,62.751370688389784,25452.504514345066,12401.62282558778,9070.194366666667,1319.6209014154433,3792.8225338225425,9351.408978579964,10800.0,2403.0877037037053,1200.0,,,
2025-08-02,35763.28465235614,0.0,0.0,0.0,35763.28465235614,58960.120752479765,58960.120752479765,0.0,0.0,0.0,0.0,35900.8268450992,11516.424382716043,9384.155408668808,2403.0877037037053,9104.407671319255,10800.0,10800.0,2341.0303051828078,1200.0,,,
2025-08-03,47398.95999232544,0.0,0.0,3009.8908738507243,50408.850866176166,74811.31935594592,74811.31935594592,0.0,0.0,0.0,711.8826667082487,10400.616150777354,16789.096991459686,14505.9911029162,2341.0303051828078,10028.597725923015,6960.200792317882,10800.0,1333.44970536742,1200.0,,,
2025-08-04,50922.11221344155,0.0,0.0,944.0229265594178,51866.135140000966,79917.73058504645,79917.73058504645,0.0,0.0,0.0,343.51757246871574,11041.368740371638,18242.665585466766,14438.44125165657,1333.44970536742,10008.917129629559,8172.869066838845,10800.0,1709.1362304468764,1200.0,,,
2025-08-05,49403.28368407608,0.0,0.0,902.3975456607807,50305.68122973686,77796.54190899382,77796.54190899382,0.0,0.0,0.0,251.23287704099897,9466.435463028716,18223.95476740237,14794.925177729594,1709.1362304468764,10010.9625,8124.937599602791,10800.0,1671.889768076129,1200.0,,,
2025-08-06,55006.67895142222,0.0,0.0,2609.201917320903,57615.88086874312,85027.94617778038,85027.94617778038,0.0,0.0,0.0,620.4269616313962,14085.959050823454,17716.749969211618,14268.735147289954,1671.889768076129,10061.320666688185,8320.64481242224,10800.0,1762.8145767110814,1200.0,,,
2025-08-07,54101.51540532553,0.0,0.0,1537.6889883704407,55639.204393695974,86393.62917823209,86393.62917823209,0.0,0.0,0.0,510.68799669442785,20570.62505618826,16900.790987906224,13955.084119167972,1762.8145767110814,9972.956396321311,9838.396023087222,10800.0,1467.8774445289364,1200.0,,,
2025-08-08,29693.25353003289,0.0,0.0,12.762528025840519,29706.01605805873,48782.84901700037,48782.84901700037,0.0,0.0,0.0,6.064399156968648,29588.24434065592,13031.239732416405,9605.741906914993,1467.8774445289364,4547.948369296996,5078.564543074115,10800.0,2522.946640464825,1200.0,,,
2025-08-09,29640.47661054484,0.0,0.0,65.58878681032607,29706.065397355167,47640.53697079356,47640.53697079356,0.0,0.0,0.0,21.424271385968947,26346.200248821442,11782.607923960219,9388.77593060213,2522.946640464825,4168.8971851253,7645.4776122490075,10800.0,2695.320515804431,1200.0,,,
2025-08-10,51762.053217391134,0.0,0.0,1221.8554702451456,52983.90868763628,80406.9355933643,80406.9355933643,0.0,0.0,0.0,287.44956866420046,13046.385425571425,16184.904870276445,13841.524183819378,2695.320515804431,10039.783333333304,8542.576123260556,10800.0,1882.2635836983702,1200.0,,,
2025-08-11,49113.740168926204,0.0,0.0,3523.257355108967,52636.99752403517,78616.3180553359,78616.3180553359,0.0,0.0,0.0,876.3086286323096,12000.89821075252,18051.048112262033,15120.57297237969,1882.2635836983702,10005.83021263475,8799.444229264387,10800.0,1327.5702487567678,1200.0,,,
2025-08-12,53087.32855888957,0.0,0.0,2022.0636135359541,55109.39217242552,84836.16080914662,84836.16080914662,0.0,0.0,0.0,529.4628595755328,14121.437544219183,18055.12590756769,14571.483433064732,1327.5702487567678,10017.766928440173,9641.437640650258,10800.0,1386.6464177179894,1200.0,,,
2025-08-13,48501.40770814504,0.0,0.0,1505.149989155484,50006.55769730052,77800.83265796583,77800.83265796583,0.0,0.0,0.0,363.1634882449371,8422.733980539819,18175.95954606393,14555.676830392975,1386.6464177179894,9959.42304763385,8565.928102297563,10800.0,1572.0357531833308,1200.0,,,
2025-08-14,49423.88986643903,0.0,0.0,1993.0901578285568,51416.980024267585,77810.74371785196,77810.74371785196,0.0,0.0,0.0,443.1922443190982,8659.52724774871,19747.657912241397,16079.540181152384,1572.0357531833308,9949.014084129609,7572.304313337819,10800.0,1478.772117364607,1200.0,,,
2025-08-15,31011.98337941379,0.0,0.0,58.04337953016108,31070.02675894395,50559.74662194848,50559.74662194848,0.0,0.0,0.0,26.53722977717689,30107.81011946781,13185.933285232742,9867.186436308226,1478.772117364607,5020.094720757338,9332.362418257146,10800.0,2382.571589287156,1200.0,,,
2025-08-16,30808.86935127661,0.0,0.0,151.64906066149996,30960.518411938112,48382.8182232944,48382.8182232944,0.0,0.0,0.0,57.78788965211618,29432.83759531023,11865.685538652127,9787.197387682503,2382.571589287156,3161.9282819007203,7305.205964601226,10800.0,2187.024809982403,1200.0,,,
2025-08-17,48295.00678240632,0.0,0.0,3209.9524232696267,51504.95920567595,77026.63850439846,77026.63850439846,0.0,0.0,0.0,707.6520282208922,11769.299029551477,17874.7164257813,15075.11853938008,2187.024809982403,10022.55710839352,9040.028242604738,10800.0,1524.1378827632634,1200.0,,,
2025-08-18,49383.36823360937,0.0,0.0,2155.495996017403,51538.86422962677,77756.83369558082,77756.83369558082,0.0,0.0,0.0,494.94406830136563,10161.245630597728,18888.469176737108,15192.05266011931,1524.1378827632634,9950.155146018657,8702.178678751225,10800.0,1643.701630582985,1200.0,,,
2025-08-19,48652.60005097915,0.0,0.0,1847.191825989672,50499.79187696882,76671.92113713776,76671.92113713776,0.0,0.0,0.0,443.51432058338037,9420.552893617038,17764.10726566364,14386.88475155953,1643.701630582985,10040.313322716303,8367.21522927677,10800.0,1645.9706679474505,1200.0,,,
2025-08-20,52595.141981504894,0.0,0.0,4615.564251888853,57210.70623339375,84148.9885980071,84148.9885980071,0.0,0.0,0.0,976.5927453626474,10768.175748214935,19981.49160890558,16274.77708041743,1645.9706679474505,9960.372828408104,7657.734094188865,10800.0,1546.227471054222,1200.0,,,
2025-08-21,50265.8673234795,0.0,0.0,1389.2898945421216,51655.15721802162,79846.48320958352,79846.48320958352,0.0,0.0,0.0,341.50981647524645,10795.439284424461,17994.13359580012,14445.998337499148,1546.227471054222,10033.99490740586,9399.595765398932,10800.0,1689.8384433863869,1200.0,,,
2025-08-22,29861.532217779877,0.0,0.0,160.9654413019268,30022.497659081804,48072.89584470399,48072.89584470399,0.0,0.0,0.0,75.2659757220141,23985.465269460256,12729.953355085087,9797.826204119337,1689.8384433863869,3453.4340442451453,7068.356226346478,10800.0,2260.322902830366,1200.0,,,
2025-08-23,28055.538335980695,0.0,0.0,0.4969639142761772,28056.03529989497,45995.161235560285,45995.161235560285,0.0,0.0,0.0,0.2327154831543794,21013.353920737212,12037.483832246098,9585.449951939878,2260.322902830366,4544.505479158211,5043.556399018691,10800.0,2443.55840525199,1200.0,,,
2025-08-24,47809.88172166153,0.0,0.0,2277.1728198353594,50087.05454149689,73348.15003375924,73348.15003375924,0.0,0.0,0.0,558.199662157897,7108.1449704480065,18884.81420113973,15820.198959003927,2443.55840525199,9245.01747608583,7149.414720350897,10800.0,1861.8923429400502,1200.0,,,
2025-08-25,61479.77681316735,0.0,0.0,752.2223997584656,62231.99921292582,96117.4579140229,96117.4579140229,0.0,0.0,0.0,263.6683456932863,22445.07064617417,17444.906971540997,14281.938374665642,1861.8923429400502,9974.812499999975,9696.083845635989,10800.0,1693.488201031794,1200.0,,,
2025-08-26,49032.24917411906,0.0,0.0,764.0351273845263,49796.28430150359,75876.42061347081,75876.42061347081,0.0,0.0,0.0,202.73614122805853,6855.024856650459,19125.040441256857,15429.726926541778,1693.488201031794,10005.436355359725,6723.76616685393,10800.0,1761.8835686721059,1200.0,,,
2025-08-27,49197.20561840455,0.0,0.0,5654.625546083229,54851.83116448778,77135.04526812548,77135.04526812548,0.0,0.0,0.0,1312.248584960047,7068.017752336409,18741.411014998987,15276.283780916521,1761.8835686721059,9961.384515380321,7857.482459964746,10767.65395028383,1655.5048367083973,1200.0,,,
2025-08-28,47463.21326355921,0.0,0.0,10549.851946186627,58013.06520974584,75914.96680265245,75914.96680265245,0.0,0.0,0.0,2434.694892388062,3866.564400107749,19484.632771155113,15769.330459555686,1655.5048367083973,9983.559271414191,6885.8070487568675,10800.0,1670.1960423527958,1200.0,,,
2025-08-29,32305.183605773345,0.0,0.0,0.0,32305.183605773345,52469.44582314198,52469.44582314198,0.0,0.0,0.0,0.0,26563.576462864054,13983.488903558618,10632.839893280685,1670.1960423527958,6027.420874625198,9410.333474230392,10800.0,2441.069507465906,1200.0,,,
2025-08-30,30379.515778294455,0.0,0.0,68.58165477720846,30448.097433071664,48456.38623965092,48456.38623965092,0.0,0.0,0.0,32.31262969770444,27798.149001987666,11758.434250963806,9580.604216936174,2441.069507465906,4305.6699858244865,8904.811195927392,10800.0,2378.5445367375855,1200.0,,,
2025-08-31,48110.470429445755,0.0,0.0,4634.724004099131,52745.194433544886,74408.09542705369,74408.09542705369,0.0,0.0,0.0,1044.42012904398,6161.156321204289,18192.554962920505,15547.818811360468,2378.5445367375855,9511.946100535462,5798.21071827813,10800.0,1476.489768521077,1200.0,,,
2025-09-01,54221.88193141028,0.0,0.0,0.0,54221.88193141028,86169.15926655161,86169.15926655161,0.0,0.0,0.0,0.0,27940.619034053456,16581.453774252845,11927.048075088034,1476.489768521077,10019.87037037037,10450.201834651361,10800.0,3147.5225263619377,1200.0,,,
2025-09-02,44421.2809938124,0.0,0.0,485.39514229906183,44906.67613611146,70576.64888554314,70576.64888554314,0.0,0.0,0.0,123.04065471198219,13923.147993337712,17748.07527008743,15029.289573170017,3147.5225263619377,9981.467465904554,7505.548180686512,10800.0,2421.5796325850483,1200.0,,,
2025-09-03,46702.03454398493,0.0,0.0,399.12056701182365,47101.155110996755,74401.36504649252,74401.36504649252,0.0,0.0,0.0,99.6037446480531,15856.687010028549,16554.640889144346,13458.076358032333,2421.5796325850483,9973.114351851851,8559.577611307013,10800.0,2367.3382572234777,1200.0,,,
2025-09-04,45598.258101566345,0.0,0.0,2113.6298241510212,47711.88792571737,71550.09995107749,71550.09995107749,0.0,0.0,0.0,400.2608274180939,15032.794070089709,17568.763795572973,14576.76263716711,2367.3382572234777,9978.721606704075,7652.88698377849,10800.0,1982.8227430534778,1200.0,,,
2025-09-05,26796.179232975323,0.0,0.0,0.0,26796.179232975323,43820.215100611545,43820.215100611545,0.0,0.0,0.0,0.0,33401.59785290346,12710.51263117515,9116.157050133736,1982.8227430534778,4390.120671582159,5421.0481407720345,10800.0,3293.220722073626,1200.0,,,
2025-09-06,25947.572823306968,0.0,0.0,0.0,25947.572823306968,42235.739885287985,42235.739885287985,0.0,0.0,0.0,0.0,31966.363113441075,11531.455432263872,8983.162360416958,3293.220722073626,4293.5040970240025,3010.5748773457103,10800.0,3690.239099536713,1200.0,,,
2025-09-07,40600.899309633474,0.0,0.0,2314.7362619338073,42915.63557156728,63611.553338045465,63611.553338045465,0.0,0.0,0.0,482.402140142965,7344.280480947209,16453.91997499878,14665.228594424218,3690.239099536713,9975.607407407408,6760.1969214164,10800.0,2204.0686387864885,1200.0,,,
2025-09-08,40613.908357017295,0.0,0.0,8189.532686424834,48803.44104344213,66652.8909837972,66652.8909837972,0.0,0.0,0.0,2240.2530890947487,6753.912132644011,18322.584293525877,15578.92188661126,2204.0686387864885,9863.032787139127,8504.136388075402,10800.0,1384.4812956139383,1200.0,,,
2025-09-09,37304.52651803718,0.0,0.0,7052.771661178864,44357.29817921604,60070.06210376136,60070.06210376136,0.0,0.0,0.0,1666.6832550304591,4949.631696320284,19592.215527033717,15907.936131228857,1384.4812956139383,9247.545816591477,7286.181212851165,10800.0,1341.990679690003,1200.0,,,
2025-09-10,44466.98395210227,0.0,0.0,4256.369160224023,48723.353112326295,72954.60310255415,72954.60310255415,0.0,0.0,0.0,853.3472772717266,8554.316474972846,20698.545246782,16760.909991928973,1341.990679690003,9760.21328512501,7231.516404151421,10800.0,1347.4480774282833,1200.0,,,
2025-09-11,44750.6906024413,0.0,0.0,7264.999019973773,52015.68962241507,72051.97920067006,72051.97920067006,0.0,0.0,0.0,1479.456792235318,16266.516483150734,18949.939579423128,15181.105853001827,1347.4480774282833,9868.636431763312,7867.613438894111,10800.0,1534.498306684847,1200.0,,,
2025-09-12,23753.92286491565,0.0,0.0,0.0,23753.92286491565,40350.840176479796,40350.840176479796,0.0,0.0,0.0,0.0,24999.39055433921,13995.845646893376,10196.05222475279,1534.498306684847,5484.663548062418,3099.345251766122,10800.0,2801.8124724969,1200.0,,,
2025-09-13,21623.087212209015,0.0,0.0,0.0,21623.087212209015,36924.31696990748,36924.31696990748,0.0,0.0,0.0,0.0,26667.165634714504,12448.707520270933,10198.657668411292,2801.8124724969,4994.519444610237,3191.884017566923,10800.0,2673.807386950414,1200.0,,,
2025-09-14,44628.55862159497,0.0,0.0,4761.404640165434,49389.96326176041,71471.60563991328,71471.60563991328,0.0,0.0,0.0,1256.4158606066278,10976.65665570171,15016.057494314484,13364.017399496284,2673.807386950414,9934.578033739564,10709.327098488697,10800.0,1339.3509101709137,1200.0,,,
2025-09-15,39532.244332095026,0.0,0.0,3281.4449090949693,42813.68924119,62739.969609099804,62739.969609099804,0.0,0.0,0.0,712.8591834504209,4391.663366132438,20921.558854803796,16927.42406171934,1339.3509101709137,9891.647685185186,6631.186709654169,10800.0,1360.504922028397,1200.0,,,
2025-09-16,47829.436659279156,0.0,0.0,2634.032598956037,50463.46925823519,77295.72046162214,77295.72046162214,0.0,0.0,0.0,597.963045253492,14580.409565067224,19388.449446181443,15566.945487706362,1360.504922028397,9875.228664364951,8551.764401960914,10800.0,1513.5033261401863,1200.0,,,
2025-09-17,46503.39632075723,0.0,0.0,1212.704347476009,47716.10066823324,73731.37521794753,73731.37521794753,0.0,0.0,0.0,303.2459416151703,10144.703261076871,20166.94969847033,16237.150199984495,1513.5033261401863,9887.660981677305,7490.47451284976,10800.0,1622.4800547807083,1200.0,,,
2025-09-18,41403.7048912287,0.0,0.0,3852.223356651214,45255.928247879914,65690.05289951243,65690.05289951243,0.0,0.0,0.0,666.6631084796395,4014.0683657572813,19825.41355195143,16438.817026383298,1622.4800547807083,9911.150462962964,5799.694546211322,10282.386198189675,1200.0,1200.0,,,
2025-09-19,25642.0187291558,0.0,0.0,0.0,25642.0187291558,42873.59110915908,42873.59110915908,0.0,0.0,0.0,0.0,22324.672400309162,14528.18783950617,10080.621447322916,1200.0,5433.690293354733,6727.443620478719,10800.0,3074.678558530093,1200.0,,,
2025-09-20,22844.26671605137,0.0,0.0,77.65602719943811,22921.92274325081,38423.857693756174,38423.857693756174,0.0,0.0,0.0,23.450303375898216,20846.71485184756,12834.891889699073,10879.732477747895,3074.678558530093,5455.351256170459,4751.407931463432,10800.0,2537.4896173171555,1200.0,,,
2025-09-21,41812.99327587776,0.0,0.0,3904.0613937049216,45717.05466958268,67644.58583246179,67644.58583246179,0.0,0.0,0.0,882.4812856400827,7937.7906994024925,17794.24218992555,15492.453254559503,2537.4896173171555,9909.4664437781,8400.478360398552,10800.0,1338.4706387395968,1200.0,,,
2025-09-22,50166.05272712754,0.0,0.0,914.925712006328,51080.97843913387,79623.46370405937,79623.46370405937,0.0,0.0,0.0,264.4538709062203,15308.965161934175,19540.23027232968,15575.29774263161,1338.4706387395968,9941.164323324894,8213.726025357211,10800.0,1618.7915031345292,1200.0,,,
2025-09-23,48409.68215411362,0.0,0.0,394.4768056957341,48804.158959809356,77130.27050871596,77130.27050871596,0.0,0.0,0.0,112.08846865263038,11409.522113676081,19813.051328355392,16096.830047996224,1618.7915031345292,9911.41709840362,7837.821899749235,10800.0,1565.170978658582,1200.0,,,
2025-09-24,41697.16161798552,0.0,0.0,4450.128066083893,46147.289684069416,66037.39295407891,66037.39295407891,0.0,0.0,0.0,1017.5378762593991,2750.979495459868,18786.211135111414,15545.484900232976,1565.170978658582,9943.120720934374,5713.058755310407,10098.41928593437,1200.0,1200.0,,,
2025-09-25,46665.28436717482,0.0,0.0,3061.572133503267,49726.856500678085,75271.2712937321,75271.2712937321,0.0,0.0,0.0,731.0164572571781,11529.742573916985,19235.841722478854,15098.745445406568,1200.0,9886.88613934468,8355.191247252913,10784.395378671412,1735.873722001451,1200.0,,,
2025-09-26,28203.165049294657,0.0,0.0,0.0,28203.165049294657,48712.70339816953,48712.70339816953,0.0,0.0,0.0,0.0,27337.118212959376,14266.388333578636,10585.046648368481,1735.873722001451,9839.1065,9583.881350037347,10800.0,2814.4602795905803,1200.0,,,
2025-09-27,22690.898907533523,0.0,0.0,86.29347153674577,22777.192379070268,38612.452200133965,38612.452200133965,0.0,0.0,0.0,31.756766850127974,18599.101944071495,13401.588907450794,11157.784134538193,2814.4602795905803,5884.286343836303,3321.428670903093,10800.0,2478.352369031638,1200.0,,,
2025-09-28,42793.62509151727,0.0,0.0,7238.417095556215,50032.042187073486,68597.05243664405,68597.05243664405,0.0,0.0,0.0,1800.7040817667175,4283.0333229653415,19004.555732143643,16377.461703364885,2478.352369031638,9868.812096159056,7399.586955489453,10800.0,1385.2728575554952,1200.0,,,
2025-09-29,49361.05850573268,0.0,0.0,1971.9955511559706,51333.05405688865,78956.86066667545,78956.86066667545,0.0,0.0,0.0,444.96184142774314,12696.385105722711,19786.119014667172,15840.57321228669,1385.2728575554952,9897.261894530982,7846.208223451144,10800.0,1592.1430682151856,1200.0,,,
2025-09-30,48550.26837358519,0.0,0.0,4507.08104477142,53057.34941835661,76772.77332039601,76772.77332039601,0.0,0.0,0.0,955.3499625489496,8332.768124384726,20893.749312843225,16920.568920949656,1592.1430682151856,9917.605492948976,7221.371338089251,10800.0,1595.885315385584,1200.0,,,
2025-10-01,45165.565725607,0.0,0.0,163.98442796168413,45329.55015356868,73492.2891110192,73492.2891110192,0.0,0.0,0.0,59.42790579111225,19381.489001418435,19551.068447685622,15042.361965627082,1595.885315385584,9885.319811523208,8380.73493572476,10800.0,2478.1114009392213,1200.0,,,
2025-10-02,49236.45066825327,0.0,0.0,261.06719582484476,49497.51786407811,78626.61490387842,78626.61490387842,0.0,0.0,0.0,106.25522074932066,24030.752070659324,16405.097679435115,13433.762742133356,2478.1114009392213,9856.111657865773,10323.889702741093,10800.0,2316.2962656159866,1200.0,,,
2025-10-03,21391.476159187325,0.0,0.0,0.0,21391.476159187325,37449.22887986299,37449.22887986299,0.0,0.0,0.0,0.0,25896.68712883915,13702.712400344379,9967.324349320534,2316.2962656159866,5503.492967798438,6264.3723934141335,10800.0,3573.9325933475543,1200.0,,,
2025-10-04,24452.854199153124,0.0,0.0,7.029260433998613,24459.883459587123,42942.95375910014,42942.95375910014,0.0,0.0,0.0,3.198753326051701,27358.78987477724,12951.263044428644,10459.88284011303,3573.9325933475543,9747.840055555554,9394.435953040658,10800.0,3607.9772887632976,1200.0,,,
2025-10-05,45183.83771198351,0.0,0.0,1085.9978391350028,46269.835551118515,72442.09276682365,72442.09276682365,0.0,0.0,0.0,392.78298724461337,16552.95765166835,14750.519740628415,13204.562704895157,3607.9772887632976,9921.63196373398,9963.600533584073,10800.0,2211.7087165564753,1200.0,,,
2025-10-06,41129.646602051755,0.0,0.0,1940.06269277052,43069.70929482228,66169.45433104772,66169.45433104772,0.0,0.0,0.0,423.08104573309544,5434.4412191558495,19572.63182015686,16147.646912531894,2211.7087165564753,9957.555418115708,6425.1724131516075,10633.067692620401,1885.2474518844326,1200.0,,,
2025-10-07,43876.23567229192,0.0,0.0,3992.3306731941616,47868.566345486084,71830.44961533559,71830.44961533559,0.0,0.0,0.0,980.1527774156854,11005.374367808876,19685.942673205347,15652.277648262936,1885.2474518844326,9903.483740719796,7301.684345651596,10800.0,2211.176248588204,1200.0,,,
2025-10-08,40249.85043198601,0.0,0.0,4518.948509873362,44768.79894185937,67510.27499729322,67510.27499729322,0.0,0.0,0.0,826.8313275951002,8971.802971617866,19483.720014341896,16596.912327738115,2211.176248588204,9890.987343605027,7805.1781247013405,10800.0,1305.5105640091174,1200.0,,,
2025-10-09,46571.29396339307,0.0,0.0,1374.4756969150212,47945.76966030809,76406.03915350513,76406.03915350513,0.0,0.0,0.0,287.1100433925874,17309.90333563721,18973.073481890155,15349.809303962968,1305.5105640091174,9971.582979636949,9188.091448914793,10800.0,1325.9330266402903,1200.0,,,
2025-10-10,21257.96198927707,0.0,0.0,13.763385250013291,21271.725374527086,38435.584492911206,38435.584492911206,0.0,0.0,0.0,6.437504794206404,24867.65002793511,15491.178283156874,11260.417230053237,1325.9330266402903,6521.598418494591,7409.908815593962,10692.020466607513,2756.4187814223287,1200.0,,,
2025-10-11,20794.298350437482,0.0,0.0,15.102707473269446,20809.401057910753,37824.23892178772,37824.23892178772,0.0,0.0,0.0,7.072211413378341,21411.04347858097,14098.44170376943,11784.487632482627,2756.4187814223287,7389.881989693991,7378.857955182821,10614.396593537822,2351.141167611896,1200.0,,,
2025-10-12,40184.742287379246,0.0,0.0,6163.918147868047,46348.66043524729,66678.5031702764,66678.5031702764,0.0,0.0,0.0,1339.38480243778,6873.154882921514,18712.979407396728,16083.202300937395,2351.141167611896,9911.979917735931,8263.507138814308,10800.0,1322.5978554496246,1200.0,,,
2025-10-13,43693.98415447207,0.0,0.0,1704.317575583613,45398.30173005568,72047.99867143226,72047.99867143226,0.0,0.0,0.0,345.3841417939068,11340.002790696431,20668.132918076855,16642.148195547124,1322.5978554496246,9899.108518557445,7226.919539912457,10800.0,1432.6417088886592,1200.0,,,
2025-10-14,45393.162618902716,0.0,0.0,1637.13530285659,47030.29792175931,74193.02535958738,74193.02535958738,0.0,0.0,0.0,465.2521010427448,10107.481566889895,20115.221909080523,16338.255298673623,1432.6417088886592,9936.353956049179,7410.991417493982,10800.0,1382.7244285348847,1200.0,,,
2025-10-15,47310.26576219652,0.0,0.0,647.5745659930159,47957.84032818954,76833.51748943326,76833.51748943326,0.0,0.0,0.0,191.3085539031988,11158.665694508072,20060.291716254003,16114.155017425608,1382.7244285348847,9868.62855393464,8154.089378115954,10800.0,1532.370287135032,1200.0,,,
2025-10-16,45004.5575640322,0.0,0.0,1209.8441802373195,46214.40174426952,72923.54721208935,72923.54721208935,0.0,0.0,0.0,358.44228595272153,6325.203438493254,21240.041725238145,17249.728615689328,1532.370287135032,9907.074647666614,7350.0122450948475,10800.0,1482.0427113056658,1200.0,,,
2025-10-17,20133.295539305123,0.0,0.0,423.82322145499575,20557.11876076012,36735.04073218912,36735.04073218912,0.0,0.0,0.0,101.43227804168328,16784.024073807603,15461.38040307601,11413.13078331948,1482.0427113056658,6155.2342135060935,2883.066565736114,10768.100833348726,2716.028648163542,1200.0,,,
2025-10-18,22404.92530299795,0.0,0.0,0.0,22404.92530299795,38728.84138611566,38728.84138611566,0.0,0.0,0.0,0.0,19660.739525279598,14068.107016443802,11076.598422274412,2716.028648163542,5824.479802253708,8851.672160058126,10800.0,3069.993382658062,1200.0,,,
2025-10-19,44995.79666303961,0.0,0.0,3034.723083016617,48030.51974605623,72205.50474041564,72205.50474041564,0.0,0.0,0.0,676.704091805334,6673.402586594642,19602.548156061966,17279.464443768964,3069.993382658062,9877.967507651583,7540.453232792336,10800.0,1512.881785592766,1200.0,,,
2025-10-20,50696.26004830981,0.0,0.0,462.8884666660218,51159.14851497583,80539.32750286814,80539.32750286814,0.0,0.0,0.0,181.14762928802577,12711.925398148549,18887.87977843345,15320.112411092497,1512.881785592766,9924.192271870681,9343.391715032862,10800.0,1489.6264627467617,1200.0,,,
2025-10-21,47737.22132957722,0.0,0.0,1298.3667850355569,49035.58811461278,76926.46734558576,76926.46734558576,0.0,0.0,0.0,337.76430909643733,6558.351363497669,21510.89247558674,17267.593534402215,1489.6264627467617,9891.433133953375,7402.023840562875,10800.0,1663.2146525501407,1200.0,,,
2025-10-22,45821.99808036726,0.0,0.0,967.3112498333228,46789.30933020058,73642.43974553148,73642.43974553148,0.0,0.0,0.0,223.25188352212064,4459.69684530103,20677.350649937078,16826.252566184514,1663.2146525501407,9846.345965567612,7510.4084116983795,10800.0,1576.9940528440575,1200.0,,,
2025-10-23,52211.71716810664,0.0,0.0,2439.833158288828,54651.55032639547,83824.85672225247,83824.85672225247,0.0,0.0,0.0,632.6403300915977,17878.642315066994,17029.52263709198,13830.164933148226,1576.9940528440575,10645.049069623423,10800.0,10800.0,1536.71450050659,1200.0,,,
2025-10-24,21737.335301967047,0.0,0.0,0.0,21737.335301967047,39358.03458732503,39358.03458732503,0.0,0.0,0.0,0.0,17001.560188947868,16316.787818367164,12380.364136656668,1536.71450050659,7278.997322275858,5376.312425650293,10645.421088899999,2465.863385196294,1200.0,,,
2025-10-25,22840.65463345193,0.0,0.0,0.0,22840.65463345193,41357.33620709977,41357.33620709977,0.0,0.0,0.0,0.0,19066.845873437032,14770.295785995891,11878.238185666487,2465.863385196294,8800.948295924487,8286.771127967739,10673.039386296496,2561.0871640742753,1200.0,,,
2025-10-26,48239.17620208321,0.0,0.0,881.0532091759308,49120.22941125914,77480.33840313437,77480.33840313437,0.0,0.0,0.0,194.2733232942805,10472.617403412447,18034.854291023516,15377.171984673976,2561.0871640742753,9885.800830298598,9283.765857788238,10800.0,1706.7093763576895,1200.0,,,
2025-10-27,45303.64834619059,0.0,0.0,2445.8731630041902,47749.521509194776,72879.8658439157,72879.8658439157,0.0,0.0,0.0,642.2848164068134,6277.6734697074535,20676.212165120836,16984.31664117244,1706.7093763576895,9858.15528953855,8299.730753741725,10773.643647362336,1443.8373903304,1200.0,,,
2025-10-28,45606.77727109643,0.0,0.0,3971.4403830436713,49578.2176541401,73349.2252531291,73349.2252531291,0.0,0.0,0.0,947.0818828701653,4527.750672167138,19921.695890123978,16125.56112629185,1443.8373903304,9866.888316441029,8692.527468177388,10781.46189905458,1456.0735511177,1200.0,,,
2025-10-29,50986.72094570485,0.0,0.0,1121.733311249945,52108.4542569548,81764.33618605365,81764.33618605365,0.0,0.0,0.0,290.2969240699023,8746.61636408474,21405.4330803752,17409.67313433638,1456.0735511177,9941.725898583478,7733.128470212305,10800.0,1376.882063081625,1200.0,,,
2025-10-30,45285.299089014174,0.0,0.0,3563.1533730509614,48848.452462065135,73064.87617700502,73064.87617700502,0.0,0.0,0.0,906.6754737442652,4973.029827040391,21283.61205790857,17072.907884199674,1376.882063081625,9890.758584141095,8159.468434322423,10800.0,1562.235266088587,1200.0,,,
2025-10-31,25510.805900031803,0.0,0.0,0.0,25510.805900031803,45483.37846816171,45483.37846816171,0.0,0.0,0.0,0.0,17628.943968504023,16482.365054140253,12532.222621149229,1562.235266088587,9437.952635974892,9510.610227054003,10577.388013537895,2471.6720135378955,1200.0,,,
2025-11-01,22335.42332572436,0.0,0.0,97.49579165478612,22432.919117379148,39564.10086519674,39564.10086519674,0.0,0.0,0.0,44.675292446954074,13848.81846113102,15360.196589896164,12144.277326716823,2471.6720135378955,7268.226423441382,8246.077824645983,10611.691803647975,2802.207470314644,1200.0,,,
2025-11-02,46926.07189736898,0.0,0.0,5978.315840020137,52904.387737389116,74559.8371824675,74559.8371824675,0.0,0.0,0.0,1281.3400089793104,4649.744733286632,19893.372696316186,17498.324171489337,2802.207470314644,9916.677777777775,6680.878824618241,10800.0,1263.6604842332772,1200.0,,,
2025-11-03,52235.09291913291,0.0,0.0,993.7843102183833,53228.877229351296,83857.74585024576,83857.74585024576,0.0,0.0,0.0,294.904648812342,10469.472721583352,20304.99735991862,16126.749865777221,1263.6604842332772,9910.176898569576,8750.75841035848,10800.0,1619.5471461853508,1200.0,,,
2025-11-04,48448.28550786445,0.0,0.0,1235.1005193531144,49683.386027217566,77826.57905996568,77826.57905996568,0.0,0.0,0.0,247.50232801243337,6861.117849270624,20750.510319514353,17117.618814140216,1619.5471461853508,9845.154973572224,7944.827780564691,10800.0,1275.4299735924828,1200.0,,,
2025-11-05,53973.89895332522,0.0,0.0,2725.326930444684,56699.225883769905,85918.85698355825,85918.85698355825,0.0,0.0,0.0,680.4612162280862,12599.061573846187,21046.01849391452,16723.781934641047,1275.4299735924828,9918.395910693145,8128.618032165981,10800.0,1634.8666907366119,1200.0,,,
2025-11-06,49661.82297079382,0.0,0.0,5668.691885625767,55330.51485641959,79738.4020948153,79738.4020948153,0.0,0.0,0.0,1170.2857542066904,5626.009258898506,21352.785760467454,17439.691720343963,1634.8666907366119,9847.620919207748,7221.926229235612,10800.0,1474.9386303306937,1200.0,,,
2025-11-07,23126.953513822154,0.0,0.0,2.8998620499410404,23129.853375872095,42235.52603683064,42235.52603683064,0.0,0.0,0.0,1.356343334864846,14776.326543013529,17635.632242019394,13493.538188200746,1474.9386303306937,9049.185591694784,7184.701875016317,10470.60540199917,2354.1874390362086,1200.0,,,
2025-11-08,23315.25888663039,0.0,0.0,45.96869199411638,23361.227578624505,42594.27285328584,42594.27285328584,0.0,0.0,0.0,21.642510355045374,15598.857057822315,15890.078668560593,12664.22746274202,2354.1874390362086,9778.111037037037,7601.207867129105,10532.809485842201,2583.8943932496095,1200.0,,,
2025-11-09,49628.1549264349,0.0,0.0,2646.625781098447,52274.78070753335,79134.87267617747,79134.87267617747,0.0,0.0,0.0,646.4289257061181,5404.724899833575,20639.54152615732,17609.782007440648,2583.8943932496095,9908.867837728352,7786.940362605152,10800.0,1593.0573140793692,1200.0,,,
2025-11-10,52753.49782294824,0.0,0.0,2706.807428499984,55460.30525144822,83873.50039214813,83873.50039214813,0.0,0.0,0.0,530.5928856497326,6603.141701569383,21935.31647818835,17992.80800195987,1593.0573140793692,9899.704756254347,7173.138331129198,10800.0,1342.8332533823618,1200.0,,,
2025-11-11,54885.19145444639,0.0,0.0,674.3889862991355,55559.58044074552,86619.73128155689,86619.73128155689,0.0,0.0,0.0,200.32444635041946,11327.126542105101,19723.194182165193,15789.284663029644,1342.8332533823618,10671.165454666509,9502.562790524,10800.0,1550.0583917425427,1200.0,,,
2025-11-12,50973.71177051333,0.0,0.0,1410.4861800764834,52384.19795058981,81437.20131589577,81437.20131589577,0.0,0.0,0.0,301.97648438107586,6906.755249454503,21469.48085673213,17593.04605590978,1550.0583917425427,9944.507407407407,7818.977492510305,10800.0,1324.7622117905892,1200.0,,,
2025-11-13,49825.21884222945,0.0,0.0,8530.456714694299,58355.67555692375,79519.71822712003,79519.71822712003,0.0,0.0,0.0,1879.9403439097512,5362.926927609982,19472.058856654727,15831.198529901603,1324.7622117905892,9904.435662590755,9312.356450654437,10800.0,1259.3945940002795,1200.0,,,
2025-11-14,24981.619514037764,0.0,0.0,0.0,24981.619514037764,45470.12382316802,45470.12382316802,0.0,0.0,0.0,0.0,13482.157489701785,17446.4374675717,13056.92643410547,1259.3945940002795,9783.788851851852,8836.562786614306,10560.318499142071,2453.492276919853,1200.0,,,
2025-11-15,26251.903934671565,0.0,0.0,10.237194353167544,26262.141129024734,47664.439717224566,47664.439717224566,0.0,0.0,0.0,4.652212839430831,16413.425126039954,15992.707614121973,12948.927726764603,2453.492276919853,10303.638888888887,8429.61744675758,10600.089266557849,2459.231655446737,1200.0,,,
2025-11-16,50207.25626754607,0.0,0.0,5218.712696924602,55425.968964470674,79812.58469502287,79812.58469502287,0.0,0.0,0.0,1194.3750194020222,3305.793130449041,21581.003843024468,18314.38164238195,2459.231655446737,9854.96831859195,6809.6006807187505,10800.0,1532.8221781888078,1200.0,,,
2025-11-17,50226.402566653895,0.0,0.0,3758.967829287355,53985.37039594125,79711.0803951484,79711.0803951484,0.0,0.0,0.0,834.4104734969883,3767.676729589299,21404.74368172672,17322.68387600396,1532.8221781888078,9893.954849509913,7249.110345211653,10800.0,1549.6649628495593,1200.0,,,
2025-11-18,53231.6003011366,0.0,0.0,1877.840009095762,55109.440310232356,84493.4287452068,84493.4287452068,0.0,0.0,0.0,423.34306511209087,5797.652394228457,22506.42351187871,18277.855929121626,1549.6649628495593,9909.136950092323,7368.2950674919975,10800.0,1496.7173134052596,1200.0,,,
2025-11-19,52399.610868859636,0.0,0.0,4289.848651044196,56689.45951990383,83384.81860602081,83384.81860602081,0.0,0.0,0.0,985.2566012261087,4778.07166252758,22429.44162485843,18205.749680139095,1496.7173134052596,9898.08484707756,7408.443867315713,10800.0,1454.6040200677387,1200.0,,,
2025-11-20,52709.67423393597,0.0,0.0,2121.2174733773277,54830.8917073133,83795.04906704217,83795.04906704217,0.0,0.0,0.0,560.5234420357147,5269.533853113828,22113.230923827574,17820.268301196837,1454.6040200677387,9932.257371646285,8174.898098909078,10800.0,1556.213739071627,1200.0,,,
2025-11-21,25415.567146412737,0.0,0.0,46.50840683757772,25462.075553250314,46218.089171303785,46218.089171303785,0.0,0.0,0.0,21.402924014971575,13019.913327882765,17730.029940126176,13374.835239356853,1556.213739071627,9760.482222221965,7953.4389442262855,10478.91627108498,2652.312641455349,1200.0,,,
2025-11-22,26830.032058767632,0.0,0.0,25.532311517388454,26855.56437028502,49107.79873442465,49107.79873442465,0.0,0.0,0.0,11.698971707081,15912.123506876713,16232.012311963192,13244.467596041504,2652.312641455349,10265.45925925926,9501.103854233359,10587.63024513907,2545.0486155094404,1200.0,,,
2025-11-23,50672.70488122523,0.0,0.0,6243.726364036718,56916.43124526195,80257.78361041665,80257.78361041665,0.0,0.0,0.0,1333.4685694734499,3153.8797022440995,21538.66563927843,18333.389444965764,2545.0486155094404,9873.712701509012,6746.373858658182,10800.0,1559.4149742314103,1200.0,,,
2025-11-24,52181.71125358449,0.0,0.0,1478.2665975108093,53659.977851095304,82811.82698744578,82811.82698744578,0.0,0.0,0.0,343.8700502631143,5072.447572238762,21680.10266767108,17758.79690220095,1559.4149742314103,9858.379378434114,8097.659278658861,10800.0,1339.5108171343295,1200.0,,,
2025-11-25,60645.66420045062,0.0,0.0,768.8761675736755,61414.540368024296,94749.77388324634,94749.77388324634,0.0,0.0,0.0,235.75528489636872,14707.472939515032,20884.58118887622,16775.18542691521,1339.5108171343295,10797.097061631122,8690.902533592463,10800.0,1496.5389683282524,1200.0,,,
2025-11-26,56800.62942713176,0.0,0.0,1297.6239541280634,58098.25338125983,89785.61009810294,89785.61009810294,0.0,0.0,0.0,305.1293789047398,8953.82448476946,22734.261964594672,18355.01385568978,1496.5389683282524,9975.309612027764,7318.745279765005,10800.0,1562.9148968081427,1200.0,,,
2025-11-27,54972.22909996362,0.0,0.0,1143.7076096300605,56115.936709593676,86910.52302447731,86910.52302447731,0.0,0.0,0.0,240.92205074579817,7265.895075717392,22119.946894771965,18015.28962859958,1562.9148968081427,9885.848907577287,8033.5374069994705,10800.0,1453.8786258811592,1200.0,,,
2025-11-28,26626.561606353425,0.0,0.0,3.7286610189677596,26630.290267372395,48901.92503218397,48901.92503218397,0.0,0.0,0.0,1.1667802766979207,13963.870924724477,17829.336732560027,13811.354394823835,1453.8786258811592,10253.394444444444,8233.93033419174,10331.653240931884,2154.332357603147,1200.0,,,
2025-11-29,31156.447528345638,0.0,0.0,145.23472332058304,31301.68225166622,56681.8002519624,56681.8002519624,0.0,0.0,0.0,67.45794894683189,18451.797531501717,15794.688672592896,12426.678103185384,2154.332357603147,10308.209259259134,10480.447837063122,10565.23023347151,2562.132048286324,1200.0,,,
2025-11-30,54511.1708475186,0.0,0.0,7100.433760558533,61611.604608077134,86129.33122855939,86129.33122855939,0.0,0.0,0.0,1619.659700856283,4477.458634178985,21820.2862756174,18793.582097047387,2562.132048286324,10041.444682748664,7037.029539622284,10800.0,1318.631810733778,1200.0,,,
2025-12-01,59786.23949938242,0.0,0.0,7955.168112031307,67741.40761141373,93157.21751032706,93157.21751032706,0.0,0.0,0.0,2357.857050762886,4524.7481784792135,24101.796628152842,19410.397978875444,1318.631810733778,10488.19435016628,6450.0,10800.0,1443.1399106541717,1200.0,,,
2025-12-02,62068.09042346012,0.0,0.0,8472.289863664977,70540.3802871251,96989.2870486303,96989.2870486303,0.0,0.0,0.0,2157.5553258368996,6073.064841695882,23556.948154995247,19120.980572223933,1443.1399106541717,10731.171583475814,6818.934791828991,10800.0,1398.8592810121959,1200.0,,,
2025-12-03,56480.0871907896,0.0,0.0,17739.838225019244,74219.92541580884,88647.99736069271,88647.99736069271,0.0,0.0,0.0,3588.302829528596,1065.284278266218,22038.10893789154,18029.841592603123,1398.8592810121959,10730.49629806253,5817.436739703409,9177.588193579293,1200.0,1200.0,,,
2025-12-04,63918.86666403584,0.0,0.0,6709.307126983344,70628.17379101919,99562.7737479966,99562.7737479966,0.0,0.0,0.0,1500.5836165202888,9636.348058617064,23792.165354433462,19136.36479853364,1200.0,10736.187507894678,6715.163577793448,10800.0,1350.321265063853,1200.0,,,
2025-12-05,34143.11222143205,0.0,0.0,40.09854370269717,34183.21076513475,61367.44296249902,61367.44296249902,0.0,0.0,0.0,19.103641592518898,15515.317912566104,17929.33473086021,13369.733722668108,1350.321265063853,10214.814814814816,9463.989663057182,10748.226349503107,2631.4628309845884,1200.0,,,
2025-12-06,31213.0354343118,0.0,0.0,1222.3108737725674,32435.34630808437,56119.69300734589,56119.69300734589,0.0,0.0,0.0,467.30512824755766,9955.100468395256,17361.34605147078,14394.079200939253,2631.4628309845884,10160.767477000256,8559.421971823722,10453.325554042458,2263.2529429313463,1200.0,,,
2025-12-07,61316.90796715439,0.0,0.0,7055.296577247718,68372.2045444021,95401.72762619192,95401.72762619192,0.0,0.0,0.0,1985.2458392062329,6257.986457980818,22783.782610989332,19307.476853572,2263.2529429313463,10636.914458267303,7064.2525913907975,10800.0,1315.9052332973015,1200.0,,,
2025-12-08,69144.86414454048,0.0,0.0,689.216752644473,69834.08089718495,107605.62040458577,107605.62040458577,0.0,0.0,0.0,124.62970428783919,15514.134566900973,22149.24458000227,17780.34015469629,1315.9052332973015,10800.0,8782.824445891054,10800.0,1494.2918500812425,1200.0,,,
2025-12-09,67869.61412339557,0.0,0.0,1365.0893714533627,69234.70349484893,105596.44926327554,105596.44926327554,0.0,0.0,0.0,272.12085994000836,14155.837257248699,22762.798233005386,18438.519633705197,1494.2918500812425,10799.7252157167,8298.752365149809,10800.0,1493.5662223358713,1200.0,,,
2025-12-10,64828.15628278644,0.0,0.0,1231.5741817078326,66059.73046449428,101534.02143913883,101534.02143913883,0.0,0.0,0.0,275.17972619210815,8823.800102492634,23828.13094141195,19230.3483452403,1493.5662223358713,10800.0,7243.362006332917,10800.0,1571.8303526729615,1200.0,,,
2025-12-11,67474.35743304275,0.0,0.0,545.5095295868996,68019.86696262965,105131.39163552923,105131.39163552923,0.0,0.0,0.0,117.03148484287874,14992.170081613483,22134.971748467102,17839.973409708477,1571.8303526729615,10800.0,8242.9811844242,10800.0,1671.1122488394885,1200.0,,,
2025-12-12,37941.36857604694,0.0,0.0,0.0,37941.36857604694,67508.78312176741,67508.78312176741,0.0,0.0,0.0,0.0,19816.431264967192,16258.19042503036,12280.252051563464,1671.1122488394885,10205.366666666667,10800.0,10800.0,2658.7591296296305,1200.0,,,
2025-12-13,34435.18801949851,0.0,0.0,0.0,34435.18801949851,61060.3385215095,61060.3385215095,0.0,0.0,0.0,0.0,14291.70843483711,15659.715895802088,12689.619192463042,2658.7591296296305,10131.668518518514,10179.543471555891,10781.562055337023,2652.9265553370215,1200.0,,,
2025-12-14,58941.002993711416,0.0,0.0,11561.603635165438,70502.60662887685,92096.4568092904,92096.4568092904,0.0,0.0,0.0,2330.2589741157617,2709.735407798244,22346.80250216435,19408.54392655645,2652.9265553370215,10781.87654418693,6253.701960023117,10281.75733099937,1200.0,1200.0,,,
2025-12-15,63819.630635394744,0.0,0.0,3283.82942832733,67103.46006372207,99893.53741088262,99893.53741088262,0.0,0.0,0.0,722.1883741648896,6477.836475358079,23168.553997056064,18500.222654033307,1200.0,10797.122438268318,7117.986908625256,10800.0,1495.8956484245643,1200.0,,,
2025-12-16,68175.54250632187,0.0,0.0,233.0554639933449,68408.59797031521,105348.9750748068,105348.9750748068,0.0,0.0,0.0,83.86232567996365,11631.52336122071,22594.843974843283,18211.621268910567,1495.8956484245643,10800.0,7874.617915874349,10800.0,1596.1204825495588,1200.0,,,
2025-12-17,67212.43108486218,0.0,0.0,970.2567350695708,68182.68781993176,104816.25738627299,104816.25738627299,0.0,0.0,0.0,190.53756282872587,12645.012822070876,22048.09621652658,17878.161156162412,1596.1204825495588,10800.0,8209.590534467357,10800.0,1574.7835705763605,1200.0,,,
2025-12-18,62523.35687362496,0.0,0.0,2555.8086456490355,65079.16551927399,97133.32308255168,97133.32308255168,0.0,0.0,0.0,616.4901699579019,6053.725069266229,23128.73511996222,18798.91390338554,1574.7835705763605,10756.57484040919,7505.624153494618,10800.0,1502.9630636695433,1200.0,,,
2025-12-19,34240.273984267595,0.0,0.0,0.0,34240.273984267595,61162.33523740039,61162.33523740039,0.0,0.0,0.0,0.0,13968.996326224526,17701.487094398846,13416.539483222981,1502.9630636695433,10179.648148148148,9480.26017364549,10736.376059862232,2527.035356158528,1200.0,,,
2025-12-20,35525.268393903825,0.0,0.0,0.8535385174084039,35526.121932421236,62320.4472941116,62320.4472941116,0.0,0.0,0.0,0.4028975772520198,16394.827028859916,15799.181463539135,12729.510550710198,2527.035356158528,10256.435185185186,10180.659478259942,10704.266339221307,2602.398061443529,1200.0,,,
2025-12-21,63002.29332325035,0.0,0.0,1997.5128235886652,64999.806146839015,97715.7456865714,97715.7456865714,0.0,0.0,0.0,471.7777119125513,6117.446913737182,21776.793911750858,18744.499293670742,2602.398061443529,10763.864732969543,7374.272825771081,10800.0,1374.2911446073654,1200.0,,,
2025-12-22,62602.14383337085,0.0,0.0,2131.9777240122603,64734.121557383114,97454.0087756519,97454.0087756519,0.0,0.0,0.0,523.9647891787386,4607.162300512839,23492.31784783421,19058.933666849738,1374.2911446073654,10728.454697118754,7226.211013073213,10800.0,1340.7842444917828,1200.0,,,
2025-12-23,64211.816115437716,0.0,0.0,838.446842918512,65050.26295835623,100136.58720283679,100136.58720283679,0.0,0.0,0.0,218.974786854216,8665.777387273884,22751.639081138106,18319.94701205433,1340.7842444917828,10800.0,7966.1439014185,10800.0,1461.7627374557123,1200.0,,,
2025-12-24,63539.92435769852,0.0,0.0,1173.0348335394042,64712.95919123792,98760.6413015702,98760.6413015702,0.0,0.0,0.0,268.6170970314141,6839.250031691083,23590.525822692616,19255.07677244876,1461.7627374557123,10797.519628207074,7431.856799020433,10800.0,1298.7062307137785,1200.0,,,
2025-12-25,60077.884468725286,0.0,0.0,4231.961520788261,64309.845989513546,94710.15363887332,94710.15363887332,0.0,0.0,0.0,1038.0091668539028,3241.130752018167,24395.460966476254,19700.877446100538,1298.7062307137785,10785.649674401164,6653.275771093681,10800.0,1364.7572715418107,1200.0,,,
2025-12-26,34342.97076244645,0.0,0.0,0.0,34342.97076244645,61373.187590334885,61373.187590334885,0.0,0.0,0.0,0.0,13457.89204967011,18711.5581669425,13803.885059611057,1364.7572715418107,10219.283333333333,9052.595164247257,10800.0,2867.509555555556,1200.0,,,
2025-12-27,34224.13674691328,0.0,0.0,28.62304540273181,34252.759792316014,60704.46907447404,60704.46907447404,0.0,0.0,0.0,13.150951253265248,14652.967267291257,15815.077901234567,13089.234209465187,2867.509555555556,10228.674074074046,9788.631537037008,10674.954452446089,2557.4861005942385,1200.0,,,
2025-12-28,62058.405711689076,0.0,0.0,1780.472025924341,63838.87773761342,96018.93067719092,96018.93067719092,0.0,0.0,0.0,397.9488860538437,6420.786790060773,21270.819454715565,18083.98143153159,2557.4861005942385,10739.874541472365,7262.840844140953,10800.0,1607.9109081364825,1200.0,,,
2025-12-29,61500.93378722812,0.0,0.0,1455.5206798626066,62956.45446709073,96788.45557574762,96788.45557574762,0.0,0.0,0.0,350.1721384370275,5181.841000225063,24082.217069509286,19649.19662221636,1607.9109081364825,10799.999999999938,6798.655322937035,10800.0,1449.465579343329,1200.0,,,
2025-12-30,61753.03272503379,0.0,0.0,2864.663632511773,64617.69635754556,96811.57198966423,96811.57198966423,0.0,0.0,0.0,601.7328904615105,6558.944342341803,24011.201971665556,19381.244033881612,1449.465579343329,10793.640061310263,6499.056412397738,10800.0,1524.8317606405394,1200.0,,,
2025-12-31,63208.36977570685,0.0,0.0,2108.1429971209163,65316.512772827766,98904.02919705896,98904.02919705896,0.0,0.0,0.0,604.1286393458292,6401.942428969289,23611.060038843287,19151.267564741123,1524.8317606405394,10800.0,7067.92250681624,10800.0,1495.5996125538131,1200.0,,,
