date,part,variant,initial_soc_kwh,final_soc_kwh,baseline_plan_cost_yuan,upward_adjustment_cost_yuan,downward_cancellation_refund_yuan,settled_normal_cost_yuan,emergency_cost_yuan,total_cost_yuan,original_plan_kwh,final_commitment_kwh,up_kwh,down_kwh,emergency_kwh,waste_kwh,charge_kwh,discharge_kwh,scenario_count_min
2025-02-01,q42,P1_bias2h,6000.0,10678.211803371853,24672.377527486868,0.0,0.0,24672.377527486868,0.0,24672.377527486868,54178.785381867165,54178.785381867165,0.0,0.0,0.0,11693.004525133405,20511.654212451384,12404.049289050958,30
2025-02-02,q42,P1_bias2h,10678.211803371853,5318.2034871604465,62635.23976259444,0.0,0.0,62635.23976259444,0.0,62635.23976259444,84113.61549957324,84113.61549957324,0.0,0.0,0.0,7837.335984298573,14442.152894025947,16522.15132875128,30
2025-02-03,q42,P1_bias2h,5318.2034871604465,6321.411297314038,69793.26985592068,0.0,0.0,69793.26985592068,0.0,69793.26985592068,93325.43755015521,93325.43755015521,0.0,0.0,0.0,8685.764583604629,18525.628617959734,14102.872151409152,30
2025-02-04,q42,P1_bias2h,6321.411297314038,6883.173041550568,71041.8641535053,0.0,0.0,71041.8641535053,0.0,71041.8641535053,94689.7885396569,94689.7885396569,0.0,0.0,0.0,9199.157775906442,19948.322336513607,15652.555522763145,30
2025-02-05,q42,P1_bias2h,6883.173041550568,6286.887414424971,66868.96562027288,0.0,0.0,66868.96562027288,0.0,66868.96562027288,89626.14853327989,89626.14853327989,0.0,0.0,0.0,5881.9372528754575,18591.796639390275,15596.01234231916,30
2025-02-06,q42,P1_bias2h,6286.887414424971,6894.499612435321,67056.21251154365,0.0,0.0,67056.21251154365,0.0,67056.21251154365,90213.40795387112,90213.40795387112,0.0,0.0,0.0,5159.289694165986,22295.84244646928,17512.781403430803,30
2025-02-07,q42,P1_bias2h,6894.499612435321,10609.728723620266,19975.00738273461,0.0,0.0,19975.00738273461,0.0,19975.00738273461,46111.239393375465,46111.239393375465,0.0,0.0,0.0,6702.867383890128,22415.716540801186,14813.02419798251,30
2025-02-08,q42,P1_bias2h,10609.728723620266,9949.44797868175,16143.66974624023,0.0,0.0,16143.66974624023,0.0,16143.66974624023,37459.95668328811,37459.95668328811,0.0,0.0,0.0,2609.774928521865,20354.061623917034,17081.042585817457,30
2025-02-09,q42,P1_bias2h,9949.44797868175,3574.888974522693,55005.14238832306,0.0,0.0,55005.14238832306,7444.337649786532,62449.48003810959,75521.05210354191,75521.05210354191,0.0,0.0,1197.0607642515922,0.0,15262.105288789382,18099.408387662552,30
2025-02-10,q42,P1_bias2h,3574.888974522693,7948.973160413245,59516.45023120198,0.0,0.0,59516.45023120198,0.0,59516.45023120198,86808.81492430661,86808.81492430661,0.0,0.0,0.0,4053.9160600638425,23639.92375583125,15211.66247492181,30
2025-02-11,q42,P1_bias2h,7948.973160413245,6473.791892727531,56798.95166299789,0.0,0.0,56798.95166299789,0.0,56798.95166299789,79984.0659516136,79984.0659516136,0.0,0.0,0.0,2350.799188777944,19685.961949576078,17273.29232007376,30
2025-02-12,q42,P1_bias2h,6473.791892727531,8749.02090313693,57676.70040665392,0.0,0.0,57676.70040665392,0.0,57676.70040665392,83703.16590815845,83703.16590815845,0.0,0.0,0.0,1852.0306358155701,23877.33173495312,17292.93259594357,30
2025-02-13,q42,P1_bias2h,8749.02090313693,9380.186140372243,53838.35474151308,0.0,0.0,53838.35474151308,0.0,53838.35474151308,78516.6326834813,78516.6326834813,0.0,0.0,0.0,2697.5943540777985,20639.52946960552,16149.970156868683,30
2025-02-14,q42,P1_bias2h,9380.186140372243,10741.839589046147,15880.478012046406,0.0,0.0,15880.478012046406,0.0,15880.478012046406,38460.989597079955,38460.989597079955,0.0,0.0,0.0,3122.926038135781,22688.282307742127,17152.020565464612,30
2025-02-15,q42,P1_bias2h,10741.839589046147,10277.561601268242,15454.837323495523,0.0,0.0,15454.837323495523,0.0,15454.837323495523,35976.02165735409,35976.02165735409,0.0,0.0,0.0,3108.2904679069798,21081.527781301218,17493.887691854106,30
2025-02-16,q42,P1_bias2h,10277.561601268242,8914.89440536709,53990.740819400125,0.0,0.0,53990.740819400125,485.740389934159,54476.481209334284,78004.67880688111,78004.67880688111,0.0,0.0,99.27516278162359,48.778726850584235,20548.403258543138,17870.607115730974,30
2025-02-17,q42,P1_bias2h,8914.89440536709,8907.85358181331,55680.3654539208,0.0,0.0,55680.3654539208,0.0,55680.3654539208,80816.88502914865,80816.88502914865,0.0,0.0,0.0,5925.702159327668,19545.56023343534,15838.24053028103,30
2025-02-18,q42,P1_bias2h,8907.85358181331,6924.161273372636,50601.3883237071,0.0,0.0,50601.3883237071,0.0,50601.3883237071,74282.21878624888,74282.21878624888,0.0,0.0,0.0,580.5383596416365,17871.66168879223,16261.36904551831,30
2025-02-19,q42,P1_bias2h,6924.161273372636,6852.149123884396,51980.47142710956,0.0,0.0,51980.47142710956,0.0,51980.47142710956,77149.02046021294,77149.02046021294,0.0,0.0,0.0,227.55767895589975,21615.507012963793,17573.371615040083,30
2025-02-20,q42,P1_bias2h,6852.149123884396,7441.556604287514,52568.022611420776,0.0,0.0,52568.022611420776,0.0,52568.022611420776,77585.7498215681,77585.7498215681,0.0,0.0,0.0,2149.1435459343147,20594.76742072455,16151.294878424083,30
2025-02-21,q42,P1_bias2h,7441.556604287514,10671.619147315294,16127.078165795032,0.0,0.0,16127.078165795032,0.0,16127.078165795032,38703.19455273803,38703.19455273803,0.0,0.0,0.0,5672.677946386232,24016.83307522874,16546.578502210275,30
2025-02-22,q42,P1_bias2h,10671.619147315294,9994.515528917926,14808.385540047493,0.0,0.0,14808.385540047493,0.0,14808.385540047493,34820.2213274097,34820.2213274097,0.0,0.0,0.0,3600.698363514289,20969.22809010377,17594.468009541688,30
2025-02-23,q42,P1_bias2h,9994.515528917926,7868.957231855282,50065.95898475436,0.0,0.0,50065.95898475436,0.0,50065.95898475436,73455.86059399357,73455.86059399357,0.0,0.0,0.0,146.75007407473225,19422.417389167782,17645.160552582274,30
2025-02-24,q42,P1_bias2h,7868.957231855282,8485.779633424103,51004.52968120873,0.0,0.0,51004.52968120873,0.0,51004.52968120873,76137.89310276322,76137.89310276322,0.0,0.0,0.0,3163.8644941906855,22188.709634178616,17417.714642272735,30
2025-02-25,q42,P1_bias2h,8485.779633424103,9366.883079183059,50137.28288757126,0.0,0.0,50137.28288757126,0.0,50137.28288757126,76187.04033740785,76187.04033740785,0.0,0.0,0.0,5563.504079816973,21101.157489865753,16298.944465608207,30
2025-02-26,q42,P1_bias2h,9366.883079183059,6536.9683856064285,46364.739528164195,0.0,0.0,46364.739528164195,2888.3912606559807,49253.13078882018,69604.29051097862,69604.29051097862,0.0,0.0,551.5727367913798,23.97164762539728,20336.667321211797,19019.623754400523,30
2025-02-27,q42,P1_bias2h,6536.9683856064285,9760.968496751215,47881.73956016512,0.0,0.0,47881.73956016512,1448.4127884538639,49330.15234861898,75524.84663057928,75524.84663057928,0.0,0.0,278.8874701735451,896.3439363376008,26574.767707289106,18623.96174287387,30
2025-02-28,q42,P1_bias2h,9760.968496751215,10612.564624623947,14181.964879937957,0.0,0.0,14181.964879937957,53.2220613252992,14235.186941263257,34973.05455367852,34973.05455367852,0.0,0.0,10.974752309578143,6721.727166671675,22122.48460121561,17152.77601189919,30
2025-03-01,q42,P1_bias2h,10612.564624623947,10337.304419157103,14321.831977255046,0.0,0.0,14321.831977255046,0.0,14321.831977255046,34687.68643919259,34687.68643919259,0.0,0.0,0.0,7256.618029845034,21158.087689128402,17385.78521311417,30
2025-03-02,q42,P1_bias2h,10337.304419157103,7932.653748114073,45839.75929693361,0.0,0.0,45839.75929693361,23547.522778512062,69387.28207544568,69259.22031624522,69259.22031624522,0.0,0.0,4232.101634233004,0.0,17353.686777633113,16220.671893821549,30
2025-03-03,q42,P1_bias2h,7932.653748114073,6126.918287306356,50305.15136200036,0.0,0.0,50305.15136200036,875.2483248773995,51180.39968687776,75222.56187487878,75222.56187487878,0.0,0.0,175.04604583399208,797.0821887147018,22150.215859956268,19566.836761291524,30
2025-03-04,q42,P1_bias2h,6126.918287306356,10372.906661941428,50837.73263568383,0.0,0.0,50837.73263568383,0.0,50837.73263568383,78176.72397200836,78176.72397200836,0.0,0.0,0.0,335.79173243838665,25368.867205605613,16727.392899368984,30
2025-03-05,q42,P1_bias2h,10372.906661941428,10438.963383975264,48905.03172796643,0.0,0.0,48905.03172796643,0.0,48905.03172796643,74783.05914921456,74783.05914921456,0.0,0.0,0.0,4710.719038481243,20433.773917032595,16491.90582296595,30
2025-03-06,q42,P1_bias2h,10438.963383975264,10568.61309897413,46433.8977232142,0.0,0.0,46433.8977232142,0.0,46433.8977232142,72064.81087079938,72064.81087079938,0.0,0.0,0.0,1711.1451706946207,22612.24643827613,18199.234871504694,30
2025-03-07,q42,P1_bias2h,10568.61309897413,10688.135915313369,13328.88064405432,0.0,0.0,13328.88064405432,0.0,13328.88064405432,33081.40393301239,33081.40393301239,0.0,0.0,0.0,8137.5277154818305,20600.106049957485,16578.51536576025,30
2025-03-08,q42,P1_bias2h,10688.135915313369,10075.530556735468,12536.007720964179,0.0,0.0,12536.007720964179,422.5555243677919,12958.56324533197,31186.00130537143,31186.00130537143,0.0,0.0,132.4265801168313,8748.381765012613,21359.218034363665,17852.31143055468,30
2025-03-09,q42,P1_bias2h,10075.530556735468,9135.377905417557,43614.06705404326,0.0,0.0,43614.06705404326,0.0,43614.06705404326,68551.99548115021,68551.99548115021,0.0,0.0,0.0,1811.6252151931578,22384.11895864833,18977.27374269127,30
2025-03-10,q42,P1_bias2h,9135.377905417557,7664.934661182961,45551.562749983554,0.0,0.0,45551.562749983554,8404.75570485711,53956.318454840664,68927.10422561938,68927.10422561938,0.0,0.0,1426.5750463068273,0.0,19131.614430196583,16820.00660827037,30
2025-03-11,q42,P1_bias2h,7664.934661182961,8636.747483492038,43820.03591570854,0.0,0.0,43820.03591570854,2716.207304861038,46536.24322056958,68429.95406332707,68429.95406332707,0.0,0.0,554.2773215717639,102.29068962488611,21412.580816819922,16469.558921545973,30
2025-03-12,q42,P1_bias2h,8636.747483492038,7849.839171209298,44182.160317321286,0.0,0.0,44182.160317321286,0.0,44182.160317321286,68826.26908296824,68826.26908296824,0.0,0.0,0.0,3423.8965586043164,19342.396432026566,16375.558590995981,30
2025-03-13,q42,P1_bias2h,7849.839171209298,8599.667435325344,46224.31153594868,0.0,0.0,46224.31153594868,4171.35066071346,50395.66219666214,71595.47649751982,71595.47649751982,0.0,0.0,755.792767292353,84.25604101956846,21297.630365376303,16576.23515825036,30
2025-03-14,q42,P1_bias2h,8599.667435325344,10800.0,13562.53721021162,0.0,0.0,13562.53721021162,0.0,13562.53721021162,34199.30636267213,34199.30636267213,0.0,0.0,0.0,12142.491204276404,21300.472983448413,15273.083808386025,30
2025-03-15,q42,P1_bias2h,10800.0,9973.372363645014,12515.405217119871,0.0,0.0,12515.405217119871,485.9510057391165,13001.356222858987,30840.551991227763,30840.551991227763,0.0,0.0,161.93830694707202,6632.8506765769125,22049.89128588113,18604.376814283205,30
2025-03-16,q42,P1_bias2h,9973.372363645014,9977.20929808194,43516.35710992923,0.0,0.0,43516.35710992923,0.0,43516.35710992923,68733.00299539103,68733.00299539103,0.0,0.0,0.0,925.823051516621,23435.1566818308,18979.023671289717,30
2025-03-17,q42,P1_bias2h,9977.20929808194,8185.617072148723,40704.2034032878,0.0,0.0,40704.2034032878,0.0,40704.2034032878,64941.216438811454,64941.216438811454,0.0,0.0,0.0,5213.916653375633,18324.217660223036,16455.04930812055,30
2025-03-18,q42,P1_bias2h,8185.617072148723,10337.716978046086,44802.325627829836,0.0,0.0,44802.325627829836,0.0,44802.325627829836,71416.06285834243,71416.06285834243,0.0,0.0,0.0,3939.4832808276433,23230.164713371058,16879.543502522934,30
2025-03-19,q42,P1_bias2h,10337.716978046086,7126.6116922876,37928.4188534268,0.0,0.0,37928.4188534268,1224.600703214052,39153.01955664086,60169.205220218486,60169.205220218486,0.0,0.0,245.22801771892844,173.63745468814628,19291.158370694255,18515.83303744498,30
2025-03-20,q42,P1_bias2h,7126.6116922876,7798.361604791204,42122.135789181215,0.0,0.0,42122.135789181215,1584.3561763126133,43706.49196549383,66951.43383678928,66951.43383678928,0.0,0.0,274.6672399150212,199.6203920282686,22173.389193453284,17355.870325443917,30
2025-03-21,q42,P1_bias2h,7798.361604791204,10800.0,13366.34875729828,0.0,0.0,13366.34875729828,0.0,13366.34875729828,34282.64105215756,34282.64105215756,0.0,0.0,0.0,14809.851967397504,24936.05269687096,17496.72812877757,30
2025-03-22,q42,P1_bias2h,10800.0,10531.196210941784,12365.944392779587,0.0,0.0,12365.944392779587,0.0,12365.944392779587,30534.481284738828,30534.481284738828,0.0,0.0,0.0,10932.329274069818,20857.240460463538,17136.288183127865,30
2025-03-23,q42,P1_bias2h,10531.196210941784,8594.357483703196,40087.39660445151,0.0,0.0,40087.39660445151,0.0,40087.39660445151,64512.990332142814,64512.990332142814,0.0,0.0,0.0,3761.3720398967876,19605.54226365305,17623.644088073685,30
2025-03-24,q42,P1_bias2h,8594.357483703196,9345.39028012041,40742.32301941428,0.0,0.0,40742.32301941428,0.0,40742.32301941428,66285.31226934094,66285.31226934094,0.0,0.0,0.0,3307.666226366221,22648.5233835048,17669.3744238634,30
2025-03-25,q42,P1_bias2h,9345.39028012041,8090.797660313406,41543.9577043795,0.0,0.0,41543.9577043795,0.0,41543.9577043795,66457.47468035787,66457.47468035787,0.0,0.0,0.0,2866.3407556506922,19842.855609825398,17201.846401784875,30
2025-03-26,q42,P1_bias2h,8090.797660313406,10056.428340827912,40493.27785143416,0.0,0.0,40493.27785143416,0.0,40493.27785143416,66258.37763099062,66258.37763099062,0.0,0.0,0.0,4339.44844531389,23985.824771300136,17659.450452290053,30
2025-03-27,q42,P1_bias2h,10056.428340827912,8926.59111999277,39373.596812257616,0.0,0.0,39373.596812257616,0.0,39373.596812257616,63840.26250221186,63840.26250221186,0.0,0.0,0.0,2219.3075797683123,20635.889585237786,17731.924062794238,30
2025-03-28,q42,P1_bias2h,8926.59111999277,10800.0,12537.96035357835,0.0,0.0,12537.96035357835,0.0,12537.96035357835,32276.73961475212,32276.73961475212,0.0,0.0,0.0,15529.624459989995,22311.402084678717,16386.167696583252,30
2025-03-29,q42,P1_bias2h,10800.0,10163.446172157288,11336.968582243682,0.0,0.0,11336.968582243682,1077.000628133168,12413.96921037685,29321.74309003046,29321.74309003046,0.0,0.0,246.43672497696014,18493.61234461977,20738.193326909255,17370.835039854937,30
2025-03-30,q42,P1_bias2h,10163.446172157288,9172.783571841199,37290.03034823389,0.0,0.0,37290.03034823389,0.0,37290.03034823389,61334.87513120821,61334.87513120821,0.0,0.0,0.0,3138.3051723494336,19697.613679701353,16846.66342084258,30
2025-03-31,q42,P1_bias2h,9172.783571841199,5848.076671315538,34894.681960944625,0.0,0.0,34894.681960944625,5592.2734806151875,40486.95544155981,55861.14185639131,55861.14185639131,0.0,0.0,1201.4483964098185,85.24208005563855,15885.236315185572,15859.277625773411,30
2025-04-01,q42,P1_bias2h,5848.076671315538,6961.064503613081,40337.86689641265,0.0,0.0,40337.86689641265,1305.8223756461416,41643.68927205879,65146.81363942301,65146.81363942301,0.0,0.0,204.61557943013395,0.0,21794.150805887846,16651.573103701365,30
2025-04-02,q42,P1_bias2h,6961.064503613081,8711.546602894348,40013.65885102226,0.0,0.0,40013.65885102226,3304.3656377939196,43318.024488816176,66132.24706213776,66132.24706213776,0.0,0.0,627.8334817192405,404.77556858461656,22865.977294311793,16946.007719039408,30
2025-04-03,q42,P1_bias2h,8711.546602894348,8180.919169536348,40228.54404693953,0.0,0.0,40228.54404693953,0.0,40228.54404693953,65220.779282760195,65220.779282760195,0.0,0.0,0.0,6043.182905437245,19955.951582518348,16641.88547186206,30
2025-04-04,q42,P1_bias2h,8180.919169536348,10800.0,11888.298107713063,0.0,0.0,11888.298107713063,0.0,11888.298107713063,31618.91328589635,31618.91328589635,0.0,0.0,0.0,18580.244810299806,22372.070937785564,15764.204712189023,30
2025-04-05,q42,P1_bias2h,10800.0,9891.751036593345,11129.66680466741,0.0,0.0,11129.66680466741,468.6270635547543,11598.293868222163,28345.380004181163,28345.380004181163,0.0,0.0,119.75789089028387,13259.256481203884,20943.107882106444,17781.341451572218,30
2025-04-06,q42,P1_bias2h,9891.751036593345,9932.19000231579,38139.73246676003,0.0,0.0,38139.73246676003,0.0,38139.73246676003,62521.1214072357,62521.1214072357,0.0,0.0,0.0,4207.772793706154,20351.985672172068,16448.713325309174,30
2025-04-07,q42,P1_bias2h,9932.19000231579,7303.801261778109,34103.29419357289,0.0,0.0,34103.29419357289,0.0,34103.29419357289,55489.84734465966,55489.84734465966,0.0,0.0,0.0,1279.1378928228153,17544.94755256544,16576.95738406192,30
2025-04-08,q42,P1_bias2h,7303.801261778109,8327.748414088263,38007.89945175335,0.0,0.0,38007.89945175335,319.21728473363703,38327.11673648699,63237.518051860934,63237.518051860934,0.0,0.0,61.19733799858902,3768.4369336876343,22397.53896013733,17220.4541206321,30
2025-04-09,q42,P1_bias2h,8327.748414088263,7733.7603346234855,37102.92102579915,0.0,0.0,37102.92102579915,8084.88489924281,45187.80592504196,60812.50937438902,60812.50937438902,0.0,0.0,1396.4004894075615,18.07276457552632,18900.607126698436,15844.081044144035,30
2025-04-10,q42,P1_bias2h,7733.7603346234855,8395.888981943383,37397.807976240845,0.0,0.0,37397.807976240845,0.0,37397.807976240845,61855.64105462102,61855.64105462102,0.0,0.0,0.0,2312.04393663348,23616.0180810507,18533.05886306316,30
2025-04-11,q42,P1_bias2h,8395.888981943383,10449.463819940764,11459.424171802431,0.0,0.0,11459.424171802431,0.0,11459.424171802431,30173.47610395585,30173.47610395585,0.0,0.0,0.0,19019.24498763428,20996.650502406657,15159.069552751744,30
2025-04-12,q42,P1_bias2h,10449.463819940764,10353.403589050808,11036.720653313969,0.0,0.0,11036.720653313969,0.0,11036.720653313969,28514.16372276203,28514.16372276203,0.0,0.0,0.0,15846.812276416773,19624.447916559016,15982.257020213763,30
2025-04-13,q42,P1_bias2h,10353.403589050808,9979.709987707816,35274.55803509583,0.0,0.0,35274.55803509583,0.0,35274.55803509583,57872.86496300722,57872.86496300722,0.0,0.0,0.0,100.49366421135122,20170.195035111763,16674.18221964922,30
2025-04-14,q42,P1_bias2h,9979.709987707816,8066.669069989087,34853.75315189815,0.0,0.0,34853.75315189815,0.0,34853.75315189815,57001.79733645528,57001.79733645528,0.0,0.0,0.0,2775.8196528345625,17998.33005035566,16300.38416673494,30
2025-04-15,q42,P1_bias2h,8066.669069989087,8498.767709197755,34026.95074009231,0.0,0.0,34026.95074009231,1648.9883003704394,35675.93904046275,57563.724991219024,57563.724991219024,0.0,0.0,281.4477771155831,3442.7095970045752,20390.239803731085,16127.205465734382,30
2025-04-16,q42,P1_bias2h,8498.767709197755,5963.204574281328,34243.66213560965,0.0,0.0,34243.66213560965,6496.800712770027,40740.46284837968,55665.58810550188,55665.58810550188,0.0,0.0,1191.6700958783986,0.0,17682.489856868786,16604.82360548851,30
2025-04-17,q42,P1_bias2h,5963.204574281328,9342.941116106347,35758.29169690387,0.0,0.0,35758.29169690387,1037.5386265615955,36795.83032346547,60627.5385499152,60627.5385499152,0.0,0.0,163.67488292699454,170.64896296157178,24791.8906959901,17039.66857610947,30
2025-04-18,q42,P1_bias2h,9342.941116106347,10800.0,10702.827892846182,0.0,0.0,10702.827892846182,177.3062417142215,10880.134134560403,29054.427176639343,29054.427176639343,0.0,0.0,58.75931788375195,17132.96649725155,22709.20957070487,17083.106756766654,30
2025-04-19,q42,P1_bias2h,10800.0,9470.395293035346,9899.114179510183,0.0,0.0,9899.114179510183,0.0,9899.114179510183,26183.28033945404,26183.28033945404,0.0,0.0,0.0,16757.45568995705,20198.89281981671,17557.74742031972,30
2025-04-20,q42,P1_bias2h,9470.395293035346,8493.019817488754,33591.251425383336,0.0,0.0,33591.251425383336,0.0,33591.251425383336,55117.71483916311,55117.71483916311,0.0,0.0,0.0,180.28643275583204,20312.218163504636,17332.534640430684,30
2025-04-21,q42,P1_bias2h,8493.019817488754,8138.791768527634,33967.05075358349,0.0,0.0,33967.05075358349,0.0,33967.05075358349,57300.29562096574,57300.29562096574,0.0,0.0,0.0,5331.603412458231,19845.195101258916,16393.413276084735,30
2025-04-22,q42,P1_bias2h,8138.791768527634,8942.718487914115,33973.29033845454,0.0,0.0,33973.29033845454,1335.0219290836658,35308.31226753821,56555.214689790504,56555.214689790504,0.0,0.0,352.95427554723494,10.794003564380773,21162.69261925715,16418.24697415046,30
2025-04-23,q42,P1_bias2h,8942.718487914115,9274.875949541909,32593.91140648606,0.0,0.0,32593.91140648606,6580.938320396266,39174.84972688233,54287.66786149096,54287.66786149096,0.0,0.0,1123.6106115749367,0.0,19539.052847022234,15527.691090623,30
2025-04-24,q42,P1_bias2h,9274.875949541909,8811.999524240659,32145.88677086336,0.0,0.0,32145.88677086336,0.0,32145.88677086336,53782.52579815436,53782.52579815436,0.0,0.0,0.0,3487.6320769218837,19059.87265265056,15855.085631418075,30
2025-04-25,q42,P1_bias2h,8811.999524240659,10611.917913696923,10499.60903330247,0.0,0.0,10499.60903330247,0.0,10499.60903330247,28575.028650197746,28575.028650197746,0.0,0.0,0.0,20868.523491784967,21506.426094221762,15800.27858580899,30
2025-04-26,q42,P1_bias2h,10611.917913696923,9986.504142157617,10256.38826945812,0.0,0.0,10256.38826945812,170.42435804602118,10426.812627504141,26496.276301106653,26496.276301106653,0.0,0.0,43.673230103284936,23224.10781867114,20044.844597846535,16799.196518641074,30
2025-04-27,q42,P1_bias2h,9986.504142157617,7846.959490271903,30541.35600181701,0.0,0.0,30541.35600181701,2670.7810287277007,33212.13703054471,50213.75000005389,50213.75000005389,0.0,0.0,491.2756102987066,388.9079943192017,19306.508523143228,17563.86209044316,30
2025-04-28,q42,P1_bias2h,7846.959490271903,8291.061073340059,34261.04952576165,0.0,0.0,34261.04952576165,22124.36626777276,56385.41579353441,56747.26139013027,56747.26139013027,0.0,0.0,3595.5781066548034,0.0,17479.898712405593,13759.026532287193,30
2025-04-29,q42,P1_bias2h,8291.061073340059,5134.7036729692445,31226.80119375939,0.0,0.0,31226.80119375939,0.0,31226.80119375939,50985.91337436095,50985.91337436095,0.0,0.0,0.0,3567.5482265893215,14873.01627073001,14887.864839625045,30
2025-04-30,q42,P1_bias2h,5134.7036729692445,8843.314776417768,33539.313524305915,0.0,0.0,33539.313524305915,0.0,33539.313524305915,57199.84737414158,57199.84737414158,0.0,0.0,0.0,1370.0728344307613,22290.369017230594,14717.448910853114,30
2025-05-01,q42,P1_bias2h,8843.314776417768,7099.016012378919,33135.12211953543,0.0,0.0,33135.12211953543,11480.78212720992,44615.904246745355,53785.87704106731,53785.87704106731,0.0,0.0,1856.2855249764996,2377.9873728024177,20119.290951980824,17866.494558739425,30
2025-05-02,q42,P1_bias2h,7099.016012378919,9867.208341242349,12629.118944288064,0.0,0.0,12629.118944288064,7397.843866929766,20026.96281121783,31640.107565137798,31640.107565137798,0.0,0.0,1560.3833327802813,12253.800367591646,21921.038689557954,15264.668242564856,30
2025-05-03,q42,P1_bias2h,9867.208341242349,9939.083199522769,12141.260376509792,0.0,0.0,12141.260376509792,2543.6019066976705,14684.862283207462,30028.46860307851,30028.46860307851,0.0,0.0,575.8540617544428,17506.991517821036,21923.537497681784,17693.378000669865,30
2025-05-04,q42,P1_bias2h,9939.083199522769,9055.543684887023,38706.256143146704,0.0,0.0,38706.256143146704,39.8257449499998,38746.081888096705,60985.79540964182,60985.79540964182,0.0,0.0,5.99694999999997,6752.831387369469,17365.680011111515,14861.386372172505,30
2025-05-05,q42,P1_bias2h,9055.543684887023,9764.72415659758,38837.47000132571,0.0,0.0,38837.47000132571,0.0,38837.47000132571,60838.52292317515,60838.52292317515,0.0,0.0,0.0,1206.293337603944,20620.84400543006,16064.621219858847,30
2025-05-06,q42,P1_bias2h,9764.72415659758,9645.855983872943,36541.20352610308,0.0,0.0,36541.20352610308,3356.9025343261287,39898.106060429214,56157.89494318508,56157.89494318508,0.0,0.0,642.5511844124024,37.314992599351626,21052.790125177078,17159.74135684561,30
2025-05-07,q42,P1_bias2h,9645.855983872943,9344.543282219032,36992.115494376696,0.0,0.0,36992.115494376696,3529.2709487466827,40521.38644312338,57714.57325518869,57714.57325518869,0.0,0.0,670.4146453737164,16.746197202412873,18797.774657097456,15497.378903737455,30
2025-05-08,q42,P1_bias2h,9344.543282219032,6521.033340628478,37192.008097914455,0.0,0.0,37192.008097914455,0.0,37192.008097914455,58321.64104982384,58321.64104982384,0.0,0.0,0.0,1418.297241138105,19042.054505880227,17965.223097194485,30
2025-05-09,q42,P1_bias2h,6521.033340628478,10156.406920844853,12920.349897640748,0.0,0.0,12920.349897640748,1531.3496461615655,14451.699543802313,32234.73385531739,32234.73385531739,0.0,0.0,310.0033337371281,16525.7881093178,22356.457934431503,14836.894704694778,30
2025-05-10,q42,P1_bias2h,10156.406920844853,9925.190878893076,12630.51044562436,0.0,0.0,12630.51044562436,0.0,12630.51044562436,29170.415439932305,29170.415439932305,0.0,0.0,0.0,13504.927648760819,19750.194450498693,16205.751942660543,30
2025-05-11,q42,P1_bias2h,9925.190878893076,4282.925240164771,35978.96469367102,0.0,0.0,35978.96469367102,41.21617915222669,36020.18087282324,54833.55543663185,54833.55543663185,0.0,0.0,6.18768640627934,2165.3422005722346,11938.74165256862,14748.41981343606,30
2025-05-12,q42,P1_bias2h,4282.925240164771,8449.982870841633,38642.8615199225,0.0,0.0,38642.8615199225,0.0,38642.8615199225,62077.51826660687,62077.51826660687,0.0,0.0,0.0,2217.541782022132,21991.733598117033,14062.952346865623,30
2025-05-13,q42,P1_bias2h,8449.982870841633,5897.002474647118,36429.876803477026,0.0,0.0,36429.876803477026,0.0,36429.876803477026,57472.954248709924,57472.954248709924,0.0,0.0,0.0,3529.2100070124206,16380.07279792579,15565.541322894953,30
2025-05-14,q42,P1_bias2h,5897.002474647118,7269.722192944147,37023.21896177679,0.0,0.0,37023.21896177679,0.0,37023.21896177679,59417.59683803005,59417.59683803005,0.0,0.0,0.0,1467.587993867788,19475.85428611373,14539.994225284798,30
2025-05-15,q42,P1_bias2h,7269.722192944147,6253.53485365598,35952.05222688459,0.0,0.0,35952.05222688459,0.0,35952.05222688459,55576.335473768515,55576.335473768515,0.0,0.0,0.0,398.8918634666421,17510.283854357323,15097.898527388781,30
2025-05-16,q42,P1_bias2h,6253.53485365598,10612.987605960056,13304.92559991837,0.0,0.0,13304.92559991837,0.0,13304.92559991837,32158.74063975407,32158.74063975407,0.0,0.0,0.0,21427.951312990597,21535.65955977088,13520.376766340742,30
2025-05-17,q42,P1_bias2h,10612.987605960056,9840.212596689578,12348.36002202387,0.0,0.0,12348.36002202387,4.224702047385371,12352.584724071256,28465.881578236913,28465.881578236913,0.0,0.0,0.8304082648423332,14708.500784790685,21078.4717195851,17769.059601207362,30
2025-05-18,q42,P1_bias2h,9840.212596689578,5085.871229466065,35521.87708540211,0.0,0.0,35521.87708540211,0.0,35521.87708540211,54748.90371218108,54748.90371218108,0.0,0.0,0.0,2859.8388499289927,13114.75785659605,14901.861094343958,30
2025-05-19,q42,P1_bias2h,5085.871229466065,5884.167599274638,35733.01935823352,0.0,0.0,35733.01935823352,0.0,35733.01935823352,57147.386571977564,57147.386571977564,0.0,0.0,0.0,5555.256800312071,17676.034151777832,13599.120930112334,30
2025-05-20,q42,P1_bias2h,5884.167599274638,4990.939774044846,34833.89366131798,0.0,0.0,34833.89366131798,5592.344295028911,40426.23795634689,56145.2856699197,56145.2856699197,0.0,0.0,1119.699720031365,1.8628217080974991,18629.646285700604,15893.918534124303,30
2025-05-21,q42,P1_bias2h,4990.939774044846,5713.595020429759,35510.53287414289,0.0,0.0,35510.53287414289,2054.3474308306468,37564.880304973536,56310.43367939918,56310.43367939918,0.0,0.0,434.5349634231573,1123.0991578333278,18994.0235784698,14734.769376814122,30
2025-05-22,q42,P1_bias2h,5713.595020429759,5807.626954711769,34832.850884806314,0.0,0.0,34832.850884806314,0.0,34832.850884806314,54822.84955225601,54822.84955225601,0.0,0.0,0.0,308.6929335463798,19015.24769046925,15317.721888426284,30
2025-05-23,q42,P1_bias2h,5807.626954711769,10800.0,12843.462272447667,0.0,0.0,12843.462272447667,587.2118807883951,13430.674153236061,32369.116672883218,32369.116672883218,0.0,0.0,256.11820979832197,17438.063467627908,22489.93047874155,13723.707947021252,30
2025-05-24,q42,P1_bias2h,10800.0,10412.089455667052,11876.085344561552,0.0,0.0,11876.085344561552,0.0,11876.085344561552,27867.41992855809,27867.41992855809,0.0,0.0,0.0,20471.228647252166,21004.259936169707,17362.57003819712,30
2025-05-25,q42,P1_bias2h,10412.089455667052,8947.19428663715,34477.153414746484,0.0,0.0,34477.153414746484,0.0,34477.153414746484,53795.51887786075,53795.51887786075,0.0,0.0,0.0,3397.016989718844,16694.1966154499,14840.704910641321,30
2025-05-26,q42,P1_bias2h,8947.19428663715,6585.3801771988765,33289.2904713366,0.0,0.0,33289.2904713366,17142.82793270374,50432.118404040346,52398.50835166953,52398.50835166953,0.0,0.0,2641.9464479209396,0.0,13611.866042552248,13151.24419296177,30
2025-05-27,q42,P1_bias2h,6585.3801771988765,8233.87503996362,34593.75728081325,0.0,0.0,34593.75728081325,0.0,34593.75728081325,55484.12846747528,55484.12846747528,0.0,0.0,0.0,414.5489753543518,22081.930608592964,16402.71841647203,30
2025-05-28,q42,P1_bias2h,8233.87503996362,5253.107103617266,34084.14796153052,0.0,0.0,34084.14796153052,0.0,34084.14796153052,53025.36078325275,53025.36078325275,0.0,0.0,0.0,628.7942522512585,14765.439861648536,14642.69743064704,30
2025-05-29,q42,P1_bias2h,5253.107103617266,4231.582361903518,35280.3589127945,0.0,0.0,35280.3589127945,2657.0733168960946,37937.432229690596,56177.821714249185,56177.821714249185,0.0,0.0,433.74738876332725,133.6503407891165,17300.881735609328,14933.08647338593,30
2025-05-30,q42,P1_bias2h,4231.582361903518,10575.357365467133,14223.054807813362,0.0,0.0,14223.054807813362,157.5756338668506,14380.630441680212,34271.79810984799,34271.79810984799,0.0,0.0,46.42086724608944,17606.840011179014,23188.148400216545,13073.00270096815,30
2025-05-31,q42,P1_bias2h,10575.357365467133,10333.059646944896,11632.022096619923,0.0,0.0,11632.022096619923,0.0,11632.022096619923,28790.531125463218,28790.531125463218,0.0,0.0,0.0,16568.46954371245,21320.77883379357,17487.8988020428,30
2025-06-01,q42,P1_bias2h,10333.059646944896,5457.185844270193,42550.01047896546,0.0,0.0,42550.01047896546,48555.8465264008,91105.85700536626,61215.11549193397,61215.11549193397,0.0,0.0,8281.124348490514,0.0,13998.420857009027,15727.007316584542,30
2025-06-02,q42,P1_bias2h,5457.185844270193,3747.511916404654,51048.282695813425,0.0,0.0,51048.282695813425,1213.6320246357407,52261.91472044917,73984.97989797159,73984.97989797159,0.0,0.0,212.31156325586196,3745.507019571823,17629.913298603286,15818.936306947653,30
2025-06-03,q42,P1_bias2h,3747.511916404654,6221.758171167091,52163.26429227544,0.0,0.0,52163.26429227544,74.49652516897505,52237.76081744441,77330.73967987493,77330.73967987493,0.0,0.0,10.838222909576643,2335.819365130056,24139.842500183822,17326.4507958627,30
2025-06-04,q42,P1_bias2h,6221.758171167091,7075.622478248921,55285.55251765181,0.0,0.0,55285.55251765181,0.0,55285.55251765181,79825.98354491315,79825.98354491315,0.0,0.0,0.0,5422.684679014462,20997.6851203072,16239.647071075187,30
2025-06-05,q42,P1_bias2h,7075.622478248921,7248.556091111066,52602.29221035157,0.0,0.0,52602.29221035157,0.0,52602.29221035157,75298.44606439109,75298.44606439109,0.0,0.0,0.0,84.32516982721359,20574.540138533055,16509.737260635837,30
2025-06-06,q42,P1_bias2h,7248.556091111066,9262.02242698725,17564.53363989658,0.0,0.0,17564.53363989658,13110.60846017893,30675.14210007551,36132.92528530054,36132.92528530054,0.0,0.0,2835.7156367750154,2240.2495155066576,21375.138443580698,15501.7424370118,30
2025-06-07,q42,P1_bias2h,9262.02242698725,9294.59951107581,18722.640497360913,0.0,0.0,18722.640497360913,2398.1994133165776,21120.839910677492,37587.0580641111,37587.0580641111,0.0,0.0,389.70320568828225,2531.104347726792,22578.023051190667,18258.87929578474,30
2025-06-08,q42,P1_bias2h,9294.59951107581,4982.724795580915,54412.2098960741,0.0,0.0,54412.2098960741,0.0,54412.2098960741,76020.18473448914,76020.18473448914,0.0,0.0,0.0,13130.811362029614,8342.82815651719,10638.378050724325,30
2025-06-09,q42,P1_bias2h,4982.724795580915,4537.089386654532,55088.222871940234,0.0,0.0,55088.222871940234,0.0,55088.222871940234,77762.66648239591,77762.66648239591,0.0,0.0,0.0,3815.2253000770784,17977.89640536446,14963.167956378955,30
2025-06-10,q42,P1_bias2h,4537.089386654532,3242.4842844449786,51775.8033101333,0.0,0.0,51775.8033101333,0.0,51775.8033101333,74236.99363729241,74236.99363729241,0.0,0.0,0.0,42.165586200113694,19692.254788145055,17115.870970386095,30
2025-06-11,q42,P1_bias2h,3242.4842844449786,2573.420892048301,53018.59181319055,0.0,0.0,53018.59181319055,18421.95335401938,71440.54516720993,76404.2049366672,76404.2049366672,0.0,0.0,3295.3691607047413,39.0647240937102,21990.632156676773,18414.569100065197,30
2025-06-12,q42,P1_bias2h,2573.420892048301,4660.922963217584,55589.7145590928,0.0,0.0,55589.7145590928,0.0,55589.7145590928,79975.00615731173,79975.00615731173,0.0,0.0,0.0,1358.4391811037444,22554.861467485825,16390.685924611164,30
2025-06-13,q42,P1_bias2h,4660.922963217584,8488.101461967004,18929.719715478568,0.0,0.0,18929.719715478568,1675.8776265881897,20605.597342066758,38661.35398635284,38661.35398635284,0.0,0.0,305.37716578967945,3094.270393238282,21487.82321068297,13960.676151778727,30
2025-06-14,q42,P1_bias2h,8488.101461967004,9380.792495667707,20005.647141276313,0.0,0.0,20005.647141276313,0.0,20005.647141276313,37327.42673018849,37327.42673018849,0.0,0.0,0.0,6294.687416277464,21241.971755686303,16402.575191775275,30
2025-06-15,q42,P1_bias2h,9380.792495667707,4922.707276842822,53337.875907050664,0.0,0.0,53337.875907050664,0.0,53337.875907050664,74113.90182227895,74113.90182227895,0.0,0.0,0.0,4580.592407541014,15361.114622878904,16454.77954147431,30
2025-06-16,q42,P1_bias2h,4922.707276842822,3506.9795222678367,53354.67151632634,0.0,0.0,53354.67151632634,0.0,53354.67151632634,75553.18871345572,75553.18871345572,0.0,0.0,0.0,226.21822257392898,20563.54028069802,17930.62260648288,30
2025-06-17,q42,P1_bias2h,3506.9795222678367,2182.671860430088,54466.654880445654,0.0,0.0,54466.654880445654,535.9396724469267,55002.59455289258,77668.57240473732,77668.57240473732,0.0,0.0,77.67868471562826,218.414128600322,21487.90863073652,18597.082886550554,30
2025-06-18,q42,P1_bias2h,2182.671860430088,4223.464155493002,55548.66523162601,0.0,0.0,55548.66523162601,0.0,55548.66523162601,79817.20656847172,79817.20656847172,0.0,0.0,0.0,2966.508274612613,21503.128043697303,15580.820649838195,30
2025-06-19,q42,P1_bias2h,4223.464155493002,4851.816528642994,52303.968129425746,0.0,0.0,52303.968129425746,0.0,52303.968129425746,76502.81123006926,76502.81123006926,0.0,0.0,0.0,3809.79158489283,20357.88583863916,15924.37039346273,30
2025-06-20,q42,P1_bias2h,4851.816528642994,9421.103235786304,19329.714996552582,0.0,0.0,19329.714996552582,0.0,19329.714996552582,38620.98454381074,38620.98454381074,0.0,0.0,0.0,8206.379806397981,20535.083426230412,12521.059538817653,30
2025-06-21,q42,P1_bias2h,9421.103235786304,8226.198655410002,17028.946693421844,0.0,0.0,17028.946693421844,335.941272424282,17364.887965846126,32918.50002656174,32918.50002656174,0.0,0.0,113.41045151592344,11311.99919170837,18213.60530898931,15828.434422620014,30
2025-06-22,q42,P1_bias2h,8226.198655410002,3796.441370538343,48477.9028740058,0.0,0.0,48477.9028740058,0.0,48477.9028740058,68612.21115241194,68612.21115241194,0.0,0.0,0.0,2353.367028023315,14675.18200406903,15873.678979680411,30
2025-06-23,q42,P1_bias2h,3796.441370538343,3015.0996982912857,49079.506904536116,0.0,0.0,49079.506904536116,0.0,49079.506904536116,71317.0964125759,71317.0964125759,0.0,0.0,0.0,1300.4388966539263,19255.679057601777,16300.307541679793,30
2025-06-24,q42,P1_bias2h,3015.0996982912857,2392.986403673302,54301.8448489077,0.0,0.0,54301.8448489077,14773.361947638121,69075.20679654583,77012.56666272582,77012.56666272582,0.0,0.0,2647.818449341916,17.9392741761975,20702.923963409143,17329.270375517597,30
2025-06-25,q42,P1_bias2h,2392.986403673302,4047.0238307775567,52545.70082044466,0.0,0.0,52545.70082044466,0.0,52545.70082044466,76924.0868398486,76924.0868398486,0.0,0.0,0.0,957.3953975012257,21266.507322562633,15737.237246881909,30
2025-06-26,q42,P1_bias2h,4047.0238307775567,3872.355331240876,49826.125277274,0.0,0.0,49826.125277274,99.34546335149767,49925.4707406255,73497.24795302967,73497.24795302967,0.0,0.0,14.082566213267796,2455.9245185951427,19290.651667881484,15782.629500567018,30
2025-06-27,q42,P1_bias2h,3872.355331240876,9888.132900154864,19438.19936775367,0.0,0.0,19438.19936775367,0.0,19438.19936775367,40633.070921305574,40633.070921305574,0.0,0.0,0.0,11260.402223868283,22035.91062498968,12434.88779421905,30
2025-06-28,q42,P1_bias2h,9888.132900154864,9409.861685950229,16602.712366799893,0.0,0.0,16602.712366799893,0.0,16602.712366799893,33341.89192512773,33341.89192512773,0.0,0.0,0.0,7891.020438293081,21602.049805011382,17928.1044348434,30
2025-06-29,q42,P1_bias2h,9409.861685950229,2720.6632040269933,45907.16983865634,0.0,0.0,45907.16983865634,7404.7005557651055,53311.87039442144,65058.61062793015,65058.61062793015,0.0,0.0,1280.4632134608273,43.22800051326112,16043.97863829109,19015.901330746696,30
2025-06-30,q42,P1_bias2h,2720.6632040269933,3594.9566412352324,50894.41769102347,0.0,0.0,50894.41769102347,0.0,50894.41769102347,74923.83296063473,74923.83296063473,0.0,0.0,0.0,288.4591351663496,20899.082887619075,16141.39304548404,30
2025-07-01,q42,P1_bias2h,3594.9566412352324,1200.0,53178.248056938035,0.0,0.0,53178.248056938035,54516.54493318043,107694.79299011847,70862.95248603154,70862.95248603154,0.0,0.0,8773.183106133343,0.0,15395.013347069787,14625.421788238233,30
2025-07-02,q42,P1_bias2h,1200.0,4018.554708306576,65757.8341158474,0.0,0.0,65757.8341158474,174.22435506429423,65932.0584709117,87166.59721651308,87166.59721651308,0.0,0.0,20.17653214409893,8106.362307397903,19152.34651114053,12976.70143654791,30
2025-07-03,q42,P1_bias2h,4018.554708306576,4074.16407720384,65084.41843611893,0.0,0.0,65084.41843611893,39.66401522836703,65124.0824513473,85037.51677225015,85037.51677225015,0.0,0.0,5.073097810112813,1251.7560010945404,20949.29738749929,16918.882451866884,30
2025-07-04,q42,P1_bias2h,4074.16407720384,8369.469141016803,24627.34537656989,0.0,0.0,24627.34537656989,11928.825036534428,36556.17041310432,44025.21368816545,44025.21368816545,0.0,0.0,2577.840688338176,9760.989533333333,21554.85694248398,13593.65956598036,30
2025-07-05,q42,P1_bias2h,8369.469141016803,9102.459245159267,25599.687130456365,0.0,0.0,25599.687130456365,0.0,25599.687130456365,43957.06950954362,43957.06950954362,0.0,0.0,0.0,10479.431354195825,21199.300499752142,16511.742311071022,30
2025-07-06,q42,P1_bias2h,9102.459245159267,7385.632340464744,68257.04416526384,0.0,0.0,68257.04416526384,0.0,68257.04416526384,84837.9855528039,84837.9855528039,0.0,0.0,0.0,3268.3869693848474,17477.69077707432,15702.073743655274,30
2025-07-07,q42,P1_bias2h,7385.632340464744,4239.28920446331,59616.74669660705,0.0,0.0,59616.74669660705,0.0,59616.74669660705,77115.16069504971,77115.16069504971,0.0,0.0,0.0,3551.669092164103,15714.30346642231,15560.294630203369,30
2025-07-08,q42,P1_bias2h,4239.28920446331,3286.3344737354464,61645.499003094745,0.0,0.0,61645.499003094745,0.0,61645.499003094745,81778.11797413067,81778.11797413067,0.0,0.0,0.0,3292.526362536115,19851.915013594524,16937.710418666644,30
2025-07-09,q42,P1_bias2h,3286.3344737354464,2617.4239952672474,61460.926942666694,0.0,0.0,61460.926942666694,77.7250808251214,61538.65202349181,82035.17310626626,82035.17310626626,0.0,0.0,8.925709786991433,5016.709092242169,18793.07440929366,15824.409702149238,30
2025-07-10,q42,P1_bias2h,2617.4239952672474,2651.2986946805436,59410.0809214699,0.0,0.0,59410.0809214699,0.0,59410.0809214699,78092.91637534983,78092.91637534983,0.0,0.0,0.0,1563.9232524495242,19183.592158394727,15508.222418827756,30
2025-07-11,q42,P1_bias2h,2651.2986946805436,3726.1140706799492,23782.973751357786,0.0,0.0,23782.973751357786,6315.46517205479,30098.438923412577,41417.5962413652,41417.5962413652,0.0,0.0,1747.368486103009,6584.677381319529,16285.138724995933,12223.628528847246,30
2025-07-12,q42,P1_bias2h,3726.1140706799492,5291.081970389718,25634.9882089644,0.0,0.0,25634.9882089644,142.02359068955613,25777.01179965396,44533.495099236985,44533.495099236985,0.0,0.0,21.065498470714346,8413.169424679501,19203.56173661093,14146.413896916061,30
2025-07-13,q42,P1_bias2h,5291.081970389718,4361.717431205791,65099.49014457572,0.0,0.0,65099.49014457572,0.0,65099.49014457572,86601.17911295709,86601.17911295709,0.0,0.0,0.0,15340.966516189383,14889.054115964387,12896.561919196689,30
2025-07-14,q42,P1_bias2h,4361.717431205791,1948.5681852806258,57193.985442467085,0.0,0.0,57193.985442467085,0.0,57193.985442467085,76858.30313751615,76858.30313751615,0.0,0.0,0.0,4126.256024584681,16295.801145249736,15371.433248984933,30
2025-07-15,q42,P1_bias2h,1948.5681852806258,2977.7998321148784,59887.97960805528,0.0,0.0,59887.97960805528,0.0,59887.97960805528,80453.75213422043,80453.75213422043,0.0,0.0,0.0,3014.3781575397074,19810.604795771385,15120.281402423996,30
2025-07-16,q42,P1_bias2h,2977.7998321148784,2638.976836323998,57656.498989249165,0.0,0.0,57656.498989249165,216.5355898631938,57873.03457911236,76157.58033959204,76157.58033959204,0.0,0.0,25.77077534021555,710.1680038707977,19176.63381021003,15838.014082481917,30
2025-07-17,q42,P1_bias2h,2638.976836323998,2162.372986620656,57536.95550933559,0.0,0.0,57536.95550933559,1590.660642052861,59127.61615138845,77204.29703316295,77204.29703316295,0.0,0.0,279.4143786688572,1244.3272409271758,20778.48194195252,17259.513837714556,30
2025-07-18,q42,P1_bias2h,2162.372986620656,2413.0987372752134,22604.326711478658,0.0,0.0,22604.326711478658,2762.043512333138,25366.370223811795,40089.97858301355,40089.97858301355,0.0,0.0,712.9991688087289,6561.153345225021,14431.174373727154,11463.598067129891,30
2025-07-19,q42,P1_bias2h,2413.0987372752134,3866.7290348073843,24904.321122205823,0.0,0.0,24904.321122205823,0.0,24904.321122205823,43509.16856554487,43509.16856554487,0.0,0.0,0.0,11874.611522732626,16544.582763333092,12092.84477052085,30
2025-07-20,q42,P1_bias2h,3866.7290348073843,3950.866313820347,61870.67023596699,0.0,0.0,61870.67023596699,0.0,61870.67023596699,83550.0402183401,83550.0402183401,0.0,0.0,0.0,8019.609617602699,17709.099120837243,14268.646736766503,30
2025-07-21,q42,P1_bias2h,3950.866313820347,2579.3357564648345,59396.447731058455,0.0,0.0,59396.447731058455,0.0,59396.447731058455,78962.77677880037,78962.77677880037,0.0,0.0,0.0,2221.131437037855,20980.38680727623,18228.49081551371,30
2025-07-22,q42,P1_bias2h,2579.3357564648345,2648.4713381492925,58604.519360803664,0.0,0.0,58604.519360803664,0.0,58604.519360803664,78430.10383439131,78430.10383439131,0.0,0.0,0.0,243.52741205675886,22785.31464290461,18393.882837236728,30
2025-07-23,q42,P1_bias2h,2648.4713381492925,2590.3559822480224,61773.954397875845,0.0,0.0,61773.954397875845,0.0,61773.954397875845,83039.44900527806,83039.44900527806,0.0,0.0,0.0,5243.757515261138,19112.88522979682,15533.740856446566,30
2025-07-24,q42,P1_bias2h,2590.3559822480224,3846.3105184935216,62630.140113585556,0.0,0.0,62630.140113585556,0.0,62630.140113585556,83937.84893506544,83937.84893506544,0.0,0.0,0.0,5347.8905184719415,20226.98596827661,15253.499551683111,30
2025-07-25,q42,P1_bias2h,3846.3105184935216,3919.2225784903653,23702.877462786713,0.0,0.0,23702.877462786713,0.0,23702.877462786713,40914.40956798265,40914.40956798265,0.0,0.0,0.0,11368.681858588101,15656.775203845911,12616.367061118024,30
2025-07-26,q42,P1_bias2h,3919.2225784903653,4072.138884514446,23506.807788788406,0.0,0.0,23506.807788788406,77.60494918400056,23584.41273797241,41111.39308497039,41111.39308497039,0.0,0.0,29.15287347257722,9115.169997557672,17992.945888405022,14436.661494186392,30
2025-07-27,q42,P1_bias2h,4072.138884514446,2601.8892537065417,57372.18779794904,0.0,0.0,57372.18779794904,0.0,57372.18779794904,77146.21607351955,77146.21607351955,0.0,0.0,0.0,893.9153270097468,20475.450601247,17908.33965473718,30
2025-07-28,q42,P1_bias2h,2601.8892537065417,1783.586877037079,59014.23973912476,0.0,0.0,59014.23973912476,10381.128886808543,69395.3686259333,79370.12815794353,79370.12815794353,0.0,0.0,1644.3164505133093,191.19028525319106,18972.89067827814,16104.513588407815,30
2025-07-29,q42,P1_bias2h,1783.586877037079,2367.241854215037,59945.16181224266,0.0,0.0,59945.16181224266,0.0,59945.16181224266,81056.94857607152,81056.94857607152,0.0,0.0,0.0,349.8804167322843,21644.909104626786,17007.08689528754,30
2025-07-30,q42,P1_bias2h,2367.241854215037,2755.5839322118945,58833.17321576569,0.0,0.0,58833.17321576569,1595.3256555324788,60428.498871298165,78365.05463668366,78365.05463668366,0.0,0.0,232.19636731980572,38.94568117817562,21608.123171727006,17153.0718989017,30
2025-07-31,q42,P1_bias2h,2755.5839322118945,3070.4360443552678,58959.438575992375,0.0,0.0,58959.438575992375,0.0,58959.438575992375,80039.82387604643,80039.82387604643,0.0,0.0,0.0,997.8897022618081,21387.215822047005,17040.27791492904,30
2025-08-01,q42,P1_bias2h,3070.4360443552678,3404.4354810847035,23578.74390893973,0.0,0.0,23578.74390893973,0.0,23578.74390893973,40848.66808267415,40848.66808267415,0.0,0.0,0.0,16186.029947470917,16371.994607789882,12960.716139253314,30
2025-08-02,q42,P1_bias2h,3404.4354810847035,3616.65197972257,23399.854436156093,0.0,0.0,23399.854436156093,0.0,23399.854436156093,41424.81654319975,41424.81654319975,0.0,0.0,0.0,16926.05372741651,17793.384387767514,14221.646505317602,30
2025-08-03,q42,P1_bias2h,3616.65197972257,1220.7210988208212,50061.56442471919,0.0,0.0,50061.56442471919,993.0625708295119,51054.6269955487,67594.87038876249,67594.87038876249,0.0,0.0,177.27757835883264,3835.24530541024,17125.055111522757,16027.632433145009,30
2025-08-04,q42,P1_bias2h,1220.7210988208212,2442.79234564815,53661.98680265898,0.0,0.0,53661.98680265898,83.81957613209364,53745.80637879108,71732.07472904338,71732.07472904338,0.0,0.0,29.776048359535935,1482.1058075255423,19811.714549470795,14947.62466292675,30
2025-08-05,q42,P1_bias2h,2442.79234564815,2546.204550486544,52339.16469646452,0.0,0.0,52339.16469646452,0.0,52339.16469646452,69906.0195973541,69906.0195973541,0.0,0.0,0.0,940.5622387005559,19579.350741924507,15766.203116604298,30
2025-08-06,q42,P1_bias2h,2546.204550486544,1683.5570150314543,53711.46089470379,0.0,0.0,53711.46089470379,1617.4387079926619,55328.89960269645,70395.02063068649,70395.02063068649,0.0,0.0,304.8266165145198,15.662766338691995,17611.410505817006,15041.625291621363,30
2025-08-07,q42,P1_bias2h,1683.5570150314543,2936.156759733387,54060.1771929297,0.0,0.0,54060.1771929297,0.0,54060.1771929297,74778.68862417505,74778.68862417505,0.0,0.0,0.0,6300.7060697335755,20856.092285314375,15766.094980872904,30
2025-08-08,q42,P1_bias2h,2936.156759733387,5626.220105719846,23696.763758469628,0.0,0.0,23696.763758469628,0.0,23696.763758469628,42623.007958187256,42623.007958187256,0.0,0.0,0.0,20956.026662917488,18267.12123095766,12375.311185687891,30
2025-08-09,q42,P1_bias2h,5626.220105719846,5057.073310695574,22295.638894797252,0.0,0.0,22295.638894797252,0.0,22295.638894797252,39468.00186273576,39468.00186273576,0.0,0.0,0.0,17662.31491049137,17873.631935611767,14989.873983367379,30
2025-08-10,q42,P1_bias2h,5057.073310695574,1523.3877976610117,48941.942167447676,0.0,0.0,48941.942167447676,7606.0184172679965,56547.96058471567,64103.571350477236,64103.571350477236,0.0,0.0,1102.6655560016227,0.0,16220.709569526163,16319.091713047299,30
2025-08-11,q42,P1_bias2h,1523.3877976610117,1710.123617399728,50977.085977469076,0.0,0.0,50977.085977469076,0.0,50977.085977469076,70155.74529292896,70155.74529292896,0.0,0.0,0.0,1557.9502818582614,20360.41810511851,16323.87642738115,30
2025-08-12,q42,P1_bias2h,1710.123617399728,1789.2771599152202,53747.529723945,0.0,0.0,53747.529723945,2843.5325088916675,56591.062232836666,72971.07658015718,72971.07658015718,0.0,0.0,352.0810019045522,1775.0808118910454,19559.447010035583,15771.913889864887,30
2025-08-13,q42,P1_bias2h,1789.2771599152202,2453.8038940512956,52212.669019095505,0.0,0.0,52212.669019095505,0.0,52212.669019095505,70560.733449355,70560.733449355,0.0,0.0,0.0,90.0895744080367,19745.212443286902,15395.548018339923,30
2025-08-14,q42,P1_bias2h,2453.8038940512956,2801.1326430812996,52598.320276423285,0.0,0.0,52598.320276423285,1277.1668664921324,53875.487142915415,71217.23120597145,71217.23120597145,0.0,0.0,240.46595076833898,1136.8768304706762,21483.86036215143,17089.331019215657,30
2025-08-15,q42,P1_bias2h,2801.1326430812996,3079.8503255500436,22795.90231646176,0.0,0.0,22795.90231646176,0.0,22795.90231646176,40329.94229740383,40329.94229740383,0.0,0.0,0.0,19758.590298005976,16635.680009698157,13224.054893633634,30
2025-08-16,q42,P1_bias2h,3079.8503255500436,4800.581409319765,23836.1298644571,0.0,0.0,23836.1298644571,0.0,23836.1298644571,42489.5899857973,42489.5899857973,0.0,0.0,0.0,20278.386111469117,19648.765959309323,14366.842451647808,30
2025-08-17,q42,P1_bias2h,4800.581409319765,1443.529289957705,49871.88230452501,0.0,0.0,49871.88230452501,80.45439525632997,49952.33669978134,66875.4228672288,66875.4228672288,0.0,0.0,9.933254553531697,3628.3476111460222,16384.009481028937,16292.394587059287,30
2025-08-18,q42,P1_bias2h,1443.529289957705,1789.946383315784,51919.709877140136,0.0,0.0,51919.709877140136,177.14663851123566,52096.85651565137,69421.16442365776,69421.16442365776,0.0,0.0,21.182188031954524,617.4704743663954,21678.86914018093,17248.108619524282,30
2025-08-19,q42,P1_bias2h,1789.946383315784,1825.0406664072855,51714.205801866396,0.0,0.0,51714.205801866396,263.1137923606094,51977.319594227,68956.17341458547,68956.17341458547,0.0,0.0,31.200200280279205,1173.4980140393723,18234.898400231767,14738.682849405386,30
2025-08-20,q42,P1_bias2h,1825.0406664072855,1481.8549232663747,53763.263104378246,0.0,0.0,53763.263104378246,11319.223647887133,65082.48675226538,72414.09625936532,72414.09625936532,0.0,0.0,1791.533953063794,54.91937181958781,20046.773382998374,16546.753609055504,30
2025-08-21,q42,P1_bias2h,1481.8549232663747,2490.9877497070756,53467.70851607554,0.0,0.0,53467.70851607554,0.0,53467.70851607554,73496.64950957839,73496.64950957839,0.0,0.0,0.0,3010.8007987092496,19648.477282837786,15007.04705530197,30
2025-08-22,q42,P1_bias2h,2490.9877497070756,3624.185649918195,23134.312001200375,0.0,0.0,23134.312001200375,644.4842262151475,23778.79622741552,41159.30248384387,41159.30248384387,0.0,0.0,113.99693236122036,15882.253454625206,16529.465533630948,12368.988972051066,30
2025-08-23,q42,P1_bias2h,3624.185649918195,7032.659248176534,23905.235380563838,0.0,0.0,23905.235380563838,0.0,23905.235380563838,44385.459531587796,44385.459531587796,0.0,0.0,0.0,14969.115255493882,20098.483619270562,13212.145493176648,30
2025-08-24,q42,P1_bias2h,7032.659248176534,1938.9163980870826,50088.79500928554,0.0,0.0,50088.79500928554,0.0,50088.79500928554,65392.9974669973,65392.9974669973,0.0,0.0,0.0,3054.840935170703,16783.871650388242,18179.30460189497,30
2025-08-25,q42,P1_bias2h,1938.9163980870826,1962.9877617573131,57427.61911195107,0.0,0.0,57427.61911195107,0.0,57427.61911195107,78822.1287007948,78822.1287007948,0.0,0.0,0.0,4162.993796051813,20338.86137249016,16452.813484413822,30
2025-08-26,q42,P1_bias2h,1962.9877617573131,2105.158921913194,52837.885172373106,0.0,0.0,52837.885172373106,0.0,52837.885172373106,71237.89088957268,71237.89088957268,0.0,0.0,0.0,1834.914645765728,19716.86219122802,15842.704330754405,30
2025-08-27,q42,P1_bias2h,2105.158921913194,1541.223844260432,52697.95238478275,0.0,0.0,52697.95238478275,0.0,52697.95238478275,71321.44367113535,71321.44367113535,0.0,0.0,0.0,0.0,20604.401970295625,17197.10716582694,30
2025-08-28,q42,P1_bias2h,1541.223844260432,1560.7971800003463,52548.59469214671,0.0,0.0,52548.59469214671,20752.36658235568,73300.96127450239,71692.93772432194,71692.93772432194,0.0,0.0,2693.321531870474,82.90284153587754,18515.502258722576,14979.940827399369,30
2025-08-29,q42,P1_bias2h,1560.7971800003463,7755.009600671878,25840.33793182216,0.0,0.0,25840.33793182216,0.0,25840.33793182216,47457.44076804835,47457.44076804835,0.0,0.0,0.0,15262.292214277852,21395.45802719013,11755.529823419629,30
2025-08-30,q42,P1_bias2h,7755.009600671878,8051.553077256711,23583.152868935336,0.0,0.0,23583.152868935336,376.69557695953387,23959.84844589487,41905.59136977767,41905.59136977767,0.0,0.0,189.65892598961028,19290.44886267688,21185.223530687992,16893.14193093092,30
2025-08-31,q42,P1_bias2h,8051.553077256711,2339.512125890334,48727.40103444985,0.0,0.0,48727.40103444985,0.0,48727.40103444985,64617.21806396806,64617.21806396806,0.0,0.0,0.0,271.2214774679603,14948.475575771117,17249.102072604346,30
2025-09-01,q42,P1_bias2h,2339.512125890334,5783.371648511894,47667.87216451265,0.0,0.0,47667.87216451265,0.0,47667.87216451265,73133.15488603557,73133.15488603557,0.0,0.0,0.0,12761.30915868768,19464.40854555342,12666.697351538867,30
2025-09-02,q42,P1_bias2h,5783.371648511894,2686.619697793585,35912.01777946972,0.0,0.0,35912.01777946972,4877.188600485403,40789.206379955125,53579.03566320866,53579.03566320866,0.0,0.0,912.4166972446939,27.802511901507387,16805.10923262278,16399.21523407093,30
2025-09-03,q42,P1_bias2h,2686.619697793585,1596.0492252716501,39556.15658879347,0.0,0.0,39556.15658879347,624.8524183034003,40181.00900709687,59790.54450750466,59790.54450750466,0.0,0.0,111.27071384606882,1718.7056835569829,19036.345858228862,16400.953570435115,30
2025-09-04,q42,P1_bias2h,1596.0492252716501,2171.6262095294546,39114.72856013244,0.0,0.0,39114.72856013244,1241.7522325392408,40356.48079267168,60373.79797872668,60373.79797872668,0.0,0.0,182.27676412697213,2184.741940466107,20672.35771871334,16226.590466325793,30
2025-09-05,q42,P1_bias2h,2171.6262095294546,7350.113530776952,18080.487935041412,0.0,0.0,18080.487935041412,0.0,18080.487935041412,38645.99886906884,38645.99886906884,0.0,0.0,0.0,23532.71069141344,19096.77853613677,10807.752025148035,30
2025-09-06,q42,P1_bias2h,7350.113530776952,6816.264052157111,14439.975052712432,0.0,0.0,14439.975052712432,657.8766726897475,15097.851725402179,31115.712992850385,31115.712992850385,0.0,0.0,201.9843632050172,20666.32727771764,17951.32057418748,15021.034195849716,30
2025-09-07,q42,P1_bias2h,6816.264052157111,1674.9155253679626,32275.955222731332,0.0,0.0,32275.955222731332,25086.283355614563,57362.238578345896,48333.39646842926,48333.39646842926,0.0,0.0,4642.364587188495,0.0,13905.2163845333,15890.43894558221,30
2025-09-08,q42,P1_bias2h,1674.9155253679626,4431.661081203992,41575.26142864516,0.0,0.0,41575.26142864516,6311.943585699442,47887.205014344596,64669.19564088878,64669.19564088878,0.0,0.0,1379.7757407368877,0.8751916078402928,21955.029770695073,15302.503114010578,30
2025-09-09,q42,P1_bias2h,4431.661081203992,6076.865419520036,39930.889313583626,0.0,0.0,39930.889313583626,3947.4209042541424,43878.31021783777,61138.310914492904,61138.310914492904,0.0,0.0,693.7661737072647,3202.84578979427,21293.22698555158,15766.829953812341,30
2025-09-10,q42,P1_bias2h,6076.865419520036,2662.586000116953,40342.85817054128,0.0,0.0,40342.85817054128,7353.0442823015055,47695.90245284278,60332.44483637325,60332.44483637325,0.0,0.0,1292.7283517103876,43.20686591764934,17572.732366467208,17306.764694301222,30
2025-09-11,q42,P1_bias2h,2662.586000116953,5432.655125283412,43058.26858769104,0.0,0.0,43058.26858769104,1.7330640390880898,43060.00165173013,67423.70868321942,67423.70868321942,0.0,0.0,0.25949899514682784,6921.822622525396,23752.618756347558,16746.558979991707,30
2025-09-12,q42,P1_bias2h,5432.655125283412,10800.0,18500.620484286344,0.0,0.0,18500.620484286344,0.0,18500.620484286344,40508.929972589714,40508.929972589714,0.0,0.0,0.0,20085.316247035647,21270.248096363845,12398.290570809784,30
2025-09-13,q42,P1_bias2h,10800.0,10060.318616217548,14634.371660398949,0.0,0.0,14634.371660398949,0.0,14634.371660398949,32280.221277220648,32280.221277220648,0.0,0.0,0.0,20954.828039959335,20968.447364906286,17650.155610978305,30
2025-09-14,q42,P1_bias2h,10060.318616217548,3943.702148730045,35002.324269078905,0.0,0.0,35002.324269078905,32427.693952935457,67430.01822201436,51896.741730472044,51896.741730472044,0.0,0.0,5225.265365954588,0.0,13303.353511396765,16280.671164970134,30
2025-09-15,q42,P1_bias2h,3943.702148730045,6418.534192145833,42137.14451739164,0.0,0.0,42137.14451739164,0.0,42137.14451739164,63759.35648117319,63759.35648117319,0.0,0.0,0.0,1910.4165017698692,23971.371089451517,17189.461743381522,30
2025-09-16,q42,P1_bias2h,6418.534192145833,3888.9993390414897,42430.96057370325,0.0,0.0,42430.96057370325,0.0,42430.96057370325,62586.8683168041,62586.8683168041,0.0,0.0,0.0,2207.6120629640227,16652.987570003486,15765.501299496735,30
2025-09-17,q42,P1_bias2h,3888.9993390414897,6525.016853963075,44750.60701615551,0.0,0.0,44750.60701615551,38.19542291666694,44788.80243907218,67729.05092014164,67729.05092014164,0.0,0.0,7.62916666666672,1121.693142240139,22539.225163888106,15884.356619319939,30
2025-09-18,q42,P1_bias2h,6525.016853963075,4403.18279734146,39696.95744995418,0.0,0.0,39696.95744995418,5553.519923437957,45250.47737339213,59449.27470852327,59449.27470852327,0.0,0.0,875.1998492828681,60.40123922864541,16935.120278264643,15627.098076353817,30
2025-09-19,q42,P1_bias2h,4403.18279734146,10506.102497935208,18510.585090565655,0.0,0.0,18510.585090565655,0.0,18510.585090565655,40705.32745298438,40705.32745298438,0.0,0.0,0.0,14709.893499321644,23165.546876114167,13271.465239118106,30
2025-09-20,q42,P1_bias2h,10506.102497935208,9531.386472294218,14679.090765355555,0.0,0.0,14679.090765355555,274.8707811773854,14953.96154653294,32437.471696390738,32437.471696390738,0.0,0.0,95.07020293834333,13654.325855866518,21631.71964845329,18398.937338324064,30
2025-09-21,q42,P1_bias2h,9531.386472294218,4038.7559787694518,39702.74781691909,0.0,0.0,39702.74781691909,0.0,39702.74781691909,57882.822353926415,57882.822353926415,0.0,0.0,0.0,1633.3515989671168,15291.31955683288,17329.336285206915,30
2025-09-22,q42,P1_bias2h,4038.7559787694518,4527.353832537193,46030.79063128197,0.0,0.0,46030.79063128197,0.0,46030.79063128197,67915.09446395273,67915.09446395273,0.0,0.0,0.0,3214.028898467971,19196.35586189716,15109.310179745728,30
2025-09-23,q42,P1_bias2h,4527.353832537193,3875.651054874849,45133.23399152112,0.0,0.0,45133.23399152112,0.0,45133.23399152112,66581.33693045104,66581.33693045104,0.0,0.0,0.0,1289.7248750289689,19797.5209051834,16622.524433094666,30
2025-09-24,q42,P1_bias2h,3875.651054874849,3391.85408320414,42943.863939708695,0.0,0.0,42943.863939708695,4121.256891127884,47065.12083083658,63645.604505840674,63645.604505840674,0.0,0.0,657.0561100624295,15.384517945221319,19260.359328744904,16036.308330787011,30
2025-09-25,q42,P1_bias2h,3391.85408320414,6072.436668504036,45903.00456916138,0.0,0.0,45903.00456916138,106.25664583333257,46009.26121499471,69836.83854701355,69836.83854701355,0.0,0.0,15.371666666666556,2887.301650872955,22194.3965054597,15564.936842652445,30
2025-09-26,q42,P1_bias2h,6072.436668504036,9888.769510216924,16829.433565905172,0.0,0.0,16829.433565905172,0.0,16829.433565905172,37682.141674128274,37682.141674128274,0.0,0.0,0.0,12640.583516762648,20592.71105170544,13245.396394339816,30
2025-09-27,q42,P1_bias2h,9888.769510216924,8496.221993671574,15204.44846956325,0.0,0.0,15204.44846956325,1563.8085996692544,16768.257069232503,32811.50051249007,32811.50051249007,0.0,0.0,374.9433485755125,12719.143926900375,20627.84446871592,17961.84678455071,30
2025-09-28,q42,P1_bias2h,8496.221993671574,7615.385284480327,45711.622271747096,0.0,0.0,45711.622271747096,0.0,45711.622271747096,66899.61250784015,66899.61250784015,0.0,0.0,0.0,630.3663989821109,18812.473581386854,16030.856639195476,30
2025-09-29,q42,P1_bias2h,7615.385284480327,5582.970676807243,45753.99594530741,0.0,0.0,45753.99594530741,49.40652035975677,45803.40246566717,67102.24948535148,67102.24948535148,0.0,0.0,9.566564112645324,2769.6652155476486,17954.907267485603,16372.648033569118,30
2025-09-30,q42,P1_bias2h,5582.970676807243,5355.589116339892,46957.16001304038,0.0,0.0,46957.16001304038,483.80053383861605,47440.960546878996,69212.83420694643,69212.83420694643,0.0,0.0,76.83642243128978,286.6778468571547,19923.48115933948,16342.663143485588,30
2025-10-01,q42,P1_bias2h,5355.589116339892,6417.508159962733,43172.27976339527,0.0,0.0,43172.27976339527,0.0,43172.27976339527,66268.4081516017,66268.4081516017,0.0,0.0,0.0,12452.02797555186,16837.534228715576,12682.675585999055,30
2025-10-02,q42,P1_bias2h,6417.508159962733,6301.70683041814,40824.82072759897,0.0,0.0,40824.82072759897,0.0,40824.82072759897,63424.37953781038,63424.37953781038,0.0,0.0,0.0,8395.673928371307,17906.019417697633,14608.096924925214,30
2025-10-03,q42,P1_bias2h,6301.70683041814,10800.0,14930.390764918126,0.0,0.0,14930.390764918126,0.0,14930.390764918126,36026.99412669945,36026.99412669945,0.0,0.0,0.0,19896.559577286163,22446.405246261136,14133.124396847848,30
2025-10-04,q42,P1_bias2h,10800.0,9575.797581284805,12730.775688640113,0.0,0.0,12730.775688640113,1926.4219976826566,14657.19768632277,29556.752655865497,29556.752655865497,0.0,0.0,592.9463566520615,14369.30878746858,19927.31562399643,17242.907832280784,30
2025-10-05,q42,P1_bias2h,9575.797581284805,3369.3262044021617,36571.538215218316,0.0,0.0,36571.538215218316,0.0,36571.538215218316,55155.619859163795,55155.619859163795,0.0,0.0,0.0,3691.1060168169133,12180.93165723474,15452.378881554516,30
2025-10-06,q42,P1_bias2h,3369.3262044021617,4153.323930980316,39733.28981817019,0.0,0.0,39733.28981817019,4768.743353762377,44502.03317193257,61521.525439561345,61521.525439561345,0.0,0.0,734.0631569760048,38.495471699454015,19886.24168903978,15402.257814201877,30
2025-10-07,q42,P1_bias2h,4153.323930980316,7999.135047337604,41998.599209825756,0.0,0.0,41998.599209825756,0.0,41998.599209825756,67160.28211002407,67160.28211002407,0.0,0.0,0.0,971.1071904921041,26086.220604265312,17668.608684733343,30
2025-10-08,q42,P1_bias2h,7999.135047337604,8127.836162112285,39168.00198266079,0.0,0.0,39168.00198266079,0.0,39168.00198266079,61516.54035995926,61516.54035995926,0.0,0.0,0.0,900.7449867480427,21165.62475393339,17028.325047388833,30
2025-10-09,q42,P1_bias2h,8127.836162112285,8060.281569312895,41401.39416184011,0.0,0.0,41401.39416184011,0.0,41401.39416184011,65684.42985368139,65684.42985368139,0.0,0.0,0.0,6188.884179367281,19980.85855000125,16245.294559020462,30
2025-10-10,q42,P1_bias2h,8060.281569312895,10800.0,14369.677774074644,0.0,0.0,14369.677774074644,0.0,14369.677774074644,35388.90806640068,35388.90806640068,0.0,0.0,0.0,19010.288827244367,24048.74597300662,17013.737650516967,30
2025-10-11,q42,P1_bias2h,10800.0,9021.13392076678,12679.562751277474,0.0,0.0,12679.562751277474,0.0,12679.562751277474,30627.5120472868,30627.5120472868,0.0,0.0,0.0,14372.437562473075,19735.475646264727,17586.714744784334,30
2025-10-12,q42,P1_bias2h,9021.13392076678,7117.081174022256,37649.51494787316,0.0,0.0,37649.51494787316,4168.086732927866,41817.60168080103,59617.68642223144,59617.68642223144,0.0,0.0,677.8846262238205,30.597337500028402,18229.816840484113,16479.799112862216,30
2025-10-13,q42,P1_bias2h,7117.081174022256,8067.28796509964,41416.24424877649,0.0,0.0,41416.24424877649,0.0,41416.24424877649,65355.609720697306,65355.609720697306,0.0,0.0,0.0,3545.4743686643624,20671.33652664894,15888.596474616,30
2025-10-14,q42,P1_bias2h,8067.28796509964,7993.810265453241,42217.18980819832,0.0,0.0,42217.18980819832,728.1360089912071,42945.32581718953,65990.28697681784,65990.28697681784,0.0,0.0,143.10110491757771,1266.2015184012143,21892.03794569801,17798.680665697146,30
2025-10-15,q42,P1_bias2h,7993.810265453241,8475.58913020111,43082.12175110915,0.0,0.0,43082.12175110915,0.0,43082.12175110915,67492.83234667266,67492.83234667266,0.0,0.0,0.0,1095.2990349390934,21283.72991294994,16806.22025121637,30
2025-10-16,q42,P1_bias2h,8475.58913020111,8408.13147459832,42486.70593232234,0.0,0.0,42486.70593232234,5026.4486196062735,47513.15455192861,66046.44967037355,66046.44967037355,0.0,0.0,901.3165995749814,27.650918408506982,21128.180482013428,17174.538080473387,30
2025-10-17,q42,P1_bias2h,8408.13147459832,10030.916362032236,14210.127705829826,0.0,0.0,14210.127705829826,0.0,14210.127705829826,34468.80119717152,34468.80119717152,0.0,0.0,0.0,12817.44006508251,22035.028509114825,16387.86669369249,30
2025-10-18,q42,P1_bias2h,10030.916362032236,9610.674983365408,13473.124791802202,0.0,0.0,13473.124791802202,0.0,13473.124791802202,32366.127290059776,32366.127290059776,0.0,0.0,0.0,12720.702402053586,20773.941379682477,17205.109758342955,30
2025-10-19,q42,P1_bias2h,9610.674983365408,7226.100832334108,43214.47133293601,0.0,0.0,43214.47133293601,0.0,43214.47133293601,65729.16504508967,65729.16504508967,0.0,0.0,0.0,185.74812032770603,20020.05856503578,18362.36417360715,30
2025-10-20,q42,P1_bias2h,7226.100832334108,8530.532289209275,46574.33690961203,0.0,0.0,46574.33690961203,0.0,46574.33690961203,72086.89535102254,72086.89535102254,0.0,0.0,0.0,2174.482303990673,22619.17036409246,17147.539683727242,30
2025-10-21,q42,P1_bias2h,8530.532289209275,8002.596413588757,46203.737935164194,0.0,0.0,46203.737935164194,0.0,46203.737935164194,70192.3306591075,70192.3306591075,0.0,0.0,0.0,182.15566640067607,21172.294372448865,17624.700729742042,30
2025-10-22,q42,P1_bias2h,8002.596413588757,8658.012304318036,46713.65788518855,0.0,0.0,46713.65788518855,0.0,46713.65788518855,71985.19220009916,71985.19220009916,0.0,0.0,0.0,1031.3540451336303,25310.87975425883,19911.938299293295,30
2025-10-23,q42,P1_bias2h,8658.012304318036,8470.026846750327,47961.97561093583,0.0,0.0,47961.97561093583,0.0,47961.97561093583,73691.72645527343,73691.72645527343,0.0,0.0,0.0,6746.524406372986,19657.32593356865,16091.620918001541,30
2025-10-24,q42,P1_bias2h,8470.026846750327,9804.58506908753,14374.034825727478,0.0,0.0,14374.034825727478,78.92164877262485,14452.956474500103,35276.1926927801,35276.1926927801,0.0,0.0,18.87174767398968,11407.327922470256,22455.70211165102,16988.01631033385,30
2025-10-25,q42,P1_bias2h,9804.58506908753,9741.169322231566,13904.993723529115,0.0,0.0,13904.993723529115,0.0,13904.993723529115,34111.40017920737,34111.40017920737,0.0,0.0,0.0,10465.619221230341,22654.85472007405,18407.506495430353,30
2025-10-26,q42,P1_bias2h,9741.169322231566,7516.417938681995,45470.02315627378,0.0,0.0,45470.02315627378,0.0,45470.02315627378,68830.69396623336,68830.69396623336,0.0,0.0,0.0,2894.9814814947495,17861.456385613466,16470.055917541515,30
2025-10-27,q42,P1_bias2h,7516.417938681995,7811.232341568688,45265.07197186591,0.0,0.0,45265.07197186591,0.0,45265.07197186591,69932.79913769045,69932.79913769045,0.0,0.0,0.0,2103.507593601841,21112.51007802065,16835.8002005987,30
2025-10-28,q42,P1_bias2h,7811.232341568688,7681.236839729381,45694.14205620145,0.0,0.0,45694.14205620145,1521.9071291864334,47216.04918538788,69425.41658985065,69425.41658985065,0.0,0.0,259.61941036578276,5.079390618797447,20129.109796068456,16421.574886470833,30
2025-10-29,q42,P1_bias2h,7681.236839729381,7809.036027948741,48157.50447514873,0.0,0.0,48157.50447514873,2920.9773339898647,51078.4818091386,73306.337202602,73306.337202602,0.0,0.0,474.9970074167872,202.78573452961768,21848.80213732498,17582.51046183581,30
2025-10-30,q42,P1_bias2h,7809.036027948741,8232.918228428152,47028.12133372369,0.0,0.0,47028.12133372369,0.0,47028.12133372369,71093.33210467048,71093.33210467048,0.0,0.0,0.0,1631.7254313447656,22591.026541548654,17917.237518222933,30
2025-10-31,q42,P1_bias2h,8232.918228428152,10725.240024497694,15181.121435451652,0.0,0.0,15181.121435451652,0.0,15181.121435451652,36681.3144291327,36681.3144291327,0.0,0.0,0.0,6261.541524301866,22486.26958790304,15970.788749738878,30
2025-11-01,q42,P1_bias2h,10725.240024497694,10559.444256068755,13940.618443282088,0.0,0.0,13940.618443282088,0.0,13940.618443282088,33750.19291806737,33750.19291806737,0.0,0.0,0.0,7376.582285268034,20940.991531852884,17111.419332386882,30
2025-11-02,q42,P1_bias2h,10559.444256068755,8407.94468652165,47735.85954858413,0.0,0.0,47735.85954858413,695.0586796975929,48430.91822828172,71056.25192646368,71056.25192646368,0.0,0.0,133.0186435726869,169.66347955206322,21892.488261807193,19669.265104656217,30
2025-11-03,q42,P1_bias2h,8407.94468652165,8703.626302762796,51351.03051922125,0.0,0.0,51351.03051922125,0.0,51351.03051922125,76182.90851913454,76182.90851913454,0.0,0.0,0.0,2258.6651256198,21858.945555601993,17439.632445420582,30
2025-11-04,q42,P1_bias2h,8703.626302762796,8996.648741411387,49423.02716445065,0.0,0.0,49423.02716445065,0.0,49423.02716445065,74295.88746628126,74295.88746628126,0.0,0.0,0.0,2297.0217437756,21868.807865203125,17450.014176030796,30
2025-11-05,q42,P1_bias2h,8996.648741411387,10118.584811376919,52005.470987593,0.0,0.0,52005.470987593,0.0,52005.470987593,77099.2541496305,77099.2541496305,0.0,0.0,0.0,2267.3125370996618,21811.468857343163,16657.54731147899,30
2025-11-06,q42,P1_bias2h,10118.584811376919,7103.97535292652,49627.65845373379,0.0,0.0,49627.65845373379,1325.6760981244993,50953.334551858294,72149.21351547605,72149.21351547605,0.0,0.0,255.33424971148344,128.78700661674554,19049.077479874533,18142.901271303737,30
2025-11-07,q42,P1_bias2h,7103.97535292652,10683.567747952256,15662.928241673058,0.0,0.0,15662.928241673058,527.8760057944305,16190.80424746749,38470.1394967116,38470.1394967116,0.0,0.0,104.31299164505711,7245.111454511122,25206.558394679163,17195.67914416696,30
2025-11-08,q42,P1_bias2h,10683.567747952256,10541.095791148944,14681.698739112586,0.0,0.0,14681.698739112586,0.0,14681.698739112586,34837.02294162416,34837.02294162416,0.0,0.0,0.0,7273.590317897964,20528.685709732526,16756.460186006334,30
2025-11-09,q42,P1_bias2h,10541.095791148944,9103.356174491688,50949.843960912636,0.0,0.0,50949.843960912636,371.9277750215566,51321.77173593419,74977.98101797553,74977.98101797553,0.0,0.0,57.480530874207034,1108.6104702820785,20389.471316978164,17809.437421743838,30
2025-11-10,q42,P1_bias2h,9103.356174491688,8367.326009982633,52534.72333896867,0.0,0.0,52534.72333896867,4334.74778080535,56869.471119774025,76560.45865636782,76560.45865636782,0.0,0.0,756.4760502365567,21.173807142945975,21577.604986945153,18140.287187483722,30
2025-11-11,q42,P1_bias2h,8367.326009982633,6575.651555160674,53085.57497775655,0.0,0.0,53085.57497775655,0.0,53085.57497775655,76708.80988658723,76708.80988658723,0.0,0.0,0.0,3253.154583713035,18469.17181867,16572.53618246246,30
2025-11-12,q42,P1_bias2h,6575.651555160674,6529.144920309244,52493.893539412886,0.0,0.0,52493.893539412886,0.0,52493.893539412886,77021.44824854507,77021.44824854507,0.0,0.0,0.0,1999.8029095641064,21618.49242288031,17552.83483389934,30
2025-11-13,q42,P1_bias2h,6529.144920309244,4998.189244107729,52131.88680003283,0.0,0.0,52131.88680003283,1760.2364417834679,53892.1232418163,75217.40980059098,75217.40980059098,0.0,0.0,286.71517269129924,534.0337889438032,20800.420927648265,18226.20105997646,30
2025-11-14,q42,P1_bias2h,4998.189244107729,10541.328515181534,16560.475979569263,0.0,0.0,16560.475979569263,0.0,16560.475979569263,40905.65489024628,40905.65489024628,0.0,0.0,0.0,3668.45419629953,24473.263420949115,14834.518027002361,30
2025-11-15,q42,P1_bias2h,10541.328515181534,10403.876779938364,15408.741139687938,0.0,0.0,15408.741139687938,0.0,15408.741139687938,35576.58906403843,35576.58906403843,0.0,0.0,0.0,3428.7480052663577,21366.63528328559,17430.681141180183,30
2025-11-16,q42,P1_bias2h,10403.876779938364,8456.689198484713,53925.67928891229,0.0,0.0,53925.67928891229,0.0,53925.67928891229,77151.82113492247,77151.82113492247,0.0,0.0,0.0,305.64972668247697,21916.29393797341,19504.666913066743,30
2025-11-17,q42,P1_bias2h,8456.689198484713,8937.304113556094,53751.3468438518,0.0,0.0,53751.3468438518,0.0,53751.3468438518,78005.1892889715,78005.1892889715,0.0,0.0,0.0,314.4810170391197,24012.634289656904,19017.680351057854,30
2025-11-18,q42,P1_bias2h,8937.304113556094,6956.487294329739,53516.674984014644,0.0,0.0,53516.674984014644,2013.6450742524985,55530.32005826714,76691.33533465225,76691.33533465225,0.0,0.0,375.1238584548663,23.697632091977994,20710.23613150286,18558.026403821044,30
2025-11-19,q42,P1_bias2h,6956.487294329739,9183.703520224826,56466.80407165621,0.0,0.0,56466.80407165621,2711.123978446253,59177.92805010246,81734.84249427015,81734.84249427015,0.0,0.0,484.01020714338983,66.37370127999714,25156.172614883995,18372.005214750458,30
2025-11-20,q42,P1_bias2h,9183.703520224826,9970.092376047567,54968.33525177394,0.0,0.0,54968.33525177394,0.0,54968.33525177394,80625.38496925478,80625.38496925478,0.0,0.0,0.0,639.4258628942973,23605.963698877316,18413.08062585016,30
2025-11-21,q42,P1_bias2h,9970.092376047567,10718.404639362216,15416.268886778238,0.0,0.0,15416.268886778238,562.6279245265312,15978.896811304769,36316.691949802145,36316.691949802145,0.0,0.0,123.23246250947719,2744.6558890166107,21881.07062971141,17050.18617308307,30
2025-11-22,q42,P1_bias2h,10718.404639362216,10222.283568947718,15789.146745262282,0.0,0.0,15789.146745262282,0.0,15789.146745262282,36169.54975707685,36169.54975707685,0.0,0.0,0.0,2454.441753568981,20746.249913408374,17250.97139323383,30
2025-11-23,q42,P1_bias2h,10222.283568947718,9934.346557937843,55388.99311723473,0.0,0.0,55388.99311723473,641.0185834133995,56030.01170064813,79670.8265097806,79670.8265097806,0.0,0.0,135.02734550657314,401.13798439466194,23325.06788141095,19152.44829385176,30
2025-11-24,q42,P1_bias2h,9934.346557937843,9400.412016480766,54815.342233653784,0.0,0.0,54815.342233653784,82.66510185176388,54898.00733550555,79175.18367408392,79175.18367408392,0.0,0.0,15.64737873400793,977.5821076270138,23851.822802643663,19800.51755745273,30
2025-11-25,q42,P1_bias2h,9400.412016480766,7474.666740026769,57317.83064655165,0.0,0.0,57317.83064655165,0.0,57317.83064655165,80860.60919626805,80860.60919626805,0.0,0.0,0.0,2575.0830478303183,20263.349634629958,18146.483952858875,30
2025-11-26,q42,P1_bias2h,7474.666740026769,6456.931191422418,56643.68478850864,0.0,0.0,56643.68478850864,0.0,56643.68478850864,80078.64924964169,80078.64924964169,0.0,0.0,0.0,254.94184907915178,20957.907952490194,17891.867435260967,30
2025-11-27,q42,P1_bias2h,6456.931191422418,8535.083596382457,57602.00701912326,0.0,0.0,57602.00701912326,0.0,57602.00701912326,82948.43751465024,82948.43751465024,0.0,0.0,0.0,580.0027294713286,24827.394144113427,18239.852092267844,30
2025-11-28,q42,P1_bias2h,8535.083596382457,10539.03826173699,15922.318045860451,0.0,0.0,15922.318045860451,65.92928970134706,15988.247335561799,38880.44202824427,38880.44202824427,0.0,0.0,16.463800649605957,1530.500979954402,24429.511053265232,17984.344754325757,30
2025-11-29,q42,P1_bias2h,10539.03826173699,10347.801854416288,17031.57023264962,0.0,0.0,17031.57023264962,0.0,17031.57023264962,40108.50230515568,40108.50230515568,0.0,0.0,0.0,1130.4967333684856,22214.043359872805,18165.487888085616,30
2025-11-30,q42,P1_bias2h,10347.801854416288,9101.49568590698,58482.77882497093,0.0,0.0,58482.77882497093,4850.833021380782,63333.611846351705,82461.93295299885,82461.93295299885,0.0,0.0,817.7566178389229,11.420501542095735,21816.40265414414,18792.96170151513,30
2025-12-01,q42,P1_bias2h,9101.49568590698,6682.749045708474,63877.06717195849,0.0,0.0,63877.06717195849,21330.165028782314,85207.23220074081,83771.89498378633,83771.89498378633,0.0,0.0,4309.27062810528,128.17689923796172,20162.80502894202,18508.744049621695,30
2025-12-02,q42,P1_bias2h,6682.749045708474,10687.198470071926,75736.28056010994,0.0,0.0,75736.28056010994,2332.587751479907,78068.86831158985,97743.65759505652,97743.65759505652,0.0,0.0,351.77133368827606,928.4926756356613,25921.693795694948,17392.567492585804,30
2025-12-03,q42,P1_bias2h,10687.198470071926,8109.907795184521,69263.78410480802,0.0,0.0,69263.78410480802,1097.245761002488,70361.0298658105,88508.95238956323,88508.95238956323,0.0,0.0,183.24221086573016,40.74960893911236,20043.463327483467,18554.76690266028,30
2025-12-04,q42,P1_bias2h,8109.907795184521,9501.748626782055,72403.80228413714,0.0,0.0,72403.80228413714,191.1219387763727,72594.92422291351,94033.97630654441,94033.97630654441,0.0,0.0,26.924609526165682,1658.0723469547424,23047.17405620026,17415.554237084427,30
2025-12-05,q42,P1_bias2h,9501.748626782055,10800.0,20571.06063665259,0.0,0.0,20571.06063665259,5413.497915438513,25984.558552091105,46025.82596380728,46025.82596380728,0.0,0.0,1290.3272966539703,531.3702728740328,22656.46878083018,17183.313476576295,30
2025-12-06,q42,P1_bias2h,10800.0,10623.538677823572,22544.35529044163,0.0,0.0,22544.35529044163,531.0080111372915,23075.36330157892,47927.7870897963,47927.7870897963,0.0,0.0,121.94634053754487,49.33146342041334,23655.717580029275,19319.946429782503,30
2025-12-07,q42,P1_bias2h,10623.538677823572,9788.343247749815,77018.43219749338,0.0,0.0,77018.43219749338,0.0,77018.43219749338,97276.90926384018,97276.90926384018,0.0,0.0,0.0,6707.530188236176,19307.2300666863,16390.532241082285,30
2025-12-08,q42,P1_bias2h,9788.343247749815,5849.536267813098,70329.9984805101,0.0,0.0,70329.9984805101,0.0,70329.9984805101,90634.2312658838,90634.2312658838,0.0,0.0,0.0,2761.792670968628,18790.28294837664,18765.05547012812,30
2025-12-09,q42,P1_bias2h,5849.536267813098,3994.436392692272,70309.50219843935,0.0,0.0,70309.50219843935,10.127470180353248,70319.6296686197,92450.6124587683,92450.6124587683,0.0,0.0,1.3700581953941082,2665.757956583988,21407.158849061976,19009.388555348938,30
2025-12-10,q42,P1_bias2h,3994.436392692272,7225.138683199156,72374.24907832999,0.0,0.0,72374.24907832999,0.0,72374.24907832999,96701.63243195179,96701.63243195179,0.0,0.0,0.0,154.09806750329938,27643.59913855589,19483.683240774073,30
2025-12-11,q42,P1_bias2h,7225.138683199156,9104.632010808371,70652.90761963512,0.0,0.0,70652.90761963512,0.0,70652.90761963512,95832.48581316457,95832.48581316457,0.0,0.0,0.0,3446.271066962925,24912.716059754544,18487.75601355288,30
2025-12-12,q42,P1_bias2h,9104.632010808371,10322.209105646223,20573.429500404498,0.0,0.0,20573.429500404498,13354.075527880053,33927.50502828455,46286.81431539663,46286.81431539663,0.0,0.0,2604.119516706307,23.075437485436737,21355.923820684762,16202.478909400594,30
2025-12-13,q42,P1_bias2h,10322.209105646223,10308.456892418262,22539.45866866807,0.0,0.0,22539.45866866807,0.0,22539.45866866807,48491.99527043982,48491.99527043982,0.0,0.0,0.0,648.474334305782,21354.550235294068,17309.562682493364,30
2025-12-14,q42,P1_bias2h,10308.456892418262,5471.981541580558,72189.15725919508,0.0,0.0,72189.15725919508,0.0,72189.15725919508,90829.0907661628,90829.0907661628,0.0,0.0,0.0,3003.4514889621414,17893.396278708347,18846.478801507692,30
2025-12-15,q42,P1_bias2h,5471.981541580558,6616.48524956615,71880.09809694065,0.0,0.0,71880.09809694065,1982.7910844432683,73862.88918138391,94920.12115860195,94920.12115860195,0.0,0.0,275.6754067878642,46.15465353637296,24473.84530526181,18793.761360075034,30
2025-12-16,q42,P1_bias2h,6616.48524956615,9379.577086705483,74044.81215677242,0.0,0.0,74044.81215677242,0.0,74044.81215677242,98492.07973895203,98492.07973895203,0.0,0.0,0.0,1628.9188857319496,26096.24666558612,18651.177145699363,30
2025-12-17,q42,P1_bias2h,9379.577086705483,8003.765158083219,72414.60717182403,0.0,0.0,72414.60717182403,0.0,72414.60717182403,93948.78262323423,93948.78262323423,0.0,0.0,0.0,3043.572626751946,20797.86139776664,18084.498467951016,30
2025-12-18,q42,P1_bias2h,8003.765158083219,8545.992226098064,70686.16261047992,0.0,0.0,70686.16261047992,0.0,70686.16261047992,93868.47855345241,93868.47855345241,0.0,0.0,0.0,1615.104705235708,23153.17115966679,18266.064278116744,30
2025-12-19,q42,P1_bias2h,8545.992226098064,9713.435648142271,20889.10332783121,0.0,0.0,20889.10332783121,6586.248201768557,27475.351529599768,46836.14979687031,46836.14979687031,0.0,0.0,1309.7774628972263,6.849694982533947,21999.932552343264,16769.24628755826,30
2025-12-20,q42,P1_bias2h,9713.435648142271,10183.94621439725,22184.623647678356,0.0,0.0,22184.623647678356,0.0,22184.623647678356,48783.293689905855,48783.293689905855,0.0,0.0,0.0,1193.0485153090754,22686.491657722672,17952.598733125888,30
2025-12-21,q42,P1_bias2h,10183.94621439725,8568.31422057093,72198.1334062166,0.0,0.0,72198.1334062166,0.0,72198.1334062166,94152.85376777005,94152.85376777005,0.0,0.0,0.0,2428.7872950123196,21791.333687025046,19105.049080933975,30
2025-12-22,q42,P1_bias2h,8568.31422057093,7301.793257752477,71144.63067899416,0.0,0.0,71144.63067899416,0.0,71144.63067899416,92283.94106036065,92283.94106036065,0.0,0.0,0.0,361.4409965929446,21710.220247215755,18725.147266781372,30
2025-12-23,q42,P1_bias2h,7301.793257752477,7673.157802958508,72329.13536830872,0.0,0.0,72329.13536830872,0.0,72329.13536830872,95384.47118432922,95384.47118432922,0.0,0.0,0.0,3366.392818869998,23293.461797055046,18533.47596492916,30
2025-12-24,q42,P1_bias2h,7673.157802958508,9588.874381972913,71549.37110855227,0.0,0.0,71549.37110855227,0.0,71549.37110855227,95517.36825302878,95517.36825302878,0.0,0.0,0.0,1227.8438211536559,24793.79049523943,18358.82538003098,30
2025-12-25,q42,P1_bias2h,9588.874381972913,6422.6130571818885,67969.10924269576,0.0,0.0,67969.10924269576,180.16173597405358,68149.27097866981,89162.87650884307,89162.87650884307,0.0,0.0,32.00252087019298,266.2802859272256,20872.55475139284,19756.40454094013,30
2025-12-26,q42,P1_bias2h,6422.6130571818885,10166.048653574398,22957.03465855765,0.0,0.0,22957.03465855765,1015.1083133558017,23972.142971913454,51106.64374959291,51106.64374959291,0.0,0.0,199.0746345435124,116.8991081364868,25326.86739954396,17145.670556877347,30
2025-12-27,q42,P1_bias2h,10166.048653574398,10343.75354854699,21485.446449210183,0.0,0.0,21485.446449210183,0.0,21485.446449210183,48230.84989465745,48230.84989465745,0.0,0.0,0.0,606.1272480528348,21715.679865592763,17429.766285654812,30
2025-12-28,q42,P1_bias2h,10343.75354854699,7628.524805961322,69003.19038900024,0.0,0.0,69003.19038900024,0.0,69003.19038900024,90594.36177310903,90594.36177310903,0.0,0.0,0.0,2488.584881674912,19685.41057769072,18388.888436256588,30
2025-12-29,q42,P1_bias2h,7628.524805961322,6857.863139501495,69441.576654175,0.0,0.0,69441.576654175,0.0,69441.576654175,91996.37567023278,91996.37567023278,0.0,0.0,0.0,1031.2498782661335,21762.92118480966,18321.561659509665,30
2025-12-30,q42,P1_bias2h,6857.863139501495,8257.288467079306,70206.62521453085,0.0,0.0,70206.62521453085,0.0,70206.62521453085,95075.80945737605,95075.80945737605,0.0,0.0,0.0,2592.7247538584015,26311.575308934895,20052.89320541724,30
2025-12-31,q42,P1_bias2h,8257.288467079306,8339.264687495493,70290.93224466122,0.0,0.0,70290.93224466122,0.0,70290.93224466122,93868.48538499065,93868.48538499065,0.0,0.0,0.0,595.5154331141919,23961.939053518763,19335.392034975626,30
